doc_id,corpus,doc_ref,decision_date,chars,body_hash,canonical,passages
amcu:1,amcu,6-рк,2023-07-06,39330,99bebfb615b3ae190629ad0134cf1570,True,39
amcu:10,amcu,929-р,2025-12-04,2107,f489f92b5c0d05f1cc8c35ac2430e1d4,True,2
amcu:100,amcu,1019-р,2025-12-24,3763,4b4e7b2bd204f67e7017102884643db0,True,4
amcu:1000,amcu,221-р,2026-02-26,3403,b07f1dbc394cd149c6897a67355b1fc2,True,3
amcu:1001,amcu,222-р,2026-02-26,3397,74c7e60b64f8377f5d28228977b1b809,True,3
amcu:1002,amcu,223-р,2026-02-26,3396,d070d5e6652a28a0f345c1a4702eb56c,True,3
amcu:1003,amcu,224-р,2026-02-26,3392,468b6394b63d786a4087d1a183f344da,True,3
amcu:1004,amcu,225-р,2026-02-26,3379,adfae7b8c984c5887dc26a632935b507,True,3
amcu:1005,amcu,226-р,2026-02-26,3382,343ff7d49faf79b4e2faf2e8278904e9,True,3
amcu:1006,amcu,227-р,2026-02-26,3339,188c9be5b2de246a4769eb7e4b56c97d,True,3
amcu:1007,amcu,228-р,2026-02-26,3339,56f0ab5475b43c5d69fe351e4f98b441,True,3
amcu:1008,amcu,229-р,2026-02-26,3381,9640f14317c6cbe0fe4f59ca0e576e2c,True,3
amcu:1009,amcu,230-р,2026-02-26,3339,fc20c21f5f204761d01079d46b883b2d,True,3
amcu:101,amcu,1020-р,2025-12-24,4238,70f2905c5af08db506d9f0072de186fa,True,4
amcu:1010,amcu,231-р,2026-02-26,3339,59b5bff55d915a9109d4ea44b9c50d42,True,3
amcu:1011,amcu,392-р,2019-06-06,3123,2eceafbd20302b64a02aa41bd0f6a12e,True,3
amcu:1012,amcu,393-р,2019-06-06,2110,63bd4df441c89f8bb186d4a04d622846,True,2
amcu:1013,amcu,394-р,2019-06-06,4257,30386e550bea0c5e5a0d0e5d89362b78,True,4
amcu:1014,amcu,395-р,2019-06-06,4302,cb6f9277d6cead32c771d5d8d4d5d28d,True,4
amcu:1015,amcu,396-р,2019-06-06,2957,f1b3e5f9bc8a54e22269929a9b28941f,True,3
amcu:1016,amcu,397-р,2019-06-06,4600,3dee3f64b58a2680e4b809c2bf3a3cf0,True,5
amcu:1017,amcu,398-р,2019-06-06,4641,a1108a1625fb820e3e4b5b858b763cfb,True,5
amcu:1018,amcu,399-р,2019-06-06,5191,2bd152f15ce440e873364b4794ca231a,True,5
amcu:1019,amcu,400-р,2019-06-06,5209,94f13cf13a068dda3c9fac5fc1346927,True,5
amcu:102,amcu,1021-р,2025-12-24,3941,c7756734dee7dae9e47bfac4cd2110d3,True,4
amcu:1020,amcu,401-р,2019-06-06,4782,cccd8f2ed806af70a88b01c8f5a263e6,True,5
amcu:1021,amcu,402-р,2019-06-06,4785,c81da68b43522aad3b58d92a603cc927,True,5
amcu:1022,amcu,403-р,2019-06-06,4660,f04e29131d0046d85ec7cd76a3de168e,True,5
amcu:1023,amcu,404-р,2019-06-06,4575,d33e948d145bf73b0e9d3efaf78de8fc,True,5
amcu:1024,amcu,405-р,2019-06-06,3722,475f48bc9a41f5e8200b1e7e7c41e2df,True,4
amcu:1025,amcu,406-р,2019-06-06,4603,8fcef2f4b95e362d3f44756d655b02a4,True,5
amcu:1026,amcu,407-р,2019-06-06,3295,89df0d8203d243fb49e73fa6181463de,True,3
amcu:1027,amcu,408-р,2019-06-06,3312,9694b78b6846f9a81dcfb1b575b85a00,True,3
amcu:1028,amcu,409-р,2019-06-06,31846,5a0f56a26cf4eb6046c60e32db533e48,True,32
amcu:1029,amcu,410-р,2019-06-06,41673,da5f195e11a56a1c96a9eda906728278,True,40
amcu:103,amcu,1022-р,2025-12-24,3884,ba347eec92d5020ce987603ce530101b,True,4
amcu:1030,amcu,11-рк,2021-04-01,52445,53d44bb26b14d9b461580a3747155f85,True,52
amcu:1031,amcu,12-рк,2021-04-08,22605,67d25ccbec007b1e53cb9138e8791e28,True,23
amcu:10315,amcu,720-р,2018-12-13,99275,675b715b6781fdbfd2c241ac32b9d165,True,91
amcu:10316,amcu,721-р,2018-12-13,64713,3a6c47097e946a0ce488a16c5e1072f9,True,62
amcu:10317,amcu,722-р,2018-12-13,19734,019f128ee5729ce332f345d85435e50a,True,20
amcu:10318,amcu,723-р,2018-12-13,20020,9e3de2c42cb951f87b3b81dab4842ab4,True,20
amcu:10319,amcu,724-р,2018-12-13,16496,d916b78738a5fbd878a7f04dc0eae54e,True,16
amcu:1032,amcu,13-рк,2021-04-13,24871,59600dba1d72de2e6795f3a2aa6dbb6c,True,24
amcu:10320,amcu,725-р,2018-12-13,39579,7eb4e899bf7841fa077f74f70f6257f8,True,39
amcu:10323,amcu,686-р,2018-12-04,19957,a834ef402f1082dea2269663b317cb3b,True,20
amcu:10324,amcu,682-р,2018-12-04,42293,eb081a6902355ef2d8f38cbeecd9608a,True,41
amcu:10325,amcu,683-р,2018-12-04,21509,7817e502bb86bad04b2db612eabe08b3,True,21
amcu:10326,amcu,684-р,2018-12-04,19802,a358a494d986e611a8dd525d7ca5e760,True,20
amcu:10327,amcu,685-р,2018-12-04,16820,b941cefd5f6c0cbf2631e2727d681985,True,17
amcu:1033,amcu,14-рк,2021-04-22,18681,b089df7571d9ebe35370535adf619a3f,True,19
amcu:1034,amcu,15-рк,2021-04-29,27238,5b161b29dae83eac36cc43d202146068,True,27
amcu:1035,amcu,15,,2249,9b467b2531fe332ad3c5c558f43821d8,True,2
amcu:1036,amcu,124-р,2022-07-07,5459,23854ca1f651ffece8081330c22704e6,True,5
amcu:1037,amcu,125-р,2022-07-07,3922,2b316cc824caf62289fcf85f70123dcb,True,4
amcu:1038,amcu,126-р,2022-07-07,4060,3d589d3d16332838e9ff9f238ca7ca16,True,4
amcu:1039,amcu,127-р,2022-07-07,4682,ce221545f82e2ad8f6ab4313accc7e10,True,5
amcu:104,amcu,1023-р,2025-12-24,3863,38b45bcf1d6d500b948cb9786a08cb42,True,4
amcu:1040,amcu,128-р,2022-07-07,3465,81127aba1824ae9c5243fa40272a2a9c,True,4
amcu:1041,amcu,129-р,2022-07-07,2379,0f0e7833dc5714d47df29e762097e3ae,True,2
amcu:1042,amcu,130-р,2022-07-07,5025,0c787f22b0b2849f2c32a38360f58a64,True,5
amcu:1043,amcu,131-р,2022-07-07,2814,8cfff66b29f51679f970b992e7c940e7,True,3
amcu:1044,amcu,132-р,2022-07-07,58394,b067be3e8f77842016dfdd9705e119ef,True,58
amcu:1045,amcu,133-р,2022-07-07,71539,3441f1921ef8fbd6234442d5f8568f38,True,71
amcu:1046,amcu,134-р,2022-07-14,3197,4da69704ce1c6ac6db1fc74409add73b,True,3
amcu:1047,amcu,135-р,2022-07-14,3212,5b04bf62a95caff47a84bdac1e997868,True,3
amcu:1048,amcu,136-р,2022-07-14,2966,7283dec29aa027e617436671ab27514e,True,3
amcu:1049,amcu,137-р,2022-07-14,6606,8aaab243a813db2367b5852e58fe465d,True,7
amcu:105,amcu,1024-р,2025-12-24,3656,6cd9308fe819781f70e38c0cf1200846,True,3
amcu:1050,amcu,138-р,2022-07-14,4592,48ee628017781565cb5f5bd7360d5d9b,True,5
amcu:1051,amcu,139-р,2022-07-14,2510,796dfb777f9c1fe06ec73e74ee6979cc,True,2
amcu:1052,amcu,140-р,2022-07-14,3142,c87d2ad6aa41efdb1c5a8d19ff16d688,True,3
amcu:1053,amcu,141-р,2022-07-14,2267,4c614e3a523ffa4b04b9846e184f96c3,True,2
amcu:1054,amcu,142-р,2022-07-14,70943,c5bd0fde0ec07dea5c385a5e9f61db3e,True,71
amcu:1055,amcu,143-р,2022-07-14,29796,73d9c4dc8a3124fc840544ca3f1e44fd,True,30
amcu:1056,amcu,144-р,2022-07-19,3756,d021a20da91b8658cb4bc12d5a187e0e,True,4
amcu:1057,amcu,145-р,2022-07-19,8195,ddca5aa7abc3e591b6034f6795095859,True,8
amcu:1058,amcu,146-р,2022-07-22,4243,1c981118b67675e9a36b93021c3e7b06,True,4
amcu:1059,amcu,147-р,2022-07-22,4232,ef1aa5061534adc5aa9db782b5f78067,True,4
amcu:106,amcu,1025-р,2025-12-24,4183,200e9181237589860a2cf49c63cd6f64,True,4
amcu:1060,amcu,148-р,2022-07-22,2601,85f33c0ac4f0c498848db47b72fca698,True,3
amcu:1061,amcu,149-р,2022-07-22,16541,71fcbda9ada612326e9a781172ff04dd,True,16
amcu:1062,amcu,150-р,2022-07-22,6067,f5fc7f3c15e131fac12dfa11a5be6069,True,6
amcu:1063,amcu,151-р,2022-07-28,4289,6126fa18b941189ec176c932d9e6fee8,True,4
amcu:1064,amcu,152-р,2022-07-28,3058,dcd427ce2d8a05164a12b6f71b51b081,True,3
amcu:1065,amcu,153-р,2022-07-28,3147,b38623c922d4765253dfbdc1220f9916,True,3
amcu:1066,amcu,154-р,2022-07-28,3079,71b4e5ed8bdd31884902a3d1e2b5120c,True,3
amcu:1067,amcu,155-р,2022-07-28,3144,e3ab16fb567d33af6aca4de2e36005d8,True,3
amcu:1068,amcu,156-р,2022-07-28,46582,3c169476e4d38c688491eee5d58da8f3,True,46
amcu:1069,amcu,157-р,2022-07-28,46597,f43898c8bb0d5bc1995a82e65de697d2,True,46
amcu:107,amcu,1026-р,2025-12-25,131972,f0e18fe10b54ea685aa868e90b8c310d,True,131
amcu:1070,amcu,158-р,2022-07-28,46600,876dab393c22282531b256c2225dd413,True,46
amcu:1071,amcu,159-р,2022-07-28,46586,f57bc01ac3241c313992bb22df6afb17,True,46
amcu:1072,amcu,160-р,2022-07-28,46596,cd6462562b4e7b952bc67d70effa6fd8,True,46
amcu:10723,amcu,635-р,2018-11-15,122945,cb15753d2d6d5de73c7a142eb7fb1a27,True,122
amcu:10724,amcu,637-р,2018-11-15,24379,78edd0461c13ff5785a9667f9781beb9,True,24
amcu:10725,amcu,639-р,2018-11-15,15322,a5c9148ee72aa50a513f01a0096cd137,True,15
amcu:10726,amcu,640-р,2018-11-15,25216,acfd93b6a9ddfea793cc59ee0ab7c100,True,25
amcu:10727,amcu,636-р,2018-11-15,23964,bd7e14e681fe8639e2adf512e1acd628,True,24
amcu:10728,amcu,638-р,2018-11-15,18154,54dde6da9cab4b584a92f2e0e9fc8884,True,18
amcu:1073,amcu,161-р,2022-07-28,46629,f5881b661739381ba505f493c30edbd0,True,46
amcu:1074,amcu,162-р,2022-07-28,27868,e6af235110d9d1bb38eb75a21bce5b23,True,28
amcu:1075,amcu,93-р,2022-04-15,8354,a683207ee83f3fa5d10e58050f303858,True,8
amcu:1076,amcu,94-р,2022-04-29,12660,55e5b99a5bd9575c9b7066e40b071363,True,12
amcu:1077,amcu,560-р,2019-08-29,2419,e99fcd433e99e30e70616e38446047c9,True,2
amcu:1078,amcu,561-р,2019-08-29,2277,663661bb9ab9bc8bce10448023ac23aa,True,2
amcu:1079,amcu,562-р,2019-08-29,2384,adfe87c60d99d2929d88f187eac93beb,True,2
amcu:108,amcu,1027-р,2025-12-25,131957,cd51b1f62f8dc7895b8d3194b2c4fe08,True,131
amcu:1080,amcu,563-р,2019-08-29,2389,3384ed3f39d9246508a8fda42c7399f1,True,2
amcu:1081,amcu,564-р,2019-08-29,2382,22067767f7ad874b160d56a35b51eb5e,True,2
amcu:1082,amcu,565-р,2019-08-29,2294,92fc404d3499f20b861ba23fb2c9bed4,True,2
amcu:1083,amcu,566-р,2019-08-29,2384,3f4006fef70dcb469a739097d55b6c53,True,2
amcu:1084,amcu,567-р,2019-08-29,2325,3005a4b11cd245aa638b388c2e335417,True,2
amcu:1085,amcu,568-р,2019-08-29,2153,38dea6043c10d30330114ddfeb55c309,True,2
amcu:1086,amcu,569-р,2019-08-29,2313,254023c8c06d3e78f6e50bd39053def4,True,2
amcu:10861,amcu,477-р,2018-09-20,2332,4148ca2fdb319083f4b4778719724170,True,2
amcu:10862,amcu,482-р,2018-09-20,2282,dd7c24dabf222883c0647d5417903126,True,2
amcu:10863,amcu,484-р,2018-09-20,2337,972de695dc1278f9a17463c16ce18c5e,True,2
amcu:10864,amcu,490-р,2018-09-20,3961,a558d1f54cceb05d1a0cb2b73aef1c54,True,4
amcu:10865,amcu,492-р,2018-09-20,4161,a61d098ac34a42937ccc707133501225,True,4
amcu:10866,amcu,494-р,2018-09-20,4178,6da21ba7c39e8d9593caad158057dc45,True,4
amcu:10867,amcu,475-р,2018-09-20,2334,dc682ac6d717f7c0809328eeec25d6d5,True,2
amcu:10868,amcu,476-р,2018-09-20,2323,f1b1d4e67da215e21bca0044402bacc1,True,2
amcu:10869,amcu,478-р,2018-09-20,2327,31a918d3f0545483dafdc47a305d0793,True,2
amcu:1087,amcu,570-р,2019-08-29,2448,37f0e89eb3c8337b5782b642c3ba47b2,True,2
amcu:10870,amcu,479-р,2018-09-20,2316,ffe0a12dd30c7042c7eb460b8ca79c7d,True,2
amcu:10871,amcu,480-р,2018-09-20,2338,c27d1116307180e2da40df5a608113dc,True,2
amcu:10872,amcu,485-р,2018-09-20,2337,cb19ce41e7bd3d0d02312e361c653950,True,2
amcu:10873,amcu,493-р,2018-09-20,4179,21313951e48ac425fb4eda51ae3ff0aa,True,4
amcu:10874,amcu,495-р,2018-09-20,3328,ada7596edff250b9df781f7aa29d4186,True,3
amcu:10875,amcu,483-р,2018-09-20,2337,497ce1b33189573779148aa442ae4dbd,True,2
amcu:10876,amcu,489-р,2018-09-20,3644,2f0d841d5cb389bf4a8dbd663b110356,True,4
amcu:10877,amcu,491-р,2018-09-20,3373,9a0674663710f2db7604f1a1a215a6d1,True,3
amcu:10878,amcu,507-р,2018-09-20,42327,82773494b5364ce545b6aa4a8a81bf86,True,42
amcu:10879,amcu,486-р,2018-09-20,2028,bacd6a625f5c5c1465bce3cc1de716f4,True,2
amcu:1088,amcu,571-р,2019-08-29,2519,bf6f6124a6494d2e673dddc9fd974e53,True,3
amcu:10880,amcu,487-р,2018-09-20,2523,66d72030e72325e5e44acf1fa03f219c,True,3
amcu:10881,amcu,488-р,2018-09-20,3644,03131c3abe991d72e57ad6f2f0e9e166,True,4
amcu:10882,amcu,496-р,2018-09-20,5195,ed578dddc3a43137d6e201ebb97836c7,True,5
amcu:10883,amcu,497-р,2018-09-20,5794,7f683766ea8af4fd05f716aea3159a5c,True,6
amcu:10884,amcu,498-р,2018-09-20,5771,04c717469a3547f44fee66c5c9b14617,True,6
amcu:10885,amcu,499-р,2018-09-20,33232,72b209b85d46ad8abb68d495d7248628,True,33
amcu:10886,amcu,500-р,2018-09-20,6247,97f48857ea13fea4a048d9021c6ca421,True,6
amcu:10887,amcu,501-р,2018-09-20,31694,8192840eefce8a19ced379f21262e883,True,31
amcu:10888,amcu,502-р,2018-09-20,38001,3c531a2ddecc21e4cf4dd155aabb4b04,True,38
amcu:10889,amcu,503-р,2018-09-20,30846,a91cc8ece930d9ca32d46cb3f6ce9dd2,True,31
amcu:1089,amcu,572-р,2019-08-29,2331,1c8fa68427320ee40fd73a0dae5059da,True,2
amcu:10890,amcu,504-р,2018-09-20,25996,f1086f4265542f95267fc0a894ccf715,True,26
amcu:10891,amcu,505-р,2018-09-20,17096,2f914a890d4da3d5d89b10e227ca9d0d,True,17
amcu:10892,amcu,506-р,2018-09-20,15640,720ac6a0003880f8676d8492f141a20b,True,16
amcu:10893,amcu,481-р,2018-09-20,2329,b885988d9807ac5668a4f6c2c216ba2a,True,2
amcu:109,amcu,1028-р,2025-12-25,131975,b8f66c8d5904b7acabf7d66d95f937c5,True,131
amcu:1090,amcu,573-р,2019-08-29,2123,94b39c34bede158c8c4e18bc017f30a2,True,2
amcu:1091,amcu,574-р,2019-08-29,57771,0ecedb0cb5bbe3e0035625ab35f2f614,True,56
amcu:1092,amcu,575-р,2019-08-29,44595,207101560e55f791fd92d4d1c635fe56,True,43
amcu:1093,amcu,576-р,2019-08-29,82462,8cc4878460eba77d20e36cb45b75e19a,True,75
amcu:10934,amcu,570-р,2018-10-19,33418,a3a8a45218ed7e8a16b9e5a91155555b,True,33
amcu:10935,amcu,565-р,2018-10-19,21407,373c93631dd6950eb2edd2fc5971c772,True,22
amcu:10936,amcu,572-р,2018-10-19,34111,89d6cc511abf50c42a18fd4265e38b2b,True,34
amcu:10937,amcu,566-р,2018-10-19,33057,9b83903d0aa6ab887e9b30b09c2b42aa,True,33
amcu:10938,amcu,567-р,2018-10-19,20998,748300ba32a9a0368ef231a172051362,True,21
amcu:10939,amcu,568-р,2018-10-19,26321,ffa46bbbe735c04814de328587053cf3,True,26
amcu:1094,amcu,577-р,2019-08-29,5050,993314c70e720a69f910666612a13ba7,True,5
amcu:10940,amcu,571-р,2018-10-19,19810,b54f9c96b95042a84bd6ae4773f32848,True,20
amcu:10941,amcu,573-р,2018-10-19,20549,0d5183817583829801047c40e0942478,True,20
amcu:10942,amcu,574-р,2018-10-19,44030,5e39f097b1ae65f9d1f738e02e0a702a,True,44
amcu:10943,amcu,575-р,2018-10-19,12874,401393d8cc9aad9b0710269524223409,True,13
amcu:10944,amcu,569-р,2018-10-19,32669,f8e19bd821bed04515e4dcc2cb8b40e6,True,32
amcu:1095,amcu,641-р,2021-12-02,4733,d058b7379e5344573ee6dfc787f0e4f0,True,5
amcu:1096,amcu,642-р,2021-12-02,5323,e4eab45cea4b5d2b7ce20e957113f475,True,5
amcu:1097,amcu,643-р,2021-12-02,4052,4e40931b4c68a960fcaa65b05532639f,True,4
amcu:1098,amcu,644-р,2021-12-02,3800,8fc55f19df6b86deab16f33b71beec9f,True,4
amcu:1099,amcu,645-р,2021-12-02,3807,6e73917bb61332ed24f7b8aee60ec903,True,4
amcu:11,amcu,930-р,2025-12-04,2079,6086277faf2586c5c95d5a8c415f29f7,True,2
amcu:110,amcu,1029-р,2025-12-25,131974,f705e0106b6af3561782b48ee4e47d32,True,131
amcu:1100,amcu,646-р,2021-12-02,4061,69bef53815d52d88f2d0ef44115c73b6,True,4
amcu:1101,amcu,647-р,2021-12-02,4164,4c2417feeea243f77a6a443b09abba31,True,4
amcu:1102,amcu,648-р,2021-12-02,3906,85d1743f9a0a204bafe9b8e220b49f38,True,4
amcu:1103,amcu,649-р,2021-12-02,38310,5e23cd25c091b347a47daf9f629b7829,True,37
amcu:11038,amcu,609-р,,23061,85ae6acf9bceaec5a95303ad82471893,True,23
amcu:11039,amcu,611-р,,30351,55f5d5e5cdfcc24ea215cc63f85e6d06,True,30
amcu:1104,amcu,650-р,2021-12-02,38645,193cf5428a229e7e27467ce34f31db08,True,38
amcu:11040,amcu,608-р,2018-11-05,19722,d10ee7bfbc028a43e3be170c907c00ee,True,19
amcu:11041,amcu,612,2018-11-05,16477,929c7df9ce16b1ec15120d19dd2234b4,True,16
amcu:11042,amcu,610-р,,27024,2eeb0b2f138c5a4d192b74294748d4bc,True,27
amcu:1105,amcu,651-р,2021-12-02,71067,43cac6209f7e6a112cd346ce6e8e2742,True,69
amcu:1106,amcu,652-р,2021-12-02,54379,2f0bfcab8497b5b19b5643e26bc4ef71,True,54
amcu:11061,amcu,650-р,2018-11-20,2550,7e55695de9390ed4a64e09f0278ee034,True,3
amcu:11062,amcu,656-р,2018-11-20,40468,65994d0376d04f05efd08acb7d5c9783,True,39
amcu:11063,amcu,642-р,2018-11-20,27942,3978e92febcef6a6e1de45946bd9de62,True,28
amcu:11064,amcu,,2018-11-20,4357,ff94653a0c0e9648f61689bd19f4e105,True,4
amcu:11065,amcu,641-р,2018-11-20,49402,8ddd84690152de5f1eae7c93936b211a,True,49
amcu:11066,amcu,643-р,2018-11-20,6667,8771ebfed0b429a0560941c1c19e6dbd,True,7
amcu:11067,amcu,644-р,2018-11-20,6750,3f74961fec5b1956d90bd604d7cc312a,True,7
amcu:11068,amcu,645-р,2018-11-20,6705,a98644354b4c02b15beb62d6e61be075,True,7
amcu:11069,amcu,646-р,2018-11-20,5548,6aa2eedf3926bd2449c973e798c0f38b,True,6
amcu:1107,amcu,653-р,2021-12-09,3296,5cc52932821774e30b5675118e5bd239,True,3
amcu:11070,amcu,647-р,2018-11-20,4587,c03c315044118795b4586ea68a5ea3cf,True,5
amcu:11071,amcu,648-р,2018-11-20,4686,b98dc677cc4b99820280bee8d62f4f2d,True,5
amcu:11072,amcu,649-р,2018-11-20,5089,318c040271784204db9f44c379d8527d,True,5
amcu:11073,amcu,655-р,2018-11-20,23957,7cdae1f9082863c23e8957899e72689e,True,24
amcu:11074,amcu,652-р,2018-11-20,42595,139fbae37fe38b00a346a7c404ff7907,True,42
amcu:11075,amcu,653-р,2018-11-20,26501,f6cb400de2f018a52005b86075112718,True,26
amcu:11076,amcu,654-р,2018-11-20,29686,81f42b7159edec4003bc7cce383bf256,True,29
amcu:1108,amcu,654-р,2021-12-09,3966,ca1594f5d9ae0c7a2055a98026b9d599,True,4
amcu:11080,amcu,445-р,2018-09-06,14990,2dc356d855950110805eb264f44b2601,True,15
amcu:11081,amcu,430-р,2018-09-06,4030,c98abc01b010d3b1aaadf3007a3265fa,True,4
amcu:11082,amcu,431-р,2018-09-06,4084,776d02e5f9ad90936ed2fe3558e371bf,True,4
amcu:11083,amcu,432-р,2018-09-06,2794,438f4285c39ddafbfa9312c44853a2d8,True,3
amcu:11084,amcu,443-р,2018-09-06,55839,54c740ed794a2938789964b87ba06557,True,55
amcu:11085,amcu,444-р,2018-09-06,56412,31764fae573e32baa1c68b57596a549f,True,55
amcu:11086,amcu,428-р,2018-09-06,5458,91ceacaa6969ee290942efeb3a137091,True,6
amcu:11087,amcu,429-р,2018-09-06,2401,0db8e2397d1c0a12929b53b82bf78a6a,True,2
amcu:11088,amcu,427-р,2018-09-06,15387,c4c815ec469cb5492c00ffb46e923737,True,15
amcu:11089,amcu,441-р,2018-09-06,4700,c4fd36d84b76ff3dcbd9cd7b8f308d60,True,5
amcu:1109,amcu,655-р,2021-12-09,3093,be3a95112607376a64e1961dbd3beda3,True,3
amcu:11090,amcu,433-р,2018-09-06,4573,9f145f9154e31400944d8216d3d3989d,True,5
amcu:11091,amcu,434-р,2018-09-06,4632,76133e4134e1e0438fb24e9a24f3e323,True,5
amcu:11092,amcu,435-р,2018-09-06,4636,0e1e0ad5660871d555dad8d0c3f7085f,True,5
amcu:11093,amcu,436-р,2018-09-06,4666,8a17c48d11e77017fcf6d27313fb9504,True,5
amcu:11094,amcu,437-р,2018-09-06,4609,933d311c47afbd5ad223444c6ee88a17,True,5
amcu:11095,amcu,438-р,2018-09-06,4614,a170adb7b443366474ea36c5a2aeaa20,True,5
amcu:11096,amcu,439-р,2018-09-06,4659,f59826dbe6112de2cae261bcc9642f6d,True,5
amcu:11097,amcu,440-р,2018-09-06,4775,98eefcac4aa1332de8c78dca2ca13496,True,5
amcu:11098,amcu,442-р,2018-09-06,4308,2cd07f26e38793791d23cefe8941db9e,True,4
amcu:11099,amcu,581-р,2018-10-25,3469,de7827180a2bbbd2052fe4e6a4b74a92,True,4
amcu:111,amcu,1030-р,2025-12-25,131839,107ba55d80f6a3aaa75c957c46139ac7,True,131
amcu:1110,amcu,656-р,2021-12-09,4935,7717d517c09869544f110878a1823424,True,5
amcu:11100,amcu,582-р,2018-10-25,3547,351849fbe5777cacdf163af480dc23ba,True,4
amcu:11101,amcu,576-р,2018-10-25,2599,91474d910721a2416b1cd0462091ef58,True,3
amcu:11102,amcu,590-р,2018-10-25,48897,d15d74528021f3c69c0e1a1439a4cfd1,True,45
amcu:11103,amcu,591-р,2018-10-25,48882,c7e252dd442aa489fd8c12ebd21f095c,True,45
amcu:11104,amcu,577-р,2018-10-25,2819,673a181f9a21d18f29ce61847e333d0a,True,3
amcu:11105,amcu,592-р,2018-10-25,67950,19a0593e6cabe0ef8180728e9142a04c,True,68
amcu:11106,amcu,593-р,2018-10-25,16199,e9c1d2bd044cd6c3fefc3084e646ccbc,True,16
amcu:11107,amcu,594-р,2018-10-25,15893,72d3c96d9f388d728251f8a03a79588e,True,16
amcu:11108,amcu,579-р,2018-10-25,3921,6eb65279fb51fa084f0861b45d466415,True,4
amcu:11109,amcu,580-р,2018-10-25,3932,4fe5e127b6e18403b83f293dfe5c9253,True,4
amcu:1111,amcu,657-р,2021-12-09,4957,18c20ed457046bc7d5d0a3c536b299af,True,5
amcu:11110,amcu,583-р,2018-10-25,3555,f0a674d3ae88ab1e5f74ae5da2ef4ae4,True,4
amcu:11111,amcu,584-р,2018-10-25,3560,e2eb884fc26439e28dcc6c8126fd090a,True,4
amcu:11112,amcu,585-р,2018-10-25,3519,d89916b690483f0a69b7db9715e98936,True,4
amcu:11113,amcu,586-р,2018-10-25,3543,66fd923509c21f62afefbbb2377311df,True,4
amcu:11114,amcu,587-р,2018-10-25,3536,0276d4650537150765fa73a8d8468dc3,True,4
amcu:11115,amcu,588-р,2018-10-25,3544,4a60232d76c65e21e1459a2753c4053a,True,4
amcu:11116,amcu,589-р,2018-10-25,3560,b1a65a5b7db08971260dc0a89bef4953,True,4
amcu:11117,amcu,578-р,2018-10-25,3107,fc3f777a2b016ad05486ae202addeb95,True,3
amcu:1112,amcu,658-р,2021-12-09,2362,984cd0919b61766d844d12e6c5447ea1,True,2
amcu:1113,amcu,659-р,2021-12-09,20489,fcab09ad01f681e4ee28b52168d83a07,True,21
amcu:1114,amcu,660-р,2021-12-15,110097,c32c3bbbf76554c67314e07062b2b943,True,109
amcu:1115,amcu,661-р,2021-12-15,319307,72ec803fe7ed604d63569817f8bf0d1c,True,293
amcu:1116,amcu,662-р,2021-12-15,166211,32f5297e5c0b50ad39fe0baf1beb99d3,True,164
amcu:1117,amcu,663-р,2021-12-15,40457,676a5cc3a5d5e3afaad8a56364d862ac,True,40
amcu:1118,amcu,664-р,2021-12-15,39871,613e9386934a83af641ac3b8bde48fbd,True,39
amcu:1119,amcu,665-р,2021-12-15,12878,90c9eea636b203f49b5658e3fb867932,True,13
amcu:112,amcu,1031-р,2025-12-25,131973,133475fd403ec15dcee444d207bc0507,True,131
amcu:1120,amcu,666-р,2021-12-15,5317,56ef8676d9fe07e7b407887bb0ec8e20,True,5
amcu:1121,amcu,667-р,2021-12-15,4534,7e4d97df192df3109a355da3b5c948a9,True,5
amcu:1122,amcu,668-р,2021-12-15,3100,3221d417ca1d3222cb64d123d8b2b47e,True,3
amcu:1123,amcu,669-р,2021-12-15,2962,97cfc1708c008bf5b7a5b538171fa9cb,True,3
amcu:1124,amcu,670-р,2021-12-15,3045,2166478ca8cfe9a8d8de1b4107195385,True,3
amcu:1125,amcu,671-р,2021-12-15,2961,a3bb871a823492fca0939893d6fced69,True,3
amcu:1126,amcu,672-р,2021-12-15,2951,d5f43e7fdb5739abe7fda4c3229eb75e,True,3
amcu:1127,amcu,673-р,2021-12-15,3064,b3f316fb0b7b96aef30f8e5bdb5fe46e,True,3
amcu:1128,amcu,674-р,2021-12-15,3279,56a2ebd3a3fa43bc14e2cbede45bfbc0,True,3
amcu:1129,amcu,675-р,2021-12-15,3009,8850fe00c9abd3e9208c606c147e6341,True,3
amcu:113,amcu,1032-р,2025-12-25,131975,8f5683af6593ed883c743914ff52fe29,True,131
amcu:1130,amcu,676-р,2021-12-15,3154,b551f4da753bb0cd025985b35ea7d44d,True,3
amcu:1131,amcu,677-р,2021-12-15,2944,09b516e8b4f9a4575d65629a87982be6,True,3
amcu:1132,amcu,678-р,2021-12-15,2943,1895a75a0172e8980864be3084c17d3a,True,3
amcu:1133,amcu,679-р,2021-12-15,3104,aa3b6b46dd2e14b48ff9a05746f118d6,True,3
amcu:1134,amcu,680-р,2021-12-15,3347,869ae6bcbc1ea12cd1dfcd298ad23306,True,3
amcu:1135,amcu,681-р,2021-12-15,3087,19a60897720ddff61a9a0acbe3485925,True,3
amcu:1136,amcu,682-р,2021-12-15,2911,236294bde5ad87ace20a3b9a5d200a8d,True,3
amcu:1137,amcu,683-р,2021-12-15,2956,2d7d9b46a6b6686822aef65845abd201,True,3
amcu:1138,amcu,684-р,2021-12-15,6139,f0c51512efb69aeb75bfb9d4d47659e2,True,6
amcu:1139,amcu,685-р,2021-12-15,6099,dba8590d9673655783caaa2b72b551a5,True,6
amcu:114,amcu,1033-р,2025-12-25,131975,db5c956505970f7d4f4251e6186b8c76,True,131
amcu:1140,amcu,686-р,2021-12-15,6067,6b9ffb9bea6e3ee5ad4e964869c6e88a,True,6
amcu:1141,amcu,687-р,2021-12-15,2565,fbfd0132ec0b8fd3cd1dd6afdb1ab5c1,True,3
amcu:1142,amcu,688-р,2021-12-15,3848,1ef8aa817441668cc699426d70d5790a,True,4
amcu:1143,amcu,689-р,2021-12-15,3197,bf60922f5d8b43b225d2067980cbb395,True,3
amcu:1144,amcu,690-р,2021-12-15,4232,656e63b32aec5f6b6c3f58dd59bae15f,True,4
amcu:1145,amcu,691-р,2021-12-15,4281,4e09b1096e00d89ca43a5c971f2796e8,True,4
amcu:1146,amcu,692-р,2021-12-15,4331,628e19267e1291d3fc7b65e7d1256a54,True,4
amcu:1147,amcu,693-р,2021-12-15,25199,8deb9392ddcb71881f85a8ae3835b271,True,25
amcu:1148,amcu,694-р,2021-12-21,199836,0723a08026f885e7e65b12bfdae6d52e,True,193
amcu:1149,amcu,695-р,2021-12-23,4639,713c46a0b5f140f5af6ee0add12c828b,True,5
amcu:115,amcu,1034-р,2025-12-25,132336,e5fef410e2041489a11f0f7b09402ecc,True,131
amcu:1150,amcu,696-р,2021-12-23,4787,b794d6b725a213cf8ae32bf205e0893c,True,5
amcu:1151,amcu,697-р,2021-12-23,3043,b0d616454552f4825ebe5c3aee30e72f,True,3
amcu:1152,amcu,698-р,2021-12-23,4147,6acbdd91ecfb9f7400bb5eb09169d7bf,True,4
amcu:11525,amcu,25-р,2019-01-22,41993,36f8dacd3a2e43b9c1a6adc22fa2c7f0,True,42
amcu:11526,amcu,26-р,2019-01-22,46018,0da7cbc67159654d0e76f54964a2aa71,True,45
amcu:1153,amcu,699-р,2021-12-23,3850,f5b0ee85672b5a70acf846c7c4d8b8a9,True,4
amcu:1154,amcu,700-р,2021-12-23,3613,04af3abf9d8f8d779d8fcd20c1c5fb06,True,4
amcu:1155,amcu,701-р,2021-12-23,3748,f36a820655d853edee2b53f0bf5c4473,True,4
amcu:1156,amcu,702-р,2021-12-23,3716,52af964fe80a2f5f41185f3015d63975,True,4
amcu:1157,amcu,703-р,2021-12-23,3750,1df1982576d3abf85fd585f16cfcec42,True,4
amcu:1158,amcu,704-р,2021-12-23,3938,bfa545d76c2b65727cd841cb0396a29a,True,4
amcu:1159,amcu,705-р,2021-12-23,3694,856a1da93da9a668c913250dafe21b6b,True,4
amcu:116,amcu,1035-р,2025-12-25,131975,be6e6910c256904ef65f345298837f87,True,131
amcu:1160,amcu,706-р,2021-12-23,3700,fbb38dc374d833696e3c93abf5a025a4,True,4
amcu:1161,amcu,707-р,2021-12-23,3673,9669f63359a8137164c3e420f7f95a4e,True,4
amcu:1162,amcu,708-р,2021-12-23,3611,9cd67397e33c77732e28e61de7f341e4,True,4
amcu:1163,amcu,709-р,2021-12-23,7229,ec3f4487e793618aaeb2ec4e7823409d,True,7
amcu:1164,amcu,710-р,2021-12-23,1964,4b7a9c3382e652574cb0371839b44809,True,2
amcu:1165,amcu,711-р,2021-12-23,1884,db6e6c13556b8ef736cb6c1d88c34947,True,2
amcu:1166,amcu,712-р,2021-12-23,13724,ca223cfa7e7ed5d73f094df229f62336,True,13
amcu:1167,amcu,713-р,2021-12-23,13990,0da9c3e5c5fe19cc71387b08e3be4162,True,14
amcu:1168,amcu,714-р,2021-12-23,13754,3e26910b08aa9a896cded9f841412c8e,True,14
amcu:1169,amcu,715-р,2021-12-23,62205,0b08835fba4f9b04ec47b005558ac21a,True,62
amcu:117,amcu,1036-р,2025-12-25,131975,5032543b9dce043821325f19c38d393e,True,131
amcu:1170,amcu,716-р,2021-12-23,88792,98f6ca85f201ccde3fc63e0d8f248e09,True,87
amcu:11700,amcu,595-р,2018-11-01,3683,4a7be74741197a31b85b027507efcad7,True,4
amcu:11701,amcu,596-р,2018-11-01,3285,6d4837826328bb0a9650953e1240ee51,True,3
amcu:11702,amcu,600-р,2018-11-01,3261,72bfd7c30a3e89228597f7de679a4693,True,3
amcu:11703,amcu,599-р,2018-11-01,5757,397dcaf67785aff26d84e5dd4a000dc0,True,6
amcu:11704,amcu,597-р,2018-11-01,3763,3abd2bc1fdf6eb1bcf88efb91953b8d7,True,4
amcu:11705,amcu,598-р,2018-11-01,4395,523624ba5d29b42dc64fc379367c2dcf,True,5
amcu:11706,amcu,601-р,2018-11-01,377306,16b48c93152b04595462ae2659c238af,True,360
amcu:11707,amcu,602-р,2018-11-01,47098,87d310fb4c354bfb0579eb1a572ebaaf,True,47
amcu:11708,amcu,603,2018-11-01,55773,db10946c6e46a6fd08a44a1f29cd2124,True,55
amcu:11709,amcu,605,2018-11-01,19986,10fc4ea510ebb1b85da8b0b022749fdf,True,20
amcu:1171,amcu,717-р,2021-12-23,7724,ce2a8f41bb2edb158142a1d559c4e933,True,8
amcu:11710,amcu,607-р,2018-11-01,25750,650764bee73ea6573a44cc89f5065e38,True,26
amcu:11711,amcu,604-р,2018-11-01,29769,22c078b2435bcf7750eafc6fdf652c12,True,30
amcu:11712,amcu,606,2018-11-01,47329,a4c01d0cb887c9d7617ae1dbae9c9ea4,True,47
amcu:1172,amcu,718-р,2021-12-23,114646,a39fefc39ac1863bfaea3a4b515d2dfd,True,112
amcu:1173,amcu,719-р,2021-12-23,186290,148ceb70c8bd39484cb95fe78d28bf0e,True,184
amcu:1174,amcu,720-р,2021-12-23,150550,34748ded6b8158118d2b06398bd2f54f,True,149
amcu:1175,amcu,721-р,2021-12-23,89989,e1772d799a6f256e0800b91984f4ac93,True,89
amcu:11754,amcu,446-р,2018-09-07,3867,20a6e5adab8f637018d546745be555e3,True,4
amcu:11755,amcu,447-р,2018-09-07,35775,a551cc43c495f1efd610231843f026c7,True,35
amcu:1176,amcu,722-р,2021-12-23,83493,2de6b836270a4abf99c22bbd5a712747,True,83
amcu:1177,amcu,723-р,2021-12-29,144972,54dc8d3052eb93b00428e6c65d92c2c8,True,139
amcu:1178,amcu,724-р,2021-12-29,119598,4b30cbbb34ae6961acf38a734f4fc4a9,True,114
amcu:1179,amcu,725-р,2021-12-29,134003,d0e44beb0a98cef13e38adf57e4245fd,True,112
amcu:118,amcu,1037-р,2025-12-25,131975,5b95442092896720afe03e1c05d34780,True,131
amcu:1180,amcu,726-р,2021-12-29,58696,278c52d6f8fe3ed15f08e2570d26f43f,True,51
amcu:1181,amcu,727-р,2021-12-29,49182,63cef579caf82fd0bfd727e469ab0138,True,45
amcu:1182,amcu,728-р,2021-12-29,3122,332b35a8b77038c4164f0d0c3419b248,True,3
amcu:1183,amcu,729-р,2021-12-29,2927,cc9ae2146385b9e4d6b716970d711b85,True,3
amcu:1184,amcu,730-р,2021-12-29,4269,506cf513ea37b3f747f3eed6dffae246,True,4
amcu:1185,amcu,731-р,2021-12-29,3544,d031d187f37048e2a0dc49cad62d9c7b,True,4
amcu:1186,amcu,732-р,2021-12-29,5904,30f764c7ba410affffc564152b2bbc43,True,6
amcu:1187,amcu,733-р,2021-12-29,5661,21fa03caa24e0a58f2edb281cb20620e,True,6
amcu:1188,amcu,734-р,2021-12-29,5411,54826d09380020e9ca644a97db0fde3d,True,5
amcu:1189,amcu,735-р,2021-12-29,2311,b0d5c07be9eb8765100d74daac1d7d39,True,2
amcu:119,amcu,1038-р,2025-12-25,131975,f2d8156ce10d9be67a2f2d2dff354654,True,131
amcu:1190,amcu,736-р,2021-12-29,2550,63186f6214cd994e45810ed99fdd942d,True,3
amcu:1191,amcu,737-р,2021-12-29,7043,94e179bfd899c41b42b7aa47e1a819b4,True,7
amcu:1192,amcu,738-р,2021-12-29,4249,3c88f315cf46849f66d623b689aa343c,True,4
amcu:1193,amcu,739-р,2021-12-29,5376,d1bbe528b9086034e2ce67fc31e71a39,True,5
amcu:1194,amcu,740-р,2021-12-29,2841,3d69cebd9533ca02e4f05022602ca28f,True,3
amcu:11945,amcu,14-р,2019-01-17,3487,53294383de3e00c8ffc415212a936c9f,True,3
amcu:11946,amcu,15-р,2019-01-17,20384,e2dd5348cee46c9a6a02e998edadea59,True,20
amcu:11947,amcu,,2019-01-17,28632,4a1c921995044d26e501e759a5fbb248,True,29
amcu:11948,amcu,13-р,2019-01-17,2804,dc673544ebabb0497ae27f5ed79a51d1,True,3
amcu:11949,amcu,16-р,2019-01-17,21607,180becb283bc7cc9e92ff29c9cb7706e,True,22
amcu:1195,amcu,741-р,2021-12-29,2888,97930b0f2176273659792bd821526493,True,3
amcu:11950,amcu,17-р,2019-01-17,20054,9f3b65d5dd897fc00dc4aa2e6923769b,True,20
amcu:11951,amcu,18-р,2019-01-17,16238,197b9f0d2f4457e80541e5a9b5296975,True,16
amcu:11952,amcu,19,2019-01-17,26401,3d487118521d36f16f55a421864df0c9,True,26
amcu:11953,amcu,20-р,2019-01-17,30192,8f283560fe7b795e049bc282b3a6380c,True,30
amcu:11954,amcu,21,2019-01-17,25167,5d99af49a261783dc8ca9556bb838cea,True,25
amcu:11955,amcu,24-р,2019-01-17,28427,73faeb566104aa5f8470584663bd6fed,True,28
amcu:11956,amcu,12-р,2019-01-17,4344,8cdaf63244316c66d3cd88058eda558c,True,4
amcu:11957,amcu,23-р,2019-01-17,41726,84d6adf5a63c1b1e756add5ffeb611f1,True,41
amcu:11958,amcu,45,,31760,e39181a83056e21e9478e059902d3c89,True,31
amcu:11959,amcu,46,,34255,faf354d77516a76fcaa776def2558077,True,34
amcu:1196,amcu,742-р,2021-12-29,2879,188a0fc52e1978025d6e1ec137651466,True,3
amcu:11960,amcu,47,,41556,9c598ec042cf3ccc35f5cf9dd8c565f5,True,41
amcu:11961,amcu,782-р,2018-12-27,55785,4d8a6e9d6233f3d9505ede05d8659197,True,55
amcu:11962,amcu,785-р,2018-12-27,13429,12cbb09604b1785c99e12e4826d6d5be,True,13
amcu:11963,amcu,776-р,2018-12-27,3449,4c76fae7b4ad0a6ea7a5a1c5cd83daa7,True,4
amcu:11964,amcu,784-р,2018-12-27,36748,90dc66deec5551b71b7d857a87434dc3,True,36
amcu:11965,amcu,786-р,2018-12-27,23765,1339dfd54337746764f9c1e7ab4f07b1,True,24
amcu:11966,amcu,787-р,2018-12-27,33509,3de34e0a9716a4fe1cd8122d8f72a256,True,34
amcu:11967,amcu,788-р,2018-12-27,31979,3e27653ded943447e848a8f53b119e32,True,32
amcu:11968,amcu,789-р,2018-12-27,22749,d9ad6c48bb00c8f243caf018faa939eb,True,23
amcu:11969,amcu,770-р,2018-12-27,3217,67a461b79fdbd574701679035c029534,True,3
amcu:1197,amcu,743-р,2021-12-29,2853,dbf16cac663585670b3c0d57a470317c,True,3
amcu:11970,amcu,769-р,2018-12-27,2253,fa0430b4722a4f5a6286c694382b7081,True,2
amcu:11971,amcu,777-р,2018-12-27,3650,5b69a05274715159a0922013b53de62f,True,4
amcu:11972,amcu,778-р,2018-12-27,3092,e1280858a985cddb83bd79ab95656da0,True,3
amcu:11973,amcu,783-р,2018-12-27,53882,9e09974424632c41ba13f3cbbf095335,True,54
amcu:11974,amcu,771-р,2018-12-27,4269,4db8cf9cb71136b94b1920d172ea63aa,True,4
amcu:11975,amcu,772-р,2018-12-27,5873,537b73b5e7da03a3511b1c9417d03a52,True,6
amcu:11976,amcu,773-р,2018-12-27,4332,b9bd7e5b0ddbc9f9c9876ace59389ed2,True,4
amcu:11977,amcu,774-р,2018-12-27,4317,5d0cca9be254af12d99b34bda2629c85,True,4
amcu:11978,amcu,775-р,2018-12-27,4318,a9e32230d97b916489056c70bc332ddb,True,4
amcu:11979,amcu,779-р,2018-12-27,2913,0cfdfde3b681e82432b1d56614c306da,True,3
amcu:1198,amcu,744-р,2021-12-29,2838,6e12dfc41dc43a31521f759e7640a463,True,3
amcu:11980,amcu,780-р,2018-12-27,3769,67fb0ff40d11b477d4eeb8b8e68441f4,True,4
amcu:11981,amcu,781-р,2018-12-27,3429,f2d1a63f0960b69c683626a5444925ac,True,3
amcu:11982,amcu,793-р,2018-12-27,37006,1d9c8389a55b3247960064dcc7d7ffd7,True,37
amcu:11983,amcu,795-р,2018-12-27,43596,c7982f473bffe3056326f54e3f4c51cb,True,43
amcu:11984,amcu,790,2018-12-27,14980,d957dd50a64412cc1d17d9b87a68fca2,True,15
amcu:11985,amcu,791-р,2018-12-27,16501,18a43425475f7928b467a95ad0a84af4,True,16
amcu:11986,amcu,792-р,2018-12-27,37030,43c9a8ed3048c422e91ede6a7e74e608,True,37
amcu:11987,amcu,794-р,2018-12-27,23198,8f99b08d5a901fc925e08fe07e873a2f,True,23
amcu:1199,amcu,745-р,2021-12-29,2895,22329aabf7ffc6c743a1b9b0d6a4139d,True,3
amcu:11990,amcu,,2018-10-11,33938,fa23045678297c891c416c2fb304f0f3,True,34
amcu:11991,amcu,547,2018-10-11,55846,15c25129eb1acbc24e6e3e9fa00c8f12,True,54
amcu:11992,amcu,545-р,2018-10-11,81227,26b87e32216de8a2dea4debdf14128a6,True,80
amcu:11993,amcu,546-р,2018-10-11,91358,5804ff30c253a806d091970ed26df3f2,True,87
amcu:11994,amcu,548-р,2018-10-11,73966,ba419fa2eecb4898f2a0e1fd73415275,True,70
amcu:12,amcu,931-р,2025-12-04,2089,924b3935f4973b8ef08630248cf72d8a,True,2
amcu:120,amcu,1039-р,2025-12-25,131848,b1da7ae03d02a3b416a58eb97a1061dd,True,131
amcu:1200,amcu,746-р,2021-12-29,2937,7fd7f7642cc37f5cd338cff2dc7f988a,True,3
amcu:1201,amcu,747-р,2021-12-29,2844,da5ff0494bd80166637e4a3f555d054c,True,3
amcu:1202,amcu,748-р,2021-12-29,2838,b8518c0acf727f1b6adac6410b8c6da6,True,3
amcu:12023,amcu,714-р,2018-12-10,25249,18b6dca74e4e24462dd5d383a2784772,True,25
amcu:12024,amcu,702-р,2018-12-10,4923,208601095f2299b88cb98de014703407,True,5
amcu:12025,amcu,706-р,2018-12-10,3948,0eac3a40917acda99c65fcc49edbc6a7,True,4
amcu:12026,amcu,705-р,2018-12-10,4690,1b3b99ebd4d554ea4bc0b1d1cdcaabc8,True,5
amcu:12027,amcu,707-р,2018-12-10,4084,46e655d94c032f7cf428f6c039de5c8d,True,4
amcu:12028,amcu,710-р,2018-12-10,18991,30b4d65b028f74f5ff9ac7527cddb153,True,19
amcu:12029,amcu,703-р,2018-12-10,4430,2a33c015becfa8937a2d56a6ce9af198,True,4
amcu:1203,amcu,749-р,2021-12-29,2892,85eed85fe317376a1bd0a3e16c340330,True,3
amcu:12030,amcu,704-р,2018-12-10,4106,cdc214a30dff1e400dc96d309538618e,True,4
amcu:12031,amcu,708-р,2018-12-10,2958,003fddfd021864d7d542e58a78cd67eb,True,3
amcu:12032,amcu,709-р,2018-12-10,4207,d2ccb5303e7d0b960f98f730d75c9729,True,4
amcu:12033,amcu,711-р,2018-12-10,18543,e8164f564da3aa9068c41b7adddc1a76,True,18
amcu:12034,amcu,712-р,2018-12-10,22493,25ae78e2a1c7caac7712b070a4b020c6,True,22
amcu:12035,amcu,713-р,2018-12-10,19174,64d2e49c1da5384becaf56254c39169a,True,19
amcu:12036,amcu,713-р,2018-12-10,19023,50090112ac85989a2ad843860778ee6d,True,19
amcu:1204,amcu,750-р,2021-12-29,2845,901277c0143d75a93e7d896481bac32b,True,3
amcu:1205,amcu,751-р,2021-12-29,3412,ddd37348a4849a57b33f3841ce3ed022,True,3
amcu:1206,amcu,752-р,2021-12-29,6479,bcf3dc5d981a75df06887cd0730daeb2,True,6
amcu:1207,amcu,753-р,2021-12-29,30923,56735d66932e9c544c8159e2b704168f,True,27
amcu:1208,amcu,754-р,2021-12-30,80971,dd66b422daaa58b339dc3bc77f0ad0f6,True,80
amcu:1209,amcu,755-р,2021-12-30,3174,d3f2a76274eeb952c2bfa6aafab44f52,True,3
amcu:121,amcu,1040-р,2025-12-25,131910,f9e761497ea26bb5ad36421eb74392ff,True,131
amcu:1210,amcu,756-р,2021-12-30,4223,0bcea15398169a8c9fca61d396f85462,True,4
amcu:1211,amcu,757-р,2021-12-30,4058,ef40bf7841e7ca569939f9c3d9ca1a05,True,4
amcu:1212,amcu,758-р,2021-12-30,4111,e2dea0d7122fc60bedd8626541a3b717,True,4
amcu:1213,amcu,759-р,2021-12-30,5014,310255e10ac8cd0066dbbca175eb3cb6,True,5
amcu:1214,amcu,760-р,2021-12-30,3828,509f1b204c9775ad72125d4096fcb4bc,True,4
amcu:1215,amcu,761-р,2021-12-30,5097,a7c551726c07b1e68aeb66097a19ad8f,True,5
amcu:1216,amcu,762-р,2021-12-30,5043,ee7c691f5df9e0cb8ec3d86a5f878b91,True,5
amcu:1217,amcu,763-р,2021-12-30,4168,590e959f1d98bf8b3099dd4d7ef69c40,True,4
amcu:12171,amcu,670-р,2018-11-27,2626,430ac7a78f7f7844b6c5a2b8cd11cc41,True,3
amcu:12172,amcu,672-р,2018-11-27,2887,fa82887294ad40474e09dc3963190011,True,3
amcu:12173,amcu,669-р,2018-11-27,3301,670924cc89f6a5c2c9ee79bd5cee79a1,True,3
amcu:12174,amcu,671-р,2018-11-27,3290,06c2efda3b34c11267983f06b5abaee3,True,3
amcu:12175,amcu,673,2018-11-27,3510,ce869740a78dd7479c6c690b25270122,True,4
amcu:12176,amcu,,2018-11-27,4600,073c52349622259cd9d923d800934d96,True,5
amcu:1218,amcu,764-р,2021-12-30,4215,b69409caedb80335700971a342fbae03,True,4
amcu:1219,amcu,765-р,2021-12-30,4341,93a16b417f199a6962b31c0a2527e18b,True,4
amcu:122,amcu,1041-р,2025-12-25,131835,d6ade4c4f357689fa608321515997fe1,True,131
amcu:1220,amcu,766-р,2021-12-30,4225,1eb01961a1b7b8bdf2bdef0f2ff5084a,True,4
amcu:1221,amcu,767-р,2021-12-30,4292,2f989bd40c5f7b4f00279158c870f73a,True,4
amcu:1222,amcu,768-р,2021-12-30,4336,53100669938babb154062d547809f0ed,True,4
amcu:1223,amcu,769-р,2021-12-30,4254,d390401612aff5b6dffa0597dc97cf39,True,4
amcu:1224,amcu,770-р,2021-12-30,16063,2649761af8c1dc1c42e05bba97ec34db,True,16
amcu:1225,amcu,771-р,2021-12-31,85774,a6d447c52d97e487b34aa995cf597c87,True,84
amcu:1226,amcu,720-р,2019-11-04,58702,c88a25608b0000d571342279318cb83a,True,58
amcu:1227,amcu,721-р,2019-11-04,64968,f34cb4abfad3d21118655c80145da0b0,True,64
amcu:1228,amcu,722-р,2019-11-04,26741,9b5338989fddfa012001e16c7ec9bbf7,True,27
amcu:1229,amcu,723-р,2019-11-04,34116,e25418c33b4be8092e3c297da6afe6fd,True,34
amcu:123,amcu,1042-р,2025-12-25,131969,b5a42c55b6bc07d2b7079edfc3c93cf8,True,131
amcu:1230,amcu,724-р,2019-11-04,48546,39097f42d75223fcc16b17a47457f0f1,True,48
amcu:1231,amcu,91-р,2023-04-06,3335,95725e0d90d9f930dc9cc76b582b1c06,True,3
amcu:1232,amcu,92-р,2023-04-06,5850,8bfc224856ad4647fe26feb6e4d0f455,True,6
amcu:1233,amcu,93-р,2023-04-06,28995,d6c006a42dfb907011c77aaf30decf50,True,29
amcu:1234,amcu,94-р,2023-04-13,4418,390d56b7c73a037b1ae1e2b346c289bd,True,4
amcu:1235,amcu,95-р,2023-04-13,2868,dc732be24a434b822510be1ca2d3acde,True,3
amcu:1236,amcu,96-р,2023-04-13,3796,e9387febd0e4dff55563f995ccf7b4be,True,4
amcu:1237,amcu,97-р,2023-04-13,45110,a234bbb498c39341199314923a232022,True,45
amcu:1238,amcu,98-р,2023-04-13,11324,709d3b757ac0a7841af72fa6d7738de1,True,11
amcu:1239,amcu,100-р,2023-04-20,3465,87394cb062c545d03cc0e2a0b5de94d5,True,3
amcu:124,amcu,1043-р,2025-12-25,131968,dfd5ea742a98f66f44819f1917e3aa40,True,131
amcu:1240,amcu,101-р,2023-04-20,3469,4f456304c694be0c26958ec368444493,True,3
amcu:1241,amcu,102-р,2023-04-20,3277,81130c92d962550040cd449d7b693009,True,3
amcu:1242,amcu,103-р,2023-04-20,29348,97f817eb7eaf8e445bc5022084a8ecab,True,29
amcu:1243,amcu,99-р,2023-04-20,2748,7a880910345b31c21c533747f509db7f,True,3
amcu:1244,amcu,104-р,2023-04-27,2823,3a64494b0afde63a26eeed5571ba0945,True,3
amcu:1245,amcu,105-р,2023-04-27,2775,0b508461e0cb96cda5a53d9e949c496d,True,3
amcu:1246,amcu,106-р,2023-04-27,2788,36fa34c8197cba63c5f8a4bd19ec4443,True,3
amcu:1247,amcu,107-р,2023-04-27,4895,e5890787a09bd243ab8363f8b2f64035,True,5
amcu:1249,amcu,603-р,2019-09-11,24879,4730add18c1f78109f93f064ef3ff69a,True,25
amcu:125,amcu,1044-р,2025-12-25,131969,149b6700db2a1f5f3b90758435bf2e60,True,131
amcu:1250,amcu,604-р,2019-09-11,26331,c18082ed37bb21db222bc4aa8a65861f,True,26
amcu:1251,amcu,605-р,2019-09-11,35238,bb81349f1a7dc7642fe065e629df7510,True,35
amcu:1252,amcu,776-р,2019-11-28,43691,c6cdd887067e768bae022ddd79b2391c,True,43
amcu:1253,amcu,777-р,2019-11-28,4792,c3f28821a2e925b5eb3c6741ff698d56,True,5
amcu:1254,amcu,778-р,2019-11-28,4723,ca9e40369437dd9f12fd6f8f49591620,True,5
amcu:12542,amcu,376-р,2018-08-02,5088,68045c85843c954d1dd4ae2a0fb7788e,True,5
amcu:12543,amcu,374-р,2018-08-02,4506,ab9e25a9dfedab0bc94d2c21e1f73aa0,True,5
amcu:12544,amcu,375-р,2018-08-02,4698,80992cbe5363be450db583f6b36ab2ba,True,5
amcu:12545,amcu,377,2018-08-02,172345,21c9d6928064d1073e5d7407c0cf02d2,True,170
amcu:12546,amcu,378-р,2018-08-02,34975,44e1370a78c0f43e13f6a3e8efa659cd,True,35
amcu:12547,amcu,379-р,2018-08-02,20537,bc7919a9f6d366462112c567082871ec,True,20
amcu:12548,amcu,380-р,2018-08-02,21298,a18582f61ff13ac666d7b2ab98722852,True,21
amcu:12549,amcu,381-р,2018-08-02,25295,f03aec262fd798f609f3c1097965839e,True,25
amcu:1255,amcu,779-р,2019-11-28,57758,ad0f62796563b688beb41749cd2ab171,True,50
amcu:12550,amcu,616-р,2018-11-08,46333,c5a3f88a687b5fc7ec308141bef12ba3,True,46
amcu:12551,amcu,614-р,2018-11-08,39667,bc403b172d9b9e594eb66a2fc566ecdd,True,39
amcu:12552,amcu,613-р,2018-11-08,3930,c6c78ea904af74a5ec25ecbd89f30799,True,4
amcu:12553,amcu,615-р,2018-11-08,58596,a61c15b1db53f2cc5fbde31c968745db,True,58
amcu:12554,amcu,617-р,2018-11-08,41403,6503a719a09a57c0a4f10b5afd4246bc,True,41
amcu:1256,amcu,472-р,2019-07-04,2439,9648fd86455ea67312952120494cac47,True,3
amcu:1257,amcu,473-р,2019-07-04,2547,2cac3e75a713f3e20c79e7896b788a7c,True,3
amcu:1258,amcu,474-р,2019-07-04,3493,587342cf7714e9c77a0ea1111963094c,True,4
amcu:1259,amcu,475-р,2019-07-04,3522,1c22eeca22f51686703d4a62d325accd,True,4
amcu:126,amcu,1045-р,2025-12-25,131957,9b6fe697698e1b32e87fd51f9c810f2d,True,131
amcu:1260,amcu,476-р,2019-07-04,5133,b6aa87315603b4a03531669b4225987f,True,5
amcu:1261,amcu,477-р,2019-07-04,2045,700653e8a62c669be4f8e08df2bc959d,True,2
amcu:1262,amcu,478-р,2019-07-04,2060,f4a0326b3274023da526f297b15473e9,True,2
amcu:1263,amcu,479-р,2019-07-04,2066,44b8fecf9cfaf7215ad993ae835f0c92,True,2
amcu:1264,amcu,480-р,2019-07-04,5859,aa8ebe1bc05cc50d07c46f32d0bbb443,True,6
amcu:1265,amcu,481-р,2019-07-04,5813,09fa556f411fe988a4564ce8e6bf9b76,True,6
amcu:1266,amcu,482-р,2019-07-04,5815,7e880306367ecbc2b0e7410e989e1887,True,6
amcu:1267,amcu,483-р,2019-07-04,5824,f8cb49967b1a7c6846ba58e2a0a27e65,True,6
amcu:1268,amcu,484-р,2019-07-04,3965,b8fcfaeab9229fe1aa88675cf02f91ef,True,4
amcu:1269,amcu,485-р,2019-07-04,2879,d9a2dba9e0ea626ab8d1af253d286acf,True,3
amcu:127,amcu,1046-р,2025-12-25,131966,8f70c59a7feb4723971798d3bd6b8a71,True,131
amcu:1270,amcu,486-р,2019-07-04,73750,2458beeac3418b3cde54cc26cfab91c9,True,73
amcu:1271,amcu,487-р,2019-07-04,4954,ce6ffa102445bd788b0e1b1729f7e2a9,True,5
amcu:1272,amcu,100-р,2025-04-03,22234,2abe81142cdcca6ce06206f7f6fe5cf0,True,21
amcu:1273,amcu,101-р,2025-04-03,22512,923ff53d55baacce9561c74c2407f36c,True,21
amcu:1274,amcu,102-р,2025-04-03,22419,847cc8bf432bc3b6b635fa4f748caadc,True,21
amcu:1275,amcu,103-р,2025-04-03,19635,2e827406f2e31a60a9fcff2e8d212ed6,True,19
amcu:1276,amcu,104-р,2025-04-03,19642,4b24651e8bea8520e28ae362c28d2a7e,True,19
amcu:1277,amcu,105-р,2025-04-10,16968,34bacd71023834e6b0d82b875973099c,True,17
amcu:1278,amcu,106-р,2025-04-10,16516,61f66a8dc195e7e867b2d290a0897495,True,16
amcu:1279,amcu,107-р,2025-04-10,18056,b5053d9fa448bdbb17e9462ff8501d15,True,18
amcu:128,amcu,1047-р,2025-12-25,131958,dd4db8a97dba8c474409d81e03643255,True,131
amcu:1280,amcu,108-р,2025-04-10,15744,b2d6479d34785c5997f8592c3d7c15b2,True,15
amcu:1281,amcu,109-р,2025-04-10,14658,7ad7792a3e9ea1d6ad8dae3ff583b4d2,True,14
amcu:1282,amcu,110-р,2025-04-10,17512,a30c8b07130f0fa3ee864c07c2749c22,True,17
amcu:1283,amcu,111-р,2025-04-10,17932,529051730c16c6fdf93f68aa909110dd,True,18
amcu:1284,amcu,112-р,2025-04-10,17659,dbb019d4ab5644f7e04847360541ae36,True,17
amcu:1285,amcu,113-р,2025-04-10,3137,210f0071e1ce49f2644b06607eb3bc47,True,3
amcu:1286,amcu,114-р,2025-04-10,3206,d84ad90d283a60e8f0887bf4709d88cc,True,3
amcu:1287,amcu,115-р,2025-04-10,3206,ef2c3762a68eb139e0ec04707e731dc6,True,3
amcu:1288,amcu,116-р,2025-04-10,3207,7892168ba4a72fad15bda651acdc9ad8,True,3
amcu:1289,amcu,117-р,2025-04-10,3206,bd0706de1e97e2d8ac3d6b184db97d34,True,3
amcu:129,amcu,1048-р,2025-12-25,131965,49dd3c316976f9971af2319e15b3a55b,True,131
amcu:1290,amcu,118-р,2025-04-10,3206,9d4cd1acd87149f8957af84fa09d7c72,True,3
amcu:1291,amcu,119-р,2025-04-10,3206,1cfe7ab7e8c7b0fd5a195bb4a3984033,True,3
amcu:1292,amcu,120-р,2025-04-10,3206,0d52a27e3fe4c58b0cd5a0d3c5a79d26,True,3
amcu:1293,amcu,121-р,2025-04-10,3206,545e9193b057cd789e692f6d2ebaccc5,True,3
amcu:1294,amcu,122-р,2025-04-10,3206,56c7d5ab06e27b67e834897aacaa96bb,True,3
amcu:1295,amcu,123-р,2025-04-10,3206,1119f5ef76bcf4da34ac3cf80f2c2642,True,3
amcu:1296,amcu,124-р,2025-04-10,3206,710954bc374bfc28e9c364c4dd568d39,True,3
amcu:1297,amcu,125-р,2025-04-10,3206,c0bfa737373f6e9858f8684f7d76d9da,True,3
amcu:1298,amcu,126-р,2025-04-10,3206,bf178c3a3c8b32e28813ca76e0aee019,True,3
amcu:1299,amcu,127-р,2025-04-10,3206,ae5cbc197d350bfa7d6d5673c3045a2d,True,3
amcu:13,amcu,932-р,2025-12-04,2121,2a5c1a15b4a3010e3ba1b807178b8212,True,2
amcu:130,amcu,1049-р,2025-12-25,131965,75e509c158a8ec102cd4a1b112da440b,True,131
amcu:1300,amcu,128-р,2025-04-10,3206,5c2882e778a8e98a8ccff010b33ed9e0,True,3
amcu:1301,amcu,129-р,2025-04-10,3206,deeffbb4b7a671e9b8c19b4624e03e76,True,3
amcu:1302,amcu,130-р,2025-04-10,3206,45e37c794209e42e4966b0fb840563d3,True,3
amcu:1303,amcu,131-р,2025-04-10,3206,d8da8a7ce12abe8d9ec9d53ef5b6fb91,True,3
amcu:1304,amcu,132-р,2025-04-10,3206,d56dc34dee5d5d6af53bb138ed4f9ab7,True,3
amcu:1305,amcu,133-р,2025-04-10,3206,45f130f20545c112d6ce91ba9f977449,True,3
amcu:1306,amcu,134-р,2025-04-10,3206,f4cd809abee73063e96d06298451ce91,True,3
amcu:1307,amcu,135-р,2025-04-10,3206,f178d32f56c28001bd07c0b6e4a781c2,True,3
amcu:1308,amcu,136-р,2025-04-10,3206,2009a933ada85fe3435165831cba3ace,True,3
amcu:1309,amcu,137-р,2025-04-10,3206,77e94febc89412c9240207c46102555f,True,3
amcu:131,amcu,1050-р,2025-12-25,131967,d89a665686b3e01b2a800f7ff60e11cb,True,131
amcu:1310,amcu,138-р,2025-04-10,3206,46a742e2cd0e34d8d70f3f9541643e43,True,3
amcu:1311,amcu,139-р,2025-04-10,3205,05bab5a6b45a3ce16cebf21795715a1e,True,3
amcu:1312,amcu,140-р,2025-04-10,3206,16212cd0b330607b97d76f7c04eaac14,True,3
amcu:1313,amcu,141-р,2025-04-10,3206,133179bc66470d6a97a88e8876b0e06b,True,3
amcu:1314,amcu,142-р,2025-04-10,3206,2b63d7ad92bf5186abef1de522641c76,True,3
amcu:1315,amcu,143-р,2025-04-10,3206,7c9124d9ab6e6c25278bfc402fe008e0,True,3
amcu:1316,amcu,144-р,2025-04-10,3206,5608334653703442e11b7f4eabfc722a,True,3
amcu:1317,amcu,145-р,2025-04-10,3206,88c49cdeeddccb49e6eefba61a21548a,True,3
amcu:1318,amcu,146-р,2025-04-10,3136,2e952fcc47359d9d7b1944ac35434223,True,3
amcu:1319,amcu,147-р,2025-04-10,3148,d25e6f3b478b7b5f23b12d254e6ea4a8,True,3
amcu:132,amcu,1051-р,2025-12-25,32569,5fdc3d0d2c444a00171087dc89488738,True,32
amcu:1320,amcu,148-р,2025-04-10,3101,659d298dfcb4e43e7745d083bd9cc25b,True,3
amcu:1321,amcu,149-р,2025-04-10,3146,2df544807e32575db22dc9a398dfde9e,True,3
amcu:1322,amcu,150-р,2025-04-10,3206,896a20f48fb06e4783156a47cee0c06f,True,3
amcu:1323,amcu,151-р,2025-04-10,3233,97f12984049c5ed6f60969f4b33a09d0,True,3
amcu:1324,amcu,152-р,2025-04-10,3082,b7e53ca9eb8fba89ec5690c7f6f9a415,True,3
amcu:1325,amcu,153-р,2025-04-10,3475,af64ddfeae5c346c58ce13c7ec937c60,True,4
amcu:13250,amcu,81-р,2017-03-14,2102,22291d94118137bd43e847eabd6032e9,True,2
amcu:13251,amcu,82-р,2017-03-14,4250,ff37c97e6df9d4d4437f1a39b412d594,True,4
amcu:13252,amcu,83-р,2017-03-14,4292,d397be575cbdd0c0e4a8ab3cb459514a,True,4
amcu:13253,amcu,84-р,2017-03-14,4253,d5b472ef005890e3f0ae4d04eb150621,True,4
amcu:13254,amcu,85-р,2017-03-14,4177,e4e717b7a43dcb344a22d4e64fca6bf3,True,4
amcu:13255,amcu,86-р,2017-03-14,4256,598eb1d73826050e89f8ee520a5ee879,True,4
amcu:13256,amcu,87-р,2017-03-14,4295,ebbf51efc575e7353995b46387018a03,True,4
amcu:13257,amcu,88-р,2017-03-14,4295,9122808e03e640d9d9ce07b21a0dba51,True,4
amcu:13258,amcu,89-р,2017-03-14,4260,61d987c3d7d0da40df5a0c6a91278124,True,4
amcu:13259,amcu,90-р,2017-03-14,4059,1402d225c9bebb56cd763eab1933dd2e,True,4
amcu:1326,amcu,154-р,2025-04-10,3461,895a204efdbb9d28f1f07539fdc24dcc,True,4
amcu:1327,amcu,155-р,2025-04-10,1929,1547f0db824a3bf9eb8d63b2da75fde1,True,2
amcu:1328,amcu,156-р,2025-04-10,3721,a15dc832ec3e1d302b6dd629a678ac6d,True,4
amcu:13288,amcu,686-р,2018-12-04,19957,a834ef402f1082dea2269663b317cb3b,False,0
amcu:13289,amcu,682-р,2018-12-04,42293,eb081a6902355ef2d8f38cbeecd9608a,False,0
amcu:1329,amcu,157-р,2025-04-10,1999,63de78a6a4c20a960ee33b7c2b15d304,True,2
amcu:13290,amcu,683-р,2018-12-04,21509,7817e502bb86bad04b2db612eabe08b3,False,0
amcu:13291,amcu,684-р,2018-12-04,19802,a358a494d986e611a8dd525d7ca5e760,False,0
amcu:13292,amcu,685-р,2018-12-04,16820,b941cefd5f6c0cbf2631e2727d681985,False,0
amcu:133,amcu,1052-р,2025-12-25,32489,9ede3534bafbd8335b46d6b36e70f9e9,True,32
amcu:1330,amcu,158-р,2025-04-10,9533,ce87f5c2028a0c82df14f36c3eac58b2,True,9
amcu:13308,amcu,688-р,2018-12-06,30598,62f02ae3986ac34b2d14c64fe40eedd8,True,30
amcu:13309,amcu,701-р,2018-12-06,53064,6a59cf08e9564a430f08e21a61b3c854,True,52
amcu:1331,amcu,164-р,2024-04-17,16378,604387d4d1dce943df89da17184fd08d,True,16
amcu:13310,amcu,696-р,2018-12-06,23024,4e90ee785db6c4391d9d4af5852fbfc6,True,22
amcu:13311,amcu,697-р,2018-12-06,19268,d0ab9b43eb07839af2f44b933c6389ab,True,19
amcu:13312,amcu,690-р,2018-12-06,34091,01edba7cd38781bde5e57e3cc35b85cb,True,33
amcu:13313,amcu,699-р,2018-12-06,24161,075e539c386273af59d6072a0af91671,True,24
amcu:13314,amcu,689-р,2018-12-06,29474,f6b217e0aeae06925a9afedc71acebaa,True,29
amcu:13315,amcu,691-р,2018-12-06,37710,8d7b21f00ab1625cad6a6487f0047566,True,38
amcu:13316,amcu,692-р,2018-12-06,53665,b822ddf0ec74006ef4538af43c808dea,True,53
amcu:13317,amcu,695-р,2018-12-06,21475,d69cee750554e2296eead950e0b1ac2a,True,21
amcu:13318,amcu,698-р,2018-12-06,17277,86fe1269c3ca1a977b4c8edd01143657,True,17
amcu:13319,amcu,700-р,2018-12-06,28553,76c8d263f09a22b3b2fed49b28032996,True,28
amcu:1332,amcu,165-р,2024-04-17,18724,6c338e58e131ccdb57dae96065dc51bf,True,18
amcu:13320,amcu,687-р,2018-12-06,5864,be72706bf3496351c9bb7a78b0942ec4,True,6
amcu:13321,amcu,693-р,2018-12-06,15548,b3377c94084f4cd9818ac3e8594052f0,True,15
amcu:13322,amcu,694,2018-12-06,15489,a4c2d8352bc67c190df29afbde02c49f,True,15
amcu:1333,amcu,166-р,2024-04-17,98997,58a797c3c5d73215810929c6a6e6cb1a,True,92
amcu:13333,amcu,714-р,2018-12-10,25249,18b6dca74e4e24462dd5d383a2784772,False,0
amcu:13334,amcu,702-р,2018-12-10,4923,208601095f2299b88cb98de014703407,False,0
amcu:13335,amcu,706-р,2018-12-10,3948,0eac3a40917acda99c65fcc49edbc6a7,False,0
amcu:13336,amcu,705-р,2018-12-10,4690,1b3b99ebd4d554ea4bc0b1d1cdcaabc8,False,0
amcu:13337,amcu,707-р,2018-12-10,4084,46e655d94c032f7cf428f6c039de5c8d,False,0
amcu:13338,amcu,710-р,2018-12-10,18991,30b4d65b028f74f5ff9ac7527cddb153,False,0
amcu:13339,amcu,703-р,2018-12-10,4430,2a33c015becfa8937a2d56a6ce9af198,False,0
amcu:1334,amcu,159-р,2025-04-17,3437,0dd20df6d9fcb19ab43f02095d6e755d,True,3
amcu:13340,amcu,704-р,2018-12-10,4106,cdc214a30dff1e400dc96d309538618e,False,0
amcu:13341,amcu,708-р,2018-12-10,2958,003fddfd021864d7d542e58a78cd67eb,False,0
amcu:13342,amcu,709-р,2018-12-10,4207,d2ccb5303e7d0b960f98f730d75c9729,False,0
amcu:13343,amcu,711-р,2018-12-10,18543,e8164f564da3aa9068c41b7adddc1a76,False,0
amcu:13344,amcu,712-р,2018-12-10,22493,25ae78e2a1c7caac7712b070a4b020c6,False,0
amcu:13345,amcu,713-р,2018-12-10,19174,64d2e49c1da5384becaf56254c39169a,False,0
amcu:13346,amcu,713-р,2018-12-10,19023,50090112ac85989a2ad843860778ee6d,False,0
amcu:1335,amcu,160-р,2025-04-17,3206,12e9239364892894251488cd03480609,True,3
amcu:13353,amcu,715-р,2018-12-11,84230,64677c5721ed8277b99cdf48c3ce3cbb,True,84
amcu:13354,amcu,718-р,2018-12-11,3377,8adaafae158a6fbd34b66cc9e35e4bda,True,3
amcu:13355,amcu,716-р,2018-12-11,53260,0bc7076fd1a9b1db24f0c503495f8ac9,True,53
amcu:13356,amcu,717-р,2018-12-11,55799,807450b897d34416689ba71b75e65371,True,54
amcu:13357,amcu,719,2018-12-11,100765,b3f0006bf61aeec3be3a66468ce005a2,True,100
amcu:1336,amcu,161-р,2025-04-17,34181,a5d87c9c338dbd0a1e02df65ed85a71c,True,33
amcu:13364,amcu,720-р,2018-12-13,99275,675b715b6781fdbfd2c241ac32b9d165,False,0
amcu:13365,amcu,721-р,2018-12-13,64713,3a6c47097e946a0ce488a16c5e1072f9,False,0
amcu:13366,amcu,722-р,2018-12-13,19734,019f128ee5729ce332f345d85435e50a,False,0
amcu:13367,amcu,723-р,2018-12-13,20020,9e3de2c42cb951f87b3b81dab4842ab4,False,0
amcu:13368,amcu,724-р,2018-12-13,16496,d916b78738a5fbd878a7f04dc0eae54e,False,0
amcu:13369,amcu,725-р,2018-12-13,39579,7eb4e899bf7841fa077f74f70f6257f8,False,0
amcu:1337,amcu,162-р,2025-04-17,14652,bca6a5dd2dde37e73df8aff0393b6f4e,True,14
amcu:1338,amcu,163-р,2025-04-17,27091,d912d8dc9ee00863940b743484d366da,True,26
amcu:13383,amcu,726-р,2018-12-17,2043,58d648983bb8da41e82624a91aee16c6,True,2
amcu:13384,amcu,732-р,2018-12-17,7640,1866d7f6925f021ca0f027c644688d3a,True,8
amcu:13385,amcu,739-р,2018-12-17,19696,710ae1ecfadee3a05163b218fe87b13b,True,19
amcu:13386,amcu,733,2018-12-17,51996,347a77448aea530daab42c13aa172e74,True,52
amcu:13387,amcu,740-р,2018-12-17,43987,b2005ab04462be48554bea07b3b02601,True,44
amcu:13388,amcu,734-р,2018-12-17,19364,f75b2fd9c9701625f6c3e60e48d2534e,True,19
amcu:13389,amcu,735-р,2018-12-17,18238,6e291b401b5ccfc6b1b6bb771e63bf63,True,18
amcu:1339,amcu,167-р,2025-04-24,4103,6bf3739368d2e359fa02c996230724da,True,4
amcu:13390,amcu,736-р,2018-12-17,24590,d0a2d6b89737875b78e8bc41cd2f95c9,True,24
amcu:13391,amcu,737-р,2018-12-17,41427,1317ccbc7448ebe49643e88419a53c96,True,42
amcu:13392,amcu,738-р,2018-12-17,31895,e3dffbc018605e440fdc298b59ab1bd8,True,32
amcu:13393,amcu,727-р,2018-12-17,2005,e0c7bdededb9a94788559fa74ff989db,True,2
amcu:13394,amcu,728-р,2018-12-17,1973,c371291698dc660d94715dcf9c8a5abd,True,2
amcu:13395,amcu,729-р,2018-12-17,2006,57546710324fdac16c6de6ae7d40ec28,True,2
amcu:13396,amcu,730-р,2018-12-17,2090,2ba405b5f2fc2b5d239c7c3058bd0ae7,True,2
amcu:13397,amcu,731-р,2018-12-17,4530,c09d73c4346510483c871477c162c23a,True,5
amcu:134,amcu,1053-р,2025-12-25,24009,08d18177da346b04ca8987bda078314d,True,23
amcu:1340,amcu,168-р,2025-04-24,3173,015e03bb35798847f2dcb58afa0dcb78,True,3
amcu:1341,amcu,169-р,2025-04-24,3646,99695fdaf6057fdf8c6f7299af0817aa,True,4
amcu:1342,amcu,170-р,2025-04-24,3307,bfe2af1d742e54809722d1048c38752e,True,3
amcu:13422,amcu,758-р,2018-01-20,5674,b169f5a4ce728a8d2853e110f93bd872,True,6
amcu:13423,amcu,755-р,2018-01-20,2221,eaf6498ccf750594fb9626267285c7cb,True,2
amcu:13424,amcu,,2018-01-20,2893,83dd38c7fc9aac2b9bb0271f8fc28dca,True,3
amcu:13425,amcu,742-р,2018-01-20,2101,8916db8f8c3127209b6110f6276ee992,True,2
amcu:13426,amcu,743-р,2018-01-20,1947,46f689a501ba7505b159574953d1b480,True,2
amcu:13427,amcu,744-р,2018-01-20,2152,897251369d3985bad68ab0f0c51388b9,True,2
amcu:13428,amcu,745-р,2018-01-20,2221,d644e15c2148b23b8dd526c0c27e3e55,True,2
amcu:13429,amcu,746-р,2018-01-20,2030,f722b31156aa56632eba67a2e14db6b4,True,2
amcu:1343,amcu,171-р,2025-04-24,3344,40de61b040f661b9e21157c2159f3a3c,True,3
amcu:13430,amcu,747-р,2018-01-20,2033,15c494a1b7956d21e06dc8950de2fbe4,True,2
amcu:13431,amcu,750-р,2018-01-20,10888,b0369e1ee79dcadd9bf58aecc5a0b496,True,11
amcu:13432,amcu,751-р,2018-01-20,16821,b206732b1d0c1260a3587a59774e8a36,True,17
amcu:13433,amcu,756-р,2018-01-20,2229,9ba98970e860a7f4c5ee2d5f7c933c4e,True,2
amcu:13434,amcu,757-р,2018-01-20,2208,9e89f5fa18f0cc3836f42daa584baf48,True,2
amcu:13435,amcu,764-р,2018-01-20,13687,e80b53fad80019d86ede5e25f63dbe1e,True,13
amcu:13436,amcu,759-р,2018-01-20,24661,03e318921674fa905bc6dda88ffeec1e,True,24
amcu:13437,amcu,748-р,2018-01-20,67783,681e5bb470659a072bfd95a865db7893,True,66
amcu:13438,amcu,760-р,2018-01-20,20072,63c4125f2229b46a8c2f745777876fb0,True,20
amcu:13439,amcu,762-р,2018-01-20,26841,8cfaa264479de04c0837856c09cc95fd,True,26
amcu:1344,amcu,172-р,2025-04-24,3232,15bd2dc3bcaafe4b1613780eaab7990f,True,3
amcu:13440,amcu,763-р,2018-01-20,15287,6b6e01fd1a23c3a7160c051bac5e42f5,True,15
amcu:13441,amcu,765-р,2018-01-20,20914,852beacc17cdd82bb064a64665f975ae,True,20
amcu:13442,amcu,766-р,2018-01-20,25408,f8ee0020a126c3a18f3cac4fb8b12f03,True,25
amcu:13443,amcu,767-р,2018-01-20,20162,69e08758b7e796167da946779653d444,True,20
amcu:13444,amcu,768-р,2018-01-20,4007,286650a2ec7c15cbd587f468e1248dca,True,4
amcu:13445,amcu,749-р,2018-01-20,68721,290de3b264f220dafef798d0d13ed168,True,68
amcu:13446,amcu,754-р,2018-01-20,2298,ee1809106f950defa90b66c153e34738,True,2
amcu:13447,amcu,753-р,2018-01-20,2186,ec14247fa0ed69605a5f3882dcdacbdf,True,2
amcu:1345,amcu,173-р,2025-04-24,19765,e5ee9857cc57b51775166ac4d7050338,True,20
amcu:1346,amcu,174-р,2025-04-24,23351,60792846040a57f455a74234ecce769c,True,23
amcu:13463,amcu,670-р,2018-11-27,2626,430ac7a78f7f7844b6c5a2b8cd11cc41,False,0
amcu:13464,amcu,672-р,2018-11-27,2887,fa82887294ad40474e09dc3963190011,False,0
amcu:13465,amcu,669-р,2018-11-27,3301,670924cc89f6a5c2c9ee79bd5cee79a1,False,0
amcu:13466,amcu,671-р,2018-11-27,3290,06c2efda3b34c11267983f06b5abaee3,False,0
amcu:13467,amcu,673,2018-11-27,3510,ce869740a78dd7479c6c690b25270122,False,0
amcu:13468,amcu,,2018-11-27,4600,073c52349622259cd9d923d800934d96,False,0
amcu:1347,amcu,175-р,2025-04-24,30156,8b757d7f4293edee5c40b4f95027adb6,True,30
amcu:13475,amcu,782-р,2018-12-27,55785,4d8a6e9d6233f3d9505ede05d8659197,False,0
amcu:13476,amcu,785-р,2018-12-27,13429,12cbb09604b1785c99e12e4826d6d5be,False,0
amcu:13477,amcu,776-р,2018-12-27,3449,4c76fae7b4ad0a6ea7a5a1c5cd83daa7,False,0
amcu:13478,amcu,784-р,2018-12-27,36748,90dc66deec5551b71b7d857a87434dc3,False,0
amcu:13479,amcu,786-р,2018-12-27,23765,1339dfd54337746764f9c1e7ab4f07b1,False,0
amcu:1348,amcu,176-р,2025-04-24,16413,2e0a76377f51935f098d61e302518b91,True,16
amcu:13480,amcu,787-р,2018-12-27,33509,3de34e0a9716a4fe1cd8122d8f72a256,False,0
amcu:13481,amcu,788-р,2018-12-27,31979,3e27653ded943447e848a8f53b119e32,False,0
amcu:13482,amcu,789-р,2018-12-27,22749,d9ad6c48bb00c8f243caf018faa939eb,False,0
amcu:13483,amcu,770-р,2018-12-27,3217,67a461b79fdbd574701679035c029534,False,0
amcu:13484,amcu,769-р,2018-12-27,2253,fa0430b4722a4f5a6286c694382b7081,False,0
amcu:13485,amcu,777-р,2018-12-27,3650,5b69a05274715159a0922013b53de62f,False,0
amcu:13486,amcu,778-р,2018-12-27,3092,e1280858a985cddb83bd79ab95656da0,False,0
amcu:13487,amcu,783-р,2018-12-27,53882,9e09974424632c41ba13f3cbbf095335,False,0
amcu:13488,amcu,771-р,2018-12-27,4269,4db8cf9cb71136b94b1920d172ea63aa,False,0
amcu:13489,amcu,772-р,2018-12-27,5873,537b73b5e7da03a3511b1c9417d03a52,False,0
amcu:1349,amcu,709-р,2019-10-31,2221,fe75c14d57a850928c302ec1a4cccc41,True,2
amcu:13490,amcu,773-р,2018-12-27,4332,b9bd7e5b0ddbc9f9c9876ace59389ed2,False,0
amcu:13491,amcu,774-р,2018-12-27,4317,5d0cca9be254af12d99b34bda2629c85,False,0
amcu:13492,amcu,775-р,2018-12-27,4318,a9e32230d97b916489056c70bc332ddb,False,0
amcu:13493,amcu,779-р,2018-12-27,2913,0cfdfde3b681e82432b1d56614c306da,False,0
amcu:13494,amcu,780-р,2018-12-27,3769,67fb0ff40d11b477d4eeb8b8e68441f4,False,0
amcu:13495,amcu,781-р,2018-12-27,3429,f2d1a63f0960b69c683626a5444925ac,False,0
amcu:13496,amcu,793-р,2018-12-27,37006,1d9c8389a55b3247960064dcc7d7ffd7,False,0
amcu:13497,amcu,795-р,2018-12-27,43596,c7982f473bffe3056326f54e3f4c51cb,False,0
amcu:13498,amcu,790,2018-12-27,14980,d957dd50a64412cc1d17d9b87a68fca2,False,0
amcu:13499,amcu,791-р,2018-12-27,16501,18a43425475f7928b467a95ad0a84af4,False,0
amcu:135,amcu,1054-р,2025-12-25,32486,7989a62075713c76e83a009b6c4920e8,True,32
amcu:1350,amcu,710-р,2019-10-31,2076,5e7c27637e89df98e4cd6cc0dc8d2825,True,2
amcu:13500,amcu,792-р,2018-12-27,37030,43c9a8ed3048c422e91ede6a7e74e608,False,0
amcu:13501,amcu,794-р,2018-12-27,23198,8f99b08d5a901fc925e08fe07e873a2f,False,0
amcu:1351,amcu,711-р,2019-10-31,2118,d0552f585769e11aea7887c7f8d4fc27,True,2
amcu:1352,amcu,712-р,2019-10-31,3555,70a28564424dc7117f9490d046ccadf8,True,4
amcu:13525,amcu,675-р,2018-11-29,28829,3368fd8ffc28bc195aba093bdaaec4be,True,28
amcu:13526,amcu,681-р,2018-11-29,19762,66f03db712602b886bbcd06cfa998989,True,20
amcu:13527,amcu,676-р,2018-11-29,33367,1619166b84cadb3404ebba453734b007,True,33
amcu:13528,amcu,678-р,2018-11-29,16170,954232f2f40cf692b76e114aaddfdcce,True,16
amcu:13529,amcu,679-р,2018-11-29,33230,f50f17e7c5b60ad8d0030f6df9b69b74,True,33
amcu:1353,amcu,713-р,2019-10-31,4888,4fffeaca5d6eca4a7de726a157591854,True,5
amcu:13530,amcu,680-р,2018-11-29,26748,44a4d9aa03736501c32e96b5ae2e0f3e,True,26
amcu:13531,amcu,677-р,2018-11-29,18677,594691738c5f6e6fec63800a835254df,True,19
amcu:1354,amcu,714-р,2019-10-31,4848,0f3ccaedd24228bef0f94929553d7fba,True,5
amcu:13542,amcu,79-р,2019-02-06,17756,b6c53314437ccc88eb9756e930d7374f,True,18
amcu:13543,amcu,80-р,2019-02-06,17972,492cf0debcdb997445e8c5531b92f2e2,True,18
amcu:13544,amcu,85-р,2019-02-06,23190,f951d96828f540b20512d0786e5ca771,True,23
amcu:13545,amcu,86-р,2019-02-06,39682,f67d0531a791f3f53f9158cd8f179b57,True,40
amcu:13546,amcu,75-р,2019-02-06,28750,4113f4ef9ff81a83e7d49c6310b02427,True,29
amcu:13547,amcu,76-р,2019-02-06,34848,af1b503bd65a96fbbc6b799b6cfedf34,True,34
amcu:13548,amcu,78-р,2019-02-06,18152,105039e03619b4c78a11c081315e2b86,True,18
amcu:13549,amcu,82-р,2019-02-06,20455,f62c27f5f21c27bbe07dfae07905e46b,True,20
amcu:1355,amcu,715-р,2019-10-31,38574,10f610f59013a6709f115a5a5b4c9695,True,38
amcu:13550,amcu,83-р,2019-02-06,18765,3d747736bb45bd4314520acbb58da6aa,True,19
amcu:13551,amcu,77-р,2019-02-06,30259,87947c7fe41f58e8313b7cc988cea697,True,30
amcu:13552,amcu,81-р,2019-02-06,16457,7ac2e78a980dc1c6ab27e1925e80663e,True,16
amcu:13553,amcu,74-р,2019-02-06,27789,938016c1a7b48d090bf9241db57af3ea,True,27
amcu:13554,amcu,84-р,2019-02-06,17738,72dbdd089c3d7edaaa0aeb1be5d6fd72,True,18
amcu:1356,amcu,716-р,2019-10-31,2189,8536a2d4142b33e8463b58b049044e67,True,2
amcu:13563,amcu,87-р,2019-02-07,4846,929ad9fb9bdd5c43bad19fa36bc45760,True,5
amcu:13564,amcu,88-р,2019-02-07,3581,00edbc156e8187d089463de90d214d64,True,4
amcu:13565,amcu,89-р,2019-02-07,3422,c03821bae3f1269488b8b5ee83239572,True,3
amcu:13566,amcu,90-р,2019-02-07,4585,be44cf7ca59cbe391d30f46567f49ceb,True,5
amcu:1357,amcu,717-р,2019-10-31,2173,ddb37d0227d538af8a4837873f9a4681,True,2
amcu:1358,amcu,718-р,2019-10-31,2233,fe37a7378051dc57ab45cea1d2b10094,True,2
amcu:13583,amcu,91-р,2019-02-13,38043,e699c57edd63203c89e2b1b25ea432e3,True,38
amcu:13584,amcu,101-р,2019-02-13,19822,6b885aa245879ebe60f6cf68ba78fe96,True,20
amcu:13585,amcu,104-р,2019-02-13,29040,795fdfe669cf419de744fa51edf157e8,True,29
amcu:13586,amcu,107-р,2019-02-13,20233,8efd260d1fab5e57a89a950b73adbb04,True,20
amcu:13587,amcu,92-р,2019-02-13,39750,9e615bd849b9f4947bc9dcc486ae2026,True,40
amcu:13588,amcu,94-р,2019-02-13,31530,7e1d9710432a2fcdb7ca7706d15d5231,True,32
amcu:13589,amcu,95-р,2019-02-13,17387,f831af9931a232c26031c5b3c14afb3f,True,17
amcu:1359,amcu,719-р,2019-10-31,3547,74b66f20caf4faff9d17afac844a98c1,True,3
amcu:13590,amcu,102-р,2019-02-13,29202,9e4383f35243cbc12fa928166cd388cb,True,29
amcu:13591,amcu,103-р,2019-02-13,35032,0d4b83148810663ae8e641263b597814,True,35
amcu:13592,amcu,106-р,2019-02-13,23411,5d279ef87fdf0498a5fcdbe64d14a5a5,True,24
amcu:13593,amcu,93-р,2019-02-13,17387,f831af9931a232c26031c5b3c14afb3f,False,0
amcu:13594,amcu,96-р,2019-02-13,23344,a90892d362a5bc1485ff08217426361f,True,23
amcu:13595,amcu,97-р,2019-02-13,18367,43dd0225d49a676cb11fe53252eb6fbc,True,18
amcu:13596,amcu,98-р,2019-02-13,20121,4b60b6c603b0101694370f259250f852,True,20
amcu:13597,amcu,99,2019-02-13,22713,240b2edcbdd12ce96a22119cc6e85f9f,True,22
amcu:13598,amcu,100-р,2019-02-13,18650,3b5d3735b1cc80883ea0ad58516ffc20,True,19
amcu:13599,amcu,105-р,2019-02-13,96295,79ac8dc1283c57fc86137c489355edb0,True,96
amcu:136,amcu,1055-р,2025-12-25,32489,3b6b5153d95ec5905614c0f768791c6f,True,32
amcu:1360,amcu,5-рк,2021-03-11,17385,a8a94ae8a76c58a2a89291fcdcabda4b,True,18
amcu:1361,amcu,6-рк,2021-03-11,15915,75835824aab0f614ad17af6154a695c9,True,16
amcu:1362,amcu,7-рк,2021-03-11,14305,5957ffed19e973e36aeec2bd71426563,True,14
amcu:1363,amcu,8-рк,2021-03-18,29864,af1e9592ac48804cd8e335a5febf45b9,True,30
amcu:13631,amcu,112-р,2019-02-20,18101,35ed308f1e80e1c6d33cbb0b2ddc71be,True,18
amcu:13632,amcu,113-р,2019-02-20,18133,9c111994887507843150f964cea3dcc9,True,18
amcu:13633,amcu,114-р,2019-02-20,21584,3650755cbeb627b9f941bc931c077dce,True,22
amcu:13634,amcu,110-р,2019-02-20,15611,b17e9b66d38c3c9ea47465872951f143,True,16
amcu:13635,amcu,111-р,2019-02-20,24222,2ff7864e7d3d4b77215df6c6e86fb510,True,24
amcu:13636,amcu,108-р,2019-02-20,17232,6ddbd75a77b493d2f43e75f3ad3125bf,True,17
amcu:13637,amcu,109-р,2019-02-20,18111,e1d6fb5c59eebb6ddae074e579740c53,True,18
amcu:1364,amcu,9-рк,2021-03-23,19304,c01ef8a2c5f3f7c228e8c5e1aaa0d991,True,19
amcu:13643,amcu,112-р,2019-02-20,18101,35ed308f1e80e1c6d33cbb0b2ddc71be,False,0
amcu:13644,amcu,113-р,2019-02-20,18133,9c111994887507843150f964cea3dcc9,False,0
amcu:13645,amcu,114-р,2019-02-20,21584,3650755cbeb627b9f941bc931c077dce,False,0
amcu:13646,amcu,110-р,2019-02-20,15611,b17e9b66d38c3c9ea47465872951f143,False,0
amcu:13647,amcu,111-р,2019-02-20,24222,2ff7864e7d3d4b77215df6c6e86fb510,False,0
amcu:13648,amcu,108-р,2019-02-20,17232,6ddbd75a77b493d2f43e75f3ad3125bf,False,0
amcu:13649,amcu,109-р,2019-02-20,18111,e1d6fb5c59eebb6ddae074e579740c53,False,0
amcu:1365,amcu,10-рк,2021-03-25,14301,2552ec7dfa1bd0074e24375d0b83a2c3,True,14
amcu:13651,amcu,115-р,,2200,dde5d889e7a5af6f358245facfd0f367,True,2
amcu:13652,amcu,116-р,,20396,a37c9270130cebdc94d0f5bde880465b,True,21
amcu:1366,amcu,725,2019-11-12,4773,710678f7e150f1aba50a6e631a442f13,True,5
amcu:1367,amcu,726,2019-11-12,3804,0d70a6aea7c0d19fc5f2bdd8497d414e,True,4
amcu:1368,amcu,727-р,2019-11-12,4044,eb6204a8e017ea76ae007a2e506d8b2c,True,4
amcu:1369,amcu,728-р,2019-11-12,3346,4de0683d845ba7224115f5ba0945dc21,True,3
amcu:13699,amcu,55-р,2019-01-30,20424,f55fc5f067fbf39a835cf3a72b103cd8,True,20
amcu:137,amcu,1056-р,2025-12-25,32484,62ecace02d51f7f1e3a4519b19cf7d6c,True,32
amcu:1370,amcu,729-р,2019-11-12,3395,d4be92aa831e6b19f31bbe1f2e7da43a,True,3
amcu:13700,amcu,63-р,2019-01-30,28142,fe99da6ef5be1931167013d7d568e2db,True,28
amcu:13701,amcu,54-р,2019-01-30,18660,ca36582098168e73e05e12207f59489e,True,19
amcu:13702,amcu,57-р,2019-01-30,18088,6bc62996cbd1747f08bdd0775979830c,True,18
amcu:13703,amcu,58-р,2019-01-30,25909,11bfb43cfc80037e509991cf1939554e,True,26
amcu:13704,amcu,59-р,2019-01-30,41071,bbbe51e989f956cf7d789d1b40d094c2,True,41
amcu:13705,amcu,60-р,2019-01-30,18030,851b7adf972c8f9831ded925aa9c071a,True,18
amcu:13706,amcu,61-р,2019-01-30,61631,d281fae0c3f44a19edf462122b1b6fea,True,61
amcu:13707,amcu,62-р,2019-01-30,21995,85f40656997cba5f45ad9831b10ade34,True,22
amcu:13708,amcu,50-р,2019-01-30,31207,eeba87cab2ad377a3f451e3d66174ea6,True,31
amcu:13709,amcu,53-р,2019-01-30,16386,36d508996c95a2e7820411edcb5b703a,True,16
amcu:1371,amcu,730-р,2019-11-12,3342,af31dbfe516d44508d7ab380a8f9c42b,True,3
amcu:13710,amcu,51-р,2019-01-30,19302,19ef49eb14309b9738b879f7b313f2dd,True,18
amcu:13711,amcu,52-р,2019-01-30,15882,b3ee1a525ed75bab4c2c203acb0fe2b1,True,15
amcu:13712,amcu,56-р,2019-01-30,16751,fe4ee51cd7be64cd1b397b0d00fdc887,True,16
amcu:1372,amcu,731-р,2019-11-12,3385,98291a53e77e4a25dacd2b92bf5ebb45,True,3
amcu:1373,amcu,732-р,2019-11-12,3505,c1f7b9abb93d4f41c157e76fdff9064d,True,3
amcu:13731,amcu,64-р,2019-01-31,31699,e38bfb5ac6f1fab0c08be96aa9a63397,True,32
amcu:13732,amcu,65-р,2019-01-31,36150,7630e75205588bd44b83cbf1d38ee873,True,36
amcu:13733,amcu,66-р,2019-01-31,32367,3db0dcd5d68b4534f303cae55504ff69,True,32
amcu:13734,amcu,68-р,2019-01-31,29341,a8a0e9335f9b20d077f10e9c483166f2,True,29
amcu:13735,amcu,69-р,2019-01-31,3922,3cc19527027898c96260a8c695839f5b,True,4
amcu:13736,amcu,70-р,2019-01-31,3939,feee84adea00071123d18faeb423380a,True,4
amcu:13737,amcu,67-р,2019-01-31,27089,82c6c77a52f40c6345cd7d83a785ee01,True,27
amcu:13738,amcu,73-р,2019-01-31,18559,b8b4869783a2449105b3ce1020b933f3,True,18
amcu:13739,amcu,71-р,2019-01-31,2742,eaf7631c54cdef8312233fd08a194a30,True,3
amcu:1374,amcu,733-р,2019-11-12,3143,7d40c2d60ed6117b4aa48de5575ccd7d,True,3
amcu:13740,amcu,72-р,2019-01-31,4964,e1ad4f2d314ca6fd7bcbd80b493a689b,True,5
amcu:1375,amcu,734-р,2019-11-12,3324,58a693652d5163963ee05a97655f9505,True,3
amcu:1376,amcu,735-р,2019-11-12,3341,d292351bbe0bfd328d14cf731eee47f7,True,3
amcu:1377,amcu,736-р,2019-11-12,3828,a25d436e168952b65898c83f4af89728,True,4
amcu:1378,amcu,737-р,2019-11-12,4632,8156b39ee535a2650a2d842ee84028ed,True,5
amcu:1379,amcu,738-р,2019-11-12,3523,949ab022b8e18d50623b261301991732,True,3
amcu:138,amcu,1057-р,2025-12-25,32484,20ba11f0411ac1a76bedad0e19168e5b,True,32
amcu:1380,amcu,739-р,2019-11-12,44538,2d9d1e9aa9759279beda8b1a86bb79f1,True,44
amcu:1381,amcu,740-р,2019-11-12,32443,ed3702920a8f0ae211d7bb952ed75504,True,32
amcu:1382,amcu,741-р,2019-11-12,88446,61e16d75eb0459b0639b4becf9c86bcf,True,88
amcu:1383,amcu,742,2019-11-12,71505,7dd02b60ed7a4e4ba0c79eeefdbdd00c,True,70
amcu:1384,amcu,226-р,,4686,2f47f0af275b36285187255465adb407,True,5
amcu:1385,amcu,227-р,,4561,b0edc6b85fdcb56d127c60d2a09f4b5e,True,5
amcu:1386,amcu,228-р,,4562,d46467caaba25fecf7243d7df049311f,True,5
amcu:1387,amcu,229-р,,4556,e7976eb6588089c9fba23c64b77d5287,True,5
amcu:1388,amcu,230-р,,4564,3204e24bf0df2bff3b66853a342b954d,True,5
amcu:1389,amcu,233-р,,3057,3171acc9dc79cd5ac53b55d6d4480be4,True,3
amcu:139,amcu,1058-р,2025-12-25,32490,b77ca54e49e0808f317f7125a96418b5,True,32
amcu:1390,amcu,234-р,,4113,928d9e0342ddcc22c267579c6d993d90,True,4
amcu:1391,amcu,235-р,,4132,a566701562c4ca443a7fb17b97de92d5,True,4
amcu:1392,amcu,236-р,,4155,626c150df844257503ff6f4e1d4b2a70,True,4
amcu:1393,amcu,237-р,,4204,6cfd98ad40a33dfab92fe910c6d78f66,True,4
amcu:1394,amcu,231-р,,4555,1bb3f55d8e8798d0aa452921f187dbe3,True,5
amcu:1395,amcu,232-р,,4555,8a44b8a4cb4cf6f7f9185fe51b98a894,True,5
amcu:1396,amcu,221-р,2019-04-11,54746,5f42f00aa0da1f29bb5ba1250a84572e,True,54
amcu:1397,amcu,222-р,2019-04-11,2095,595d594ce0071fa85dee009b4012bf8b,True,2
amcu:1398,amcu,223-р,2019-04-11,2085,7024b5eca0a50b1d6d63a7647d46d4da,True,2
amcu:1399,amcu,224-р,2019-04-11,2938,a81e8ab6074ad55f737e742312f246e0,True,3
amcu:14,amcu,933-р,2025-12-04,2111,a82a18fc90c8c5a9b89ef34db59e72e8,True,2
amcu:140,amcu,1059-р,2025-12-25,32505,d4e0e5fc5284fee3d09da03990625498,True,32
amcu:1400,amcu,225-р,2019-04-11,3595,89cd5b7b297f4e336ec34d380e889ca3,True,4
amcu:1401,amcu,153-р,2023-06-01,3070,ea8a9837e9bb1775c5740d7b9b9e9769,True,3
amcu:1402,amcu,154-р,2023-06-01,4602,572819a0f120b28813cfc6a126b78752,True,5
amcu:1403,amcu,155-р,2023-06-01,17355,d15480456a4e8278bde4bbf5fd72a0fa,True,17
amcu:1404,amcu,156-р,2023-06-01,16663,e670141b3be6dc85e9515bb41190e223,True,16
amcu:1405,amcu,157-р,2023-06-01,23826,cacebace19cb9bab8a92139ee1cf6e3d,True,24
amcu:1406,amcu,158-р,2023-06-01,66809,27f99858de5680a111d0ac56a647a361,True,66
amcu:1407,amcu,159-р,2023-06-01,48178,1df15a98b6faef3ed37655ef8b201bbd,True,46
amcu:1408,amcu,160-р,2023-06-08,4974,a2a107706421baa9f40dfe9b3d24155a,True,5
amcu:1409,amcu,161-р,2023-06-08,4246,209ad106a9ae143442bf49f65fb6aa8f,True,4
amcu:141,amcu,1060-р,2025-12-25,23926,e0efd8cb34331d32ae08bc06690da0b2,True,23
amcu:1410,amcu,162-р,2023-06-08,2612,fef2117cf4268f80e668cb0d27555b2f,True,3
amcu:1411,amcu,163-р,2023-06-08,64462,5cd8a9965618e6e22b0c7a821f3cf2d6,True,62
amcu:1412,amcu,164-р,2023-06-15,2886,1f38275d503e15222762e0df2e85e12b,True,3
amcu:1413,amcu,165-р,2023-06-15,2889,c83b5c30692fca1a2d8af1d59bf52908,True,3
amcu:1414,amcu,166-р,2023-06-15,2925,74d4ccaad54221331f17ff62b7131768,True,3
amcu:1415,amcu,167-р,2023-06-15,2489,b9223faef92638507af79da29eb217e2,True,3
amcu:1416,amcu,168-р,2023-06-15,2516,e80cbc2f3b48732f8a68b83066f21c31,True,3
amcu:1417,amcu,169-р,2023-06-15,4336,dfb9c2980daf5dddabf9d28e8b2e9911,True,4
amcu:1418,amcu,170-р,2023-06-15,70029,1a90273db6d326a47f2b2c39df1feda1,True,70
amcu:1419,amcu,171-р,2023-06-15,393600,720b2021ee496edcbe5c80aa06b32f71,True,177
amcu:142,amcu,1061-р,2025-12-25,32486,245e502bd0f2f054fe707fceead45779,True,32
amcu:1420,amcu,172-р,2023-06-22,2224,0e560dc2401727fc79537c62e74d9e9c,True,2
amcu:1421,amcu,173-р,2023-06-22,5876,5eb6802cab7e5ec839db92459934eea2,True,6
amcu:1422,amcu,174-р,2023-06-22,5404,8feb9d6f5336005157b1ec905126b9df,True,5
amcu:1423,amcu,175-р,2023-06-22,5483,91a0bbde0547731c8cfc22f03638f1c1,True,6
amcu:1424,amcu,176-р,2023-06-22,3556,370c6f563f4c40ef40a9280215ee5e30,True,4
amcu:1425,amcu,177-р,2023-06-22,16956,676524798b04bed604695daea4623941,True,17
amcu:1426,amcu,178-р,2023-06-29,9397,4a21dd64f5c6334e6782f57d60f633fe,True,9
amcu:1427,amcu,179-р,2023-06-29,9487,d53718a8efe99707f88dbd413235401c,True,9
amcu:1428,amcu,180-р,2023-06-29,9510,5042d4fe3028879230f6b491d848fabe,True,9
amcu:1429,amcu,181-р,2023-06-29,9524,ad0bf5d49d3560bcac3f26a619d5f6cb,True,9
amcu:143,amcu,1062-р,2025-12-25,32487,92dee9fabf6cf364710eaa4c5f6c7f85,True,32
amcu:1430,amcu,182-р,2023-06-29,3059,1543fd7f5b0e02aaa302e3347ecbe692,True,3
amcu:1431,amcu,183-р,2023-06-29,3373,7be307166ca158774412f851a5d47259,True,3
amcu:1432,amcu,184-р,2023-06-29,4860,a2f02d1216e6c31f08c3a40cb6c639c6,True,5
amcu:1433,amcu,185-р,2023-06-29,4625,5caee5dc4be06fc5cf209ad1818d3f6c,True,5
amcu:1434,amcu,186-р,2023-06-29,12577,b5d7dc93d69de582e16d8ad862f945a8,True,12
amcu:1435,amcu,304-р,2021-06-01,59339,5e696c7013d81f8e844fcb88d59ecb49,True,59
amcu:1436,amcu,305-р,2021-06-03,2638,8143704aaf1c3df7572f7ec05f2e6fd4,True,3
amcu:1437,amcu,306-р,2021-06-03,3326,ca329356066327ab4b48e134b02fec9a,True,3
amcu:1438,amcu,307-р,2021-06-03,2721,50834db9135d1eab6ecfecdda2c58622,True,3
amcu:1439,amcu,308-р,2021-06-03,2402,3a3671010828012e509922655454b337,True,2
amcu:144,amcu,1063-р,2025-12-25,24000,5f376591156513417e5f2f226b514baf,True,23
amcu:1440,amcu,309-р,2021-06-03,2242,464e977c748b225ef1ade2c6084f72a4,True,2
amcu:1441,amcu,310-р,2021-06-03,2219,2953d3482ea338f6aed7d3c6b461388e,True,2
amcu:1442,amcu,311-р,2021-06-03,2213,e4914da11c67cb6c460c986480acf14a,True,2
amcu:1443,amcu,312-р,2021-06-03,2209,cf5b0e08404c2a317946e1d8cc15c0e0,True,2
amcu:1444,amcu,313-р,2021-06-03,2224,e8aff770eb74021442cfee60e4d4934d,True,2
amcu:1445,amcu,314-р,2021-06-03,2215,c642499f75939b3cd71722375d6df377,True,2
amcu:1446,amcu,315-р,2021-06-03,2267,851372d2cc650851c418fc5606ead6d3,True,2
amcu:1447,amcu,316-р,2021-06-03,2279,981a7ceb20c701ed5c531112c6aee668,True,2
amcu:1448,amcu,317-р,2021-06-03,2271,dfd2c631436668af6ea5d67777412c8b,True,2
amcu:1449,amcu,318-р,2021-06-03,2230,870af9ee4125b993f38e89372ae14f66,True,2
amcu:145,amcu,1064-р,2025-12-25,32485,0c2911e432bcd05500388e1b06f97510,True,32
amcu:1450,amcu,319-р,2021-06-03,2211,da4b306b91b50e5da19e0470c0f2a218,True,2
amcu:1451,amcu,320-р,2021-06-03,2222,4d208c7ed936e0bfddada2c0dff2ebbd,True,2
amcu:1452,amcu,321-р,2021-06-03,2214,5c80312c2c92c036ca69179dec192543,True,2
amcu:1453,amcu,322-р,2021-06-03,2216,41c8ad258db8ded139ffe35595d1e1e9,True,2
amcu:1454,amcu,323-р,2021-06-03,2280,748f2b3c00c4b06a83a6f1804cfffc5a,True,2
amcu:1455,amcu,324-р,2021-06-03,2236,5a8ed68b7cc129a86381fae9d211e6ce,True,2
amcu:1456,amcu,325-р,2021-06-03,2230,b332e58038bae5cc99f76ad961a89283,True,2
amcu:1457,amcu,326-р,2021-06-03,2235,a4400cff1634a3dbd23bea70aba31b80,True,2
amcu:1458,amcu,327-р,2021-06-03,2269,1a195a2ebc5cd05140090d3adee2b039,True,2
amcu:1459,amcu,328-р,2021-06-03,2232,62fb062016ebad1f16be63a1c0dbbe93,True,2
amcu:146,amcu,1065-р,2025-12-25,32484,a66a40864a825760e697d4e03325f47b,True,32
amcu:1460,amcu,329-р,2021-06-03,2267,282df0e72fdac02cbb08a7b98aaf5617,True,2
amcu:1461,amcu,330-р,2021-06-03,2251,99fe67aad7dae33f6051d891e7a39259,True,2
amcu:1462,amcu,331-р,2021-06-03,2277,c5eb03e3c5320826fd2964310c4d4db2,True,2
amcu:1463,amcu,332-р,2021-06-03,2281,da1928b9988147404a3f9c5d99120f39,True,2
amcu:1464,amcu,333-р,2021-06-03,2282,5f519b737f1ec728bd14c7a63dc48177,True,2
amcu:1465,amcu,334-р,2021-06-03,2276,cb11fdd938162df6a5c1e91b84cd6432,True,2
amcu:1466,amcu,335-р,2021-06-03,2293,155111f380427b46409475d5984eed37,True,2
amcu:1467,amcu,336-р,2021-06-03,2258,07d7a7ca7338b9e9043f865ee6f2fda9,True,2
amcu:1468,amcu,337-р,2021-06-03,2258,2188c0ad47715f74c5e5e8ec32478db5,True,2
amcu:1469,amcu,338-р,2021-06-03,2287,cfe373ac4fa92b3d1ddc2e957d5ede59,True,2
amcu:147,amcu,1066-р,2025-12-25,32408,6ffe802beaef1fd58ecae3a7650fd52a,True,32
amcu:1470,amcu,339-р,2021-06-03,2252,72e0502c88e7dd9a686e06e2c36af222,True,2
amcu:1471,amcu,340-р,2021-06-03,2267,7bc0906c84bf395540d87a24b86a796e,True,2
amcu:1472,amcu,341-р,2021-06-03,2258,870dd0000a89ddcdb238db2652e41540,True,2
amcu:1473,amcu,342-р,2021-06-03,2258,dc22a2ef0854a29e6542d603b0513b83,True,2
amcu:1474,amcu,343-р,2021-06-03,2228,a80f86526fcc763caaa1e26b5b0ad137,True,2
amcu:1475,amcu,344-р,2021-06-03,2229,5371d7edfc973a804f9431bb7645b143,True,2
amcu:1476,amcu,345-р,2021-06-03,2235,bf346866a09f2796eadcd0c2e7e61889,True,2
amcu:1477,amcu,346-р,2021-06-03,2235,5ce4bed9f0802245347a545b79344d88,True,2
amcu:1478,amcu,347-р,2021-06-03,2235,7b3546ac0796ef760159a7a49a96aa2a,True,2
amcu:1479,amcu,348-р,2021-06-03,2279,0c0bc716db45e666d8c1d18a0bc8ff15,True,2
amcu:148,amcu,1067-р,2025-12-25,23989,d0b6d297424b4ddb30521ab23c30e1fc,True,23
amcu:1480,amcu,349-р,2021-06-03,2290,7f286ef5be565e1de2df1ecdfd2fff17,True,2
amcu:1481,amcu,350-р,2021-06-03,2211,1f412bc128625fe5ea3a8be1a4c9fa08,True,2
amcu:1482,amcu,351-р,2021-06-03,2211,c1ab807dee07d0deb56cf6b16dc3beb7,True,2
amcu:1483,amcu,352-р,2021-06-03,2215,7003a47fff55ee352ee3ddef122b123e,True,2
amcu:1484,amcu,353-р,2021-06-03,2212,d9cacd14bb27739e3e64f0962edbb82e,True,2
amcu:1485,amcu,354-р,2021-06-03,2041,1ae49c5f9d0348a49a3f54db599a941d,True,2
amcu:1486,amcu,355-р,2021-06-03,17080,f4f105e6c596914ff940f4063f663c89,True,17
amcu:1487,amcu,356-р,2021-06-03,16379,a8ff3a4352ce48e319fab4209527edc2,True,16
amcu:1488,amcu,357-р,2021-06-03,5085,957db7ddd76795c9af29084be178570a,True,5
amcu:1489,amcu,358-р,2021-06-03,73979,02af0dee0e016bddba58933a8000b448,True,73
amcu:149,amcu,1068-р,2025-12-25,36650,88ec95761869c02e0017705eef985c1e,True,35
amcu:1490,amcu,359-р,2021-06-03,79608,0456bf7456bbbe854720d313f4c14b1c,True,78
amcu:1491,amcu,360-р,2021-06-03,44649,51ea1312623a6515dddace52644a3b5d,True,44
amcu:1492,amcu,361-р,2021-06-03,81673,d4ab07d30f307018cdf9c1d3d41ffd99,True,81
amcu:1493,amcu,362-р,2021-06-11,6701,572ba588e85726e153f78ba2c3405547,True,7
amcu:1494,amcu,363-р,2021-06-11,4731,f841b0ec18ea665e10b04c6c25429d82,True,5
amcu:1495,amcu,364-р,2021-06-11,2696,275bac5fb0c8aa38d621b05e512d1028,True,3
amcu:1496,amcu,365-р,2021-06-11,2653,453e74445c6f107e180c1cb97761dfbd,True,3
amcu:1497,amcu,366-р,2021-06-11,18042,7bd5e226ab4038cea2f7eaca0cb8d4ca,True,18
amcu:1498,amcu,367-р,2021-06-11,4305,7be254bfd3c6c42a9fb1c1136ce5556c,True,4
amcu:1499,amcu,368-р,2021-06-11,38138,4b7c8383c5984f703ac16ea7e37839fe,True,38
amcu:15,amcu,934-р,2025-12-04,2135,2d9fa6725209b4202f920e17490aba72,True,2
amcu:150,amcu,1069-р,2025-12-25,23996,a9c059119b9f3bfd4742e97acfe90e0c,True,23
amcu:1500,amcu,369-р,2021-06-11,78091,6c6e8daba88cb1b8f70379b16bbf4d44,True,77
amcu:1501,amcu,370-р,,6390,f3d33e11c7b3c06d6445316814f35b86,True,6
amcu:1502,amcu,371-р,2021-06-17,3968,ee2e646f476c0bf01dafcb3c161075a8,True,4
amcu:1503,amcu,372-р,2021-06-17,4759,03d7020afd782b19a20569343f365332,True,5
amcu:1504,amcu,373-р,2021-06-17,23782,9ffe0b472fff385e81a36ad1239816d4,True,23
amcu:1505,amcu,374-р,2021-06-17,19405,7089b6f200752769bde245f6d212220c,True,19
amcu:1506,amcu,375-р,2021-06-17,15636,dd5565e01c2b8c99a189a817c29625ff,True,15
amcu:1507,amcu,376-р,2021-06-17,18428,bceb7dbe6c36c391d59ce90f86d8fb10,True,18
amcu:1508,amcu,377-р,2021-06-17,16154,6b3aa38073cacecc93abce03b106b732,True,16
amcu:1509,amcu,378-р,2021-06-22,51790,255cd02c7685ea835ba9a5755dbfbb5a,True,51
amcu:151,amcu,1070-р,2025-12-25,23996,d24dbeea68fb3474b856899a17815489,True,23
amcu:1510,amcu,379-р,2021-06-22,42631,dfafcd5a266e5ebd6e1fe079ba7415e2,True,42
amcu:1511,amcu,380-р,2021-06-24,4150,7b7a2482e45871c2d4db17c7297f6466,True,4
amcu:1512,amcu,381-р,2021-06-24,5844,b9456fdb3d1eb5fda68d9f9ad1d4f9b0,True,6
amcu:1513,amcu,382-р,2021-06-24,2763,357a47264cea3d1bfd71d240ac06e61e,True,3
amcu:1514,amcu,383-р,2021-06-24,6985,d2df1ec397c99db785b1abc48780635c,True,7
amcu:1515,amcu,384-р,2021-06-24,7049,de9cf908e1680494a51deaecf43fbadf,True,7
amcu:1516,amcu,385-р,2021-06-24,3469,cd839f8ced23cb23cae9f04355796463,True,3
amcu:1517,amcu,386-р,2021-06-24,3270,a9485785d614a70533246f3aa2de2029,True,3
amcu:1518,amcu,387-р,2021-06-24,3398,c4073e30b1a6dc2d322754b3d9a49ab9,True,3
amcu:1519,amcu,388-р,2021-06-24,3341,a13eb317c3e689c9a285e2fdedcd8bf4,True,3
amcu:152,amcu,1071-р,2025-12-25,32486,3736a6d3d725c392d6776d1f0a63d450,True,32
amcu:1520,amcu,389-р,2021-06-24,3340,b884d2dbed006ac5dd7960c7849b841b,True,3
amcu:1521,amcu,390-р,2021-06-24,124664,a2542f85bf0bd72887d972f137adc6ed,True,123
amcu:1522,amcu,13-рп,2021-06-17,2202,971ca53da5aae99e6909c9bb8af2acec,True,2
amcu:1523,amcu,1-р,2022-01-13,4963,8392cb9172bcf196f28fce1ba786db01,True,5
amcu:1524,amcu,10-р,2022-01-13,3451,5db167f554e22668fb5f644f03119ec9,True,3
amcu:1525,amcu,11-р,2022-01-13,3908,a92f02a8d77b2ed2c35696b8c320e8d9,True,3
amcu:1526,amcu,12-р,2022-01-13,3360,95156baa51d9d838001bc9afca802ce2,True,3
amcu:1527,amcu,13-р,2022-01-13,3194,93a0d37c4cd9380e1c107d96a6c2e731,True,3
amcu:1528,amcu,14-р,2022-01-13,4443,2264bab103a5ae865d3275c5ea5fc6ab,True,4
amcu:1529,amcu,15-р,2022-01-13,4081,6726d9e6cfc4f02f3adacb28b90d6d85,True,4
amcu:153,amcu,1072-р,2025-12-25,23996,7449fc192303dd6d7303cfe56028961f,True,23
amcu:1530,amcu,16-р,2022-01-13,2499,d288eb4e7ee57359afdddfde34081a62,True,3
amcu:1531,amcu,17-р,2022-01-13,5617,ab8384f669471ce6b1f0faf4662a0815,True,6
amcu:1532,amcu,18-р,2022-01-13,46261,5184ffe81c7b16de6cd26b28bae7c437,True,45
amcu:1533,amcu,19-р,2022-01-13,61347,6eb160c6bb45392ad4c651b0a91ec4db,True,61
amcu:1534,amcu,2-р,2022-01-13,4298,338e0fa9d43617e82c9ab6092a2de683,True,4
amcu:1535,amcu,3-р,2022-01-13,3531,1191aa4f6c12cd22049bc1f8023f6805,True,4
amcu:1536,amcu,4-р,2022-01-13,3529,0745ab62fc474c071946c5fd8db55ec5,True,4
amcu:1537,amcu,5-р,2022-01-13,3414,c9d778b0ccb5c9dd8ee02ea1000eb8ed,True,3
amcu:1538,amcu,6-р,2022-01-13,3566,6c7e1a8a826d7160e084825505714da8,True,4
amcu:1539,amcu,7-р,2022-01-13,3350,fce3b8daeab2c8bf767e3a2ddb65b99b,True,3
amcu:154,amcu,1073-р,2025-12-25,32486,d730a080d6a0564d873e3351a6a05ca9,True,32
amcu:1540,amcu,8-р,2022-01-13,3253,219b38c077f8d3fb9ed617e89c031372,True,3
amcu:1541,amcu,9-р,2022-01-13,3410,a75e800963199ffda66e2102012d347e,True,3
amcu:1542,amcu,20-р,2022-01-19,2715,f26dbf26f2d5483440c8bfefa2d12d46,True,3
amcu:1543,amcu,21-р,2022-01-19,6100,9680910efdbf03198b4d02efcb18e484,True,6
amcu:1544,amcu,22-р,2022-01-19,3292,6e9c15e412010e5c6f66a4542bfd6451,True,3
amcu:1545,amcu,23-р,2022-01-19,3141,67ab4221366ffa9d26fbd17732d322aa,True,3
amcu:1546,amcu,24-р,2022-01-19,3046,cc9eadabccf9a768378f9d73a4d8d35e,True,3
amcu:1547,amcu,25-р,2022-01-19,3204,558c6f94be3aa31763d3a7c3f6e2a642,True,3
amcu:1548,amcu,26-р,2022-01-19,3353,8045a4f202c318ee142ee898f8a5506c,True,3
amcu:1549,amcu,27-р,2022-01-19,3337,57c2580637f1d52cdab0f810949d4784,True,3
amcu:155,amcu,1074-р,2025-12-25,32452,94bb76e718b83651500cdb666257b8e1,True,32
amcu:1550,amcu,28-р,2022-01-19,3443,35676c364ad3c072bc9249f42fc0b5bd,True,3
amcu:1551,amcu,29-р,2022-01-19,3379,b096f8774fac62b1581781acc026bb39,True,3
amcu:1552,amcu,30-р,2022-01-19,3374,058746230d415ae8a76004cc258e45e0,True,3
amcu:1553,amcu,31-р,2022-01-19,3409,f094498d40d78dcfda19552ed8c138ab,True,3
amcu:1554,amcu,32-р,2022-01-19,3102,255e4e819314603ec2ec4a684533cadf,True,3
amcu:1555,amcu,33-р,2022-01-19,3342,796dac5a770e6bfa38fdc1bdecfd8af2,True,3
amcu:1556,amcu,34-р,2022-01-19,4378,601496d6c806a4b2cb4a6a7e8c31d361,True,4
amcu:1557,amcu,35-р,2022-01-19,4410,eb68eb314c71b93f80981fec61adc0a3,True,5
amcu:1558,amcu,36-р,2022-01-19,3605,88795fb759a08dbc8944f93483760514,True,4
amcu:1559,amcu,37-р,2022-01-19,4707,d845d99212e465b8c2eca489c1dbf2b3,True,5
amcu:156,amcu,1075-р,2025-12-25,40097,8f221e38d55e694e0b51ae1df8de9d25,True,40
amcu:1560,amcu,38-р,2022-01-19,4727,b45603049c5dbffc68c10b10ac0973dd,True,5
amcu:1561,amcu,39-р,2022-01-27,2023,039977875489977a1dbed8d2436f4a09,True,2
amcu:1562,amcu,40-р,2022-01-27,2029,06b0f59343c9a8c72cec8d585e17c9fe,True,2
amcu:1563,amcu,41-р,2022-01-27,4894,69475cb73c5013705e83a27ff4ec8e3d,True,5
amcu:1564,amcu,42-р,2022-01-27,2747,af6aba214195dd8d28c5fe4ad1b5536a,True,3
amcu:1565,amcu,43-р,2022-01-27,3333,50516152578e1cfbc5b91e5e1cf0f353,True,3
amcu:1566,amcu,44-р,2022-01-27,3346,28c73b399fd393a55ee7db4cfd9b9c74,True,3
amcu:1567,amcu,45-р,2022-01-27,3432,dc38aa144b6d99b9ca64dfad4e344a11,True,3
amcu:1568,amcu,46-р,2022-01-27,4125,8d86716146e3b14b311612713e03a933,True,4
amcu:1569,amcu,47-р,2022-01-27,4104,9ddc290f4c8a598ac670e4c1333c2016,True,4
amcu:157,amcu,1076-р,2025-12-25,73858,a842965e714dc1956c8740d4135b1d13,True,74
amcu:1570,amcu,48-р,2022-01-27,3848,e5b10fbe9f88b992b1713a249aa056e1,True,4
amcu:1571,amcu,49-р,2022-01-27,3853,91f5fa0f36027de71d655399a2dc3fd2,True,4
amcu:15711,amcu,470-р,2022-12-30,29439,6caf270f68f6aa2935b283b87c27dc9c,True,30
amcu:1572,amcu,50-р,2022-01-27,3460,eb529e312399d39faaa37e6971da29b7,True,3
amcu:1573,amcu,51-р,2022-01-27,2548,e59b9e37eacb8ded42d223b1279a3124,True,3
amcu:1574,amcu,52-р,2022-01-27,5798,b266cbfe5cabf5eeb908c6b7c3095095,True,6
amcu:1575,amcu,53-р,2022-01-27,5776,f52145288ccfb0ffa1aa36849be21ac0,True,6
amcu:1576,amcu,54-р,2022-01-27,4642,f91add80622275c54be554edfd066e58,True,5
amcu:1577,amcu,55-р,2022-01-27,71204,7f6e68a99ee86d23f0c062688605006b,True,71
amcu:1578,amcu,53-р,2023-02-02,5450,773d881126e72c91260f7e5baeb880a3,True,6
amcu:1579,amcu,54-р,2023-02-02,2849,b6c5253abf77c22c1b0f177985514895,True,3
amcu:158,amcu,1078-р,2025-12-25,17199,15f7319f6cd30d9c1aeab504e7b7984c,True,17
amcu:1580,amcu,55-р,2023-02-02,2950,1518fad3ef3adef326ce0c87b167f34d,True,3
amcu:1581,amcu,56-р,2023-02-02,2642,e27111bcec7b94c727a5fa1064ff5e89,True,3
amcu:1582,amcu,57-р,2023-02-02,3464,869ec62ac8ecf1e9bda2d85f554c4c5b,True,3
amcu:1583,amcu,58-р,2023-02-09,3545,7391b320110cd6279c98dc1e6eed002a,True,4
amcu:1584,amcu,59-р,2023-02-09,3288,9eb56dbe1f6fc549feb71c148015d514,True,3
amcu:1585,amcu,60-р,2023-02-09,3377,39e2821f92336f17d3e97d5776190359,True,3
amcu:1586,amcu,61-р,2023-02-09,3287,3990a0c9fc670301ae9754088fb239f8,True,3
amcu:1587,amcu,62-р,2023-02-09,3277,612da2cbd343fbb2c39b289a068fccac,True,3
amcu:1588,amcu,63-р,2023-02-09,5305,7105f4783adb892a3949f006f3fe72d0,True,5
amcu:1589,amcu,64-р,2023-02-09,3523,87a0ec738e142c9fe961417f7026815e,True,4
amcu:159,amcu,1079-р,2025-12-25,16788,be73b9333f25e27ed5d3dce2c90780f9,True,17
amcu:1590,amcu,65-р,2023-02-09,3663,2164c139b9593b73dc7922e6e1b216d0,True,4
amcu:1591,amcu,66-р,2023-02-09,7136,4dcd05bdc3a5e7b180d8f4d6b8559ba5,True,7
amcu:1592,amcu,67-р,2023-02-16,39971,9549f000cd7d64e2bbf252ddc35807f7,True,40
amcu:1593,amcu,68-р,2023-02-22,2866,a29463d3b639c8e7cd7e5d525c078ed0,True,3
amcu:1594,amcu,69-р,2023-02-22,4613,3a01b845e5ef300a780af810a017c39c,True,5
amcu:1595,amcu,70-р,2023-02-22,4672,bcfb396f4f087a9651b2b2d481152024,True,5
amcu:1596,amcu,71-р,2023-02-22,3485,65441475b3d79a607d1d8da9ebd89fb0,True,4
amcu:1597,amcu,72-р,2023-02-22,4292,c7a24898f04f255137d2c8a370e605d0,True,4
amcu:1598,amcu,73-р,2023-02-22,4261,4f5833aba8c8a83ad79572f776f14903,True,4
amcu:1599,amcu,74-р,2023-02-22,2909,8179e0d43cba3fa723de7e0401f61b1d,True,3
amcu:16,amcu,935-р,2025-12-04,2089,57b6d716122c3e2453e4e5a1b7c0875b,True,2
amcu:160,amcu,1080-р,2025-12-25,74780,1bcd0570947fb07c86c8da8bccd7cc2c,True,71
amcu:1600,amcu,75-р,2023-02-22,2948,3941b1888629c4a6404d46e06fc30226,True,3
amcu:1601,amcu,76-р,2023-02-22,3610,e0b46c3d55aa13034b54e0014136581a,True,4
amcu:1602,amcu,212-р,2024-07-04,3438,00ba0922d4d4e40fa6a74280fb60f324,True,3
amcu:1603,amcu,213-р,2024-07-04,57264,b4466ace37d44c0baba8700963370f5e,True,57
amcu:1604,amcu,214-р,2024-07-04,62684,fc8374b5e75953df56f00d929a5f00eb,True,62
amcu:1605,amcu,215-р,2024-07-04,21259,f16318951eb6d577dbb607c3a0d66204,True,21
amcu:1606,amcu,216-р,2024-07-11,2924,c9875027402cf9a86fad962fa6d0dfb0,True,3
amcu:1607,amcu,217-р,2024-07-11,3296,a7117df489584cf47e96599987f40cff,True,3
amcu:1608,amcu,218-р,2024-07-18,3906,e328fc4d15c9d82453a97b34e0a8144a,True,4
amcu:1609,amcu,219-р,2024-07-18,3916,edd3e56fd4024bf5dbee36397417a015,True,4
amcu:161,amcu,8-rk,2019-03-07,32382,4241aa4f7114b2d36ac781b9b3f2460f,True,33
amcu:1610,amcu,220-р,2024-07-18,3673,9c12d3667aad518c4c1f2caee16d0c51,True,4
amcu:1611,amcu,221-р,2024-07-18,5091,2dc315d7023807a6f6eff42213d35a6a,True,5
amcu:1612,amcu,222-р,2024-07-18,5420,bb0f978254db1d0df3c2e900d6c3095d,True,5
amcu:1613,amcu,223-р,2024-07-18,3962,e2827f9529ba658030066b0b15b53338,True,4
amcu:1614,amcu,224-р,2024-07-18,3103,116ce6ddf1ec9fcc80d884fb6bf44a84,True,3
amcu:1615,amcu,225-р,2024-07-18,3559,863405c8eb03b502e680b330c7212ed3,True,4
amcu:1616,amcu,226-р,2024-07-18,3662,aca9ccdb03713c8bea72a6bfd0f9b4fd,True,4
amcu:1617,amcu,227-р,2024-07-18,2350,1b97b446245a5fd586984caad891bb08,True,2
amcu:1618,amcu,228-р,2024-07-18,12611,969b761985e2c3dd82720f30416f337b,True,13
amcu:1619,amcu,229-р,2024-07-18,12315,f705e0fc70e695f4129dac97f9735f66,True,12
amcu:162,amcu,6,,2349,b17d209f0f6339807433bb9d2a5d6eb3,True,2
amcu:1620,amcu,230-р,2024-07-18,13727,999009ddb671b513c0a7a3dc4c2b5c89,True,14
amcu:1621,amcu,231-р,2024-07-25,2566,efa5027f03cc34eb29f0abfcc6d04f64,True,3
amcu:1622,amcu,232-р,2024-07-25,3190,b0d0b752ef8d44a87e8343d5801cf79e,True,3
amcu:1623,amcu,233-р,2024-07-25,3084,49edeb69272b722bbb0eadb9b11ba9b0,True,3
amcu:1624,amcu,234-р,2024-07-25,14613,0952d151267f389bf8d756ea40837761,True,14
amcu:1625,amcu,235-р,2024-07-25,14407,ecaeafdcad92bccb87e5dcec3170b5ac,True,14
amcu:1626,amcu,236-р,2024-07-25,14712,c0c74ca339c21e42dd50f23958175133,True,14
amcu:1627,amcu,237-р,2024-07-25,8650,aaff8f1d11bf508c5a4733ac0b9e9b39,True,7
amcu:1628,amcu,238-р,2024-07-25,4104,f3db9ab5100837439806b6ac1d8b1e87,True,4
amcu:1629,amcu,239-р,2024-07-25,36554,e17fa426aaa4b2f14426bc737e227c31,True,35
amcu:163,amcu,429-р,2026-06-04,2716,2267220390c1c5a560969c97aed09646,True,3
amcu:1630,amcu,240-р,2024-07-25,17074,7bb79a0d45740aae517e74c35dbaaaa7,True,17
amcu:1631,amcu,241-р,2024-07-25,64309,dd224adc22d3e71b0d5b6ca3d0b9fe57,True,64
amcu:1632,amcu,242-р,2024-07-25,96079,253b8067a5ee4907f348ed70ab2bbdd1,True,95
amcu:1633,amcu,236-р,2021-04-29,15695,77f59c96ebed6ad4291a7e090082e89a,True,15
amcu:1634,amcu,236-р,2021-04-29,109091,d5d47ab43b4f3be5f0af8fae0d234bdd,True,108
amcu:1635,amcu,179-р,2021-04-01,15795,5df70031191ce55b9d979ae436f2aba5,True,16
amcu:1636,amcu,180-р,2021-04-01,24465,5e497a95ea8d392c093305f5ae6a298e,True,24
amcu:1637,amcu,181-р,2021-04-01,44045,b3a796db027259fb70d69c7dec3ec062,True,44
amcu:1638,amcu,182-р,2021-04-01,110028,ee01804c0b1175b4927e4d767a21b250,True,110
amcu:1639,amcu,183-р,2021-04-08,15274,1da93b6796027bd30a042f7a573730a7,True,15
amcu:164,amcu,430-р,2026-06-04,3127,c0885d090912f5f80a94241cb2ccad18,True,3
amcu:1640,amcu,184-р,2021-04-08,14680,eebdadd6cd4686e754f6baac77c4b3bf,True,14
amcu:1641,amcu,185-р,2021-04-08,2635,24596f829bb8ad58a85f85cc11d9b968,True,3
amcu:1642,amcu,186-р,2021-04-08,2645,14b45e46950b6286b103be6bfd98a503,True,3
amcu:1643,amcu,187-р,2021-04-08,2158,ee78c7ecd026336bf0166c633599d04c,True,2
amcu:1644,amcu,188-р,2021-04-08,7127,f0732e5f7c51dfb4f275bcd0dd0c6330,True,7
amcu:1645,amcu,189-р,2021-04-08,4325,30411fa597fd7874e9d0684e7defb83f,True,4
amcu:1646,amcu,190-р,2021-04-08,4497,367c7306333602412280bfcc731d63ba,True,4
amcu:1647,amcu,191-р,2021-04-08,6109,ad107731d9d9b8db41a14b7e477c46ae,True,6
amcu:1648,amcu,192-р,2021-04-08,4630,e8d784982b2164127ec2bc02237fb091,True,5
amcu:1649,amcu,193-р,2021-04-08,3267,9d9a631cff0ff6908d4e481603c9bc0e,True,3
amcu:165,amcu,431-р,2026-06-04,2503,0fc6c9552cc0e0773f818c5ca68ff51a,True,2
amcu:1650,amcu,194-р,2021-04-08,17367,a8f21ac28a8fa267b312273670243686,True,17
amcu:1651,amcu,195-р,2021-04-08,17341,645ea8f5032119adfb72a79b07b75222,True,17
amcu:1652,amcu,196-р,2021-04-08,2028,e897ad4d4baef486fc648489cd4bfdcd,True,2
amcu:1653,amcu,197-р,2021-04-08,2017,06d5cb8a27ded1a4c81c1d485b214038,True,2
amcu:1654,amcu,198-р,2021-04-08,2019,aad4d9e1512a3246e774bbcb8ab4402e,True,2
amcu:1655,amcu,199-р,2021-04-08,2015,be48673952acae76f1221ba69f5dbf83,True,2
amcu:1656,amcu,200-р,2021-04-08,2226,e639cdfd16ae09bace46fdd7368adbc2,True,2
amcu:1657,amcu,201-р,2021-04-08,3101,474d8b85d159ead1dc4d74730a69646b,True,3
amcu:1658,amcu,202-р,2021-04-08,7872,d8d26afbdf23b66e83f44c1fc1e3c2ce,True,8
amcu:1659,amcu,203-р,2021-04-08,1932,099a6b8289b6e83ed103dd52d26d07e4,True,2
amcu:166,amcu,432-р,2026-06-04,5373,0a9b8f4967eab7d546888e01346bdaad,True,5
amcu:1660,amcu,204-р,2021-04-08,4098,589e7026261873b03b75048f27c4944a,True,4
amcu:1661,amcu,205-р,2021-04-08,3652,300d81a50a1284743c432d03af70e10b,True,4
amcu:1662,amcu,206-р,2021-04-08,3697,e53d3d69cbe25d22bf8f9b2875c5e9aa,True,4
amcu:1663,amcu,207-р,2021-04-08,3780,f3d48e03c390a27e45d5b093729cda2e,True,4
amcu:1664,amcu,208-р,2021-04-08,5723,bd35b5e6c00feb3a1300e845a7412cba,True,6
amcu:1665,amcu,209-р,2021-04-08,27622,784c2b634b3442b8a1ceb85abd5e4e3b,True,28
amcu:1666,amcu,210-р,2021-04-15,1904,5ddffdd04eb0147d1399d34c157b8546,True,2
amcu:1667,amcu,211-р,2021-04-15,2301,3229792b3110fb04fdff8fbaece8f4f3,True,2
amcu:1668,amcu,212-р,2021-04-15,2132,f425ba0da2977f38000e0db6c93a1c2f,True,2
amcu:1669,amcu,213-р,2021-04-15,2451,8c29e4c94fca58bf7b69aedf73288a62,True,2
amcu:167,amcu,433-р,2026-06-04,4132,4d55fe876e93b684cd67afefd8a3edcc,True,4
amcu:1670,amcu,214-р,2021-04-15,3680,af0f946e0e0f84ff3bc6f59c4b0e08d7,True,4
amcu:1671,amcu,215-р,2021-04-15,2747,72ad605b298d28a7335364ce74e77959,True,3
amcu:1672,amcu,216-р,2021-04-15,6833,915b27a54448d9a9c0e77075c2704dff,True,7
amcu:1673,amcu,217-р,2021-04-15,22717,4e7bb9abdec4de552a753511f60f0e24,True,23
amcu:1674,amcu,218-р,2021-04-15,23699,350a34d1a4204da80e1f0b7c865bbf9f,True,24
amcu:1675,amcu,219-р,2021-04-15,19001,4269b665678f48de7af532a4c699bb12,True,19
amcu:1676,amcu,220-р,2021-04-15,44782,6467e2bb0f172664c8b051e0a19b390f,True,44
amcu:1677,amcu,221-р,2021-04-22,2737,4dfddf80cf68465551933cafb7bcb1d0,True,3
amcu:1678,amcu,222-р,2021-04-22,67728,39c67062e93ef969f1eec3d84d6b4512,True,65
amcu:1679,amcu,223-р,2021-04-22,67588,4487493fba8201e403da04e26af20b1c,True,65
amcu:168,amcu,434-р,2026-06-04,4042,f1baa13cfa8f7d45efad52ceed2d0379,True,4
amcu:1680,amcu,224-р,2021-04-22,67462,862ab30634273747791cdbf3410ca5e1,True,65
amcu:1681,amcu,225-р,2021-04-22,2048,82dc08d7e79877563ed9f4bc0a0fe410,True,2
amcu:1682,amcu,226-р,2021-04-22,3463,3581db64721c9f8067f723146005955b,True,3
amcu:1683,amcu,227-р,2021-04-22,2724,105213ff168a90dc860fa1eb3860f044,True,3
amcu:1684,amcu,228-р,2021-04-22,3861,424c2599bd950a459f529ac000045063,True,4
amcu:1685,amcu,229-р,2021-04-22,4365,cff0d25dea14bd32f7e6bcb0bbe80e33,True,4
amcu:1686,amcu,230-р,2021-04-22,4345,63bf41a04976f2a9713b68fb54dfd0b6,True,4
amcu:1687,amcu,231-р,2021-04-22,3740,a31a8c2e865d5664d199d4b7ec56abfc,True,4
amcu:1688,amcu,232-р,2021-04-22,4066,7c209d95f17a656190ca47da1a0fb9e0,True,4
amcu:1689,amcu,233-р,2021-04-22,43184,8ec4cc5a90a93db08e6d26f69ef93fa3,True,43
amcu:169,amcu,435-р,2026-06-04,1998,d66d2dc77eff1c8f64eeb522dba5cfcd,True,2
amcu:1690,amcu,234-р,2021-04-22,206251,c3bb3aefb9831f33486a3e16f2303adf,True,205
amcu:1691,amcu,235-р,2021-04-29,49890,375235de492c4ad45ee8f302ce50f2da,True,50
amcu:1692,amcu,236-р,2021-04-29,139454,2cebef0211e66b66c47f97a83d397327,True,136
amcu:1693,amcu,237-р,2021-04-29,2185,94a2275f8594e7955073162f1a2d362d,True,2
amcu:1694,amcu,238-р,2021-04-29,3948,0ddc4c8ade56a78ef09d4fe7c79d3f47,True,4
amcu:1695,amcu,239-р,2021-04-29,4701,96f5647342b3c8254741efcc28ca0da1,True,5
amcu:1696,amcu,240-р,2021-04-29,5411,acc7021f3b20b4303031b2e6b1e9bca4,True,5
amcu:1697,amcu,241-р,2021-04-29,53223,fb653bf2e3be5a3f7a10a44712d7f31e,True,53
amcu:1698,amcu,242-р,2021-04-29,47014,620f51075b376bb9b80f24a041468ee0,True,47
amcu:1699,amcu,260-р,2026-03-12,3302,5ada68f01a76993eb788dc254933db0a,True,3
amcu:17,amcu,936-р,2025-12-04,2089,5f63c99951591090273f665b9d15995a,True,2
amcu:170,amcu,436-р,2026-06-04,2007,78ad7dcca6ea7aedd100aad639a1f293,True,2
amcu:1700,amcu,261-р,2026-03-12,3307,14b6a1f598745cca6c75ff80f4b38a71,True,3
amcu:1701,amcu,262-р,2026-03-12,3288,447cc51de3cb22a480849e43ab460413,True,3
amcu:1702,amcu,263-р,2026-03-12,3288,621b03ce0f0e0cfa6d2f083ab500d481,True,3
amcu:1703,amcu,264-р,2026-03-12,3288,319006e8cb13282eaa9624eb183ebed9,True,3
amcu:1704,amcu,265-р,2026-03-12,3289,39859ce5635461540264352081f66b23,True,3
amcu:1705,amcu,266-р,2026-03-12,3283,7e6091658102c2c59bbad73ec49984fa,True,3
amcu:1706,amcu,267-р,2026-03-12,3288,93ddd704bbd6f6d0549feb6a1316dbe1,True,3
amcu:1707,amcu,268-р,2026-03-12,3288,f870dc215ec0a33c07cbaca25fd6280d,True,3
amcu:1708,amcu,269-р,2026-03-12,3288,467708757d4dcd547d7f066b478282ab,True,3
amcu:1709,amcu,270-р,2026-03-12,3289,2ecc017c58f4c792ac7fea0a97cb1a4d,True,3
amcu:171,amcu,437-р,2026-06-04,21645,cc3174dd99c4672c465e9316e36f8a22,True,22
amcu:1710,amcu,271-р,2026-03-12,43359,329743c566df13016e9b5448f031db2f,True,44
amcu:1711,amcu,272-р,2026-03-12,11997,ca94a66b501ec457ecc9859508712091,True,12
amcu:1712,amcu,273-р,2026-03-12,12441,77215260931c5ea101d3e750c633d612,True,12
amcu:1713,amcu,232-р,2026-03-05,2831,7effe2884bd7ca5b850abba01aeba97b,True,3
amcu:1714,amcu,233-р,2026-03-05,167984,470e1cd43c7af8277733bc7229da2b40,True,167
amcu:1715,amcu,234-р,2026-03-12,3539,7a8a19fc80de902bf76d40cb234402e2,True,4
amcu:1716,amcu,235-р,2026-03-12,3654,dad26a0789f02929d8cd5972efd44f12,True,4
amcu:1717,amcu,236-р,2026-03-12,2424,76b1de8e924669c7712a7e3da5c09a87,True,2
amcu:1718,amcu,237-р,2026-03-12,2565,513ab431c07a402ff1372b021bec7944,True,3
amcu:1719,amcu,238-р,2026-03-12,2546,5944cced08f10ccf6d54a9da93bf6a9a,True,3
amcu:172,amcu,438-р,2026-06-04,19173,2c878100c5e8d4ecc1a9273d6cf35b2f,True,19
amcu:1720,amcu,239-р,2026-03-12,4131,ef7b4a9f98b7f4b9128754f9c1bcd9e4,True,4
amcu:1721,amcu,240-р,2026-03-12,3292,743efa5c9c29cc8091fa0f530f15ce52,True,3
amcu:1722,amcu,241-р,2026-03-12,3289,3e25923fc7a77cea684134646d9baeea,True,3
amcu:1723,amcu,242-р,2026-03-12,3308,34d331578da1da23c1dfaa2cc982a9df,True,3
amcu:1724,amcu,243-р,2026-03-12,3288,357756398d2e0c132c12eb5a59b7e40c,True,3
amcu:1725,amcu,244-р,2026-03-12,3296,62c63caacf95f11861ba8705ec91e278,True,3
amcu:1726,amcu,245-р,2026-03-12,3295,c49f04e8c008cc239fa3e2829c36ed65,True,3
amcu:1727,amcu,246-р,2026-03-12,3296,b56db8d30c12d87e0f77a20fbaff88d9,True,3
amcu:1728,amcu,247-р,2026-03-12,3295,f1fd4a2b170f809013cd8703bb773f5c,True,3
amcu:1729,amcu,248-р,2026-03-12,3312,ed876de95dd856494d8fbd33c3f12da8,True,3
amcu:173,amcu,440-р,2026-06-04,34134,47074f5fe735bb91f76cd0889b6e0448,True,34
amcu:1730,amcu,249-р,2026-03-12,3313,3ef1222fbb690c15be30baa826d92b3b,True,3
amcu:1731,amcu,250-р,2026-03-12,3314,f62a8923bd16a68f42557c325e9f8cbc,True,3
amcu:1732,amcu,251-р,2026-03-12,3314,e791dd0300ad258343fb269ea271d89a,True,3
amcu:1733,amcu,252-р,2026-03-12,3314,16af7f52e329998229216494245fabed,True,3
amcu:1734,amcu,253-р,2026-03-12,3370,46958bb57a9addf5a34fa1ff6f7b478c,True,3
amcu:1735,amcu,254-р,2026-03-12,3314,e32aa7636db33ec7505b9f98341d479f,True,3
amcu:1736,amcu,255-р,2026-03-12,3312,bdad7c6bed5910864dcc12370eaf422e,True,3
amcu:1737,amcu,256-р,2026-03-12,3314,adc794ce23fb535cf152f5af14f97d55,True,3
amcu:1738,amcu,257-р,2026-03-12,3314,0919f1f93866da37b7415045f5921cb8,True,3
amcu:1739,amcu,258-р,2026-03-12,3313,d31d49bd8df6cc0356e966df5a22d67e,True,3
amcu:174,amcu,441-р,2026-06-11,2726,2127776a55f92398885d67632a0ee9bf,True,3
amcu:1740,amcu,259-р,2026-03-12,3301,1aca385d3cba2a4bbe48d4d6d2e0fb08,True,3
amcu:1741,amcu,15-рк,2020-04-02,28058,a0a2d8864045974971e5da4437baa35d,True,28
amcu:1742,amcu,16-рк,2020-04-09,14335,aab046a430ec9bb6ef744a90064e14b9,True,14
amcu:1743,amcu,17-рк,2020-04-09,24706,7ecaa410bebdbb926ed7189709bd9fb9,True,25
amcu:1744,amcu,18-рк,2020-04-09,20281,d7e16273d2f2424f24e3e7dbe58b7576,True,20
amcu:1745,amcu,19-рк,2020-04-09,13728,5d0e2908d2085ac7cbd7af385b285bab,True,14
amcu:1746,amcu,20-рк,2020-04-09,12707,103f70844561d801966cfe8e061c4bb6,True,13
amcu:1747,amcu,21-рк,2020-04-16,26353,c6a66f2186f350850a172a2250920d97,True,26
amcu:1748,amcu,22-рк,2020-04-16,27104,2d0e7ffe189064fe96519d51ca4220e2,True,27
amcu:1749,amcu,23-рк,2020-04-23,65570,446b9100a926e705ddd3b6a7231abf48,True,65
amcu:175,amcu,442-р,2026-06-11,2560,c3e58a8c6859419c588974879e57f11c,True,3
amcu:1750,amcu,438-р,2019-06-20,2650,8660130537b21a991bcf05e481b16283,True,3
amcu:1751,amcu,439-р,2019-06-20,3089,57e9c791640cc5bec6b2b22e80a241cd,True,3
amcu:1752,amcu,440-р,2019-06-20,2909,f9f68660c262a32ff69af7ac00d76e4a,True,3
amcu:1753,amcu,441-р,2019-06-20,3597,8c5b9e5903e5409c3bbb755ce3348fbd,True,4
amcu:1754,amcu,442-р,2019-06-20,160419,79ca446eebb51ac1e858357ccbf861ac,True,155
amcu:1755,amcu,443-р,2019-06-20,5702,1e4edffe11b05349c53d6ba078e0364e,True,6
amcu:1756,amcu,550-р,2021-10-07,57993,f149404d76f55c0098cd44ef32a6aac5,True,57
amcu:1757,amcu,551-р,2021-10-07,4383,199738492d71263b4707f42c17e8aa2b,True,4
amcu:1758,amcu,552-р,2021-10-07,2596,2dce09432379f51f6d5e6aebddb82e82,True,3
amcu:1759,amcu,553-р,2021-10-07,5525,4213ca19c4aa52bfad56d6a10318f4e1,True,6
amcu:176,amcu,443-р,2026-06-11,3084,f1069309e95d87205e940ca88e3b6eb2,True,3
amcu:1760,amcu,554-р,2021-10-07,5674,b12c0b123adf9b37858a1ba8331b5dc4,True,6
amcu:1761,amcu,555-р,2021-10-07,41705,9e623cb58be6914da13f0cb947cc50a4,True,41
amcu:1762,amcu,556-р,2021-10-07,73785,2e03a4226cc524d8ef68ec7c130ba1d4,True,73
amcu:1763,amcu,557-р,2021-10-13,5466,ebb97689b9c1cfd5d59c535e35cb4901,True,6
amcu:1764,amcu,558-р,2021-10-13,5004,4c73387ab4867ca47c70e20f1c02acb5,True,5
amcu:1765,amcu,559-р,2021-10-13,5380,7ea30bf0e13cc2911caf6eab17fdfd36,True,5
amcu:1766,amcu,560-р,2021-10-13,4242,43c5d010a3f9af9a3bfe28dd79dc9568,True,4
amcu:1767,amcu,561-р,2021-10-13,4161,82403b56d66a49446b38ffa9b7f393c7,True,4
amcu:1768,amcu,562-р,2021-10-13,3721,8257633bbf3eec3b89a46afac5cce769,True,4
amcu:1769,amcu,563-р,2021-10-13,3350,5bae46c86b1e79a39c9d0116a3cd3708,True,3
amcu:177,amcu,444-р,2026-06-11,1978,25f7bf11b796a1629687a37526dafb92,True,2
amcu:1770,amcu,564-р,2021-10-13,4955,9d510f9a888273f2ae76a51b7b4ab19f,True,5
amcu:1771,amcu,565-р,2021-10-13,4940,2594c733201d44bf016c6389a9ce24b9,True,5
amcu:1772,amcu,566-р,2021-10-13,4202,0a6f98362e9aebb7dd01c9773336ba94,True,4
amcu:1773,amcu,567-р,2021-10-13,3221,5dd9f40a76f260ee76a929b589d214a2,True,3
amcu:1774,amcu,568-р,2021-10-21,3614,ab7e3427b97f7050da03cfe90cffe54d,True,4
amcu:1775,amcu,569-р,2021-10-21,3137,fed050c2765d2b01ff1892455f5b8414,True,3
amcu:1776,amcu,570-р,2021-10-21,3793,c6bdaba913bb7c951f9d6dfd72e0ca69,True,4
amcu:1777,amcu,571-р,2021-10-21,3997,895b2b91467a94eee43121452585d951,True,4
amcu:1778,amcu,572-р,2021-10-21,4124,96c462d5b175c6f70a71fb90bb29eadc,True,4
amcu:1779,amcu,573-р,2021-10-21,3271,8ea2c2f3fb0c500d4c7986349941a51d,True,3
amcu:178,amcu,445-р,2026-06-11,4058,8564dd93d08f3dbe2a5317592889eda8,True,4
amcu:1780,amcu,574-р,2021-10-21,3420,3c563d96d5ed201ba0fdd1eeb2d55ec5,True,3
amcu:1781,amcu,575-р,2021-10-21,3410,22df17c1e324ba1473f15873c795da8a,True,3
amcu:1782,amcu,576-р,2021-10-21,3323,36cf090e3a287d38c1866a53dbc6af4c,True,3
amcu:1783,amcu,577-р,2021-10-21,3399,9dea99aeedff5bb391426c1f2e361435,True,3
amcu:1784,amcu,578-р,2021-10-21,3334,2907fd103c90be9dc1b1dd0514fd3d9d,True,3
amcu:1785,amcu,579-р,2021-10-21,3387,239446bb7b6a0a20aabbe2957bd0609d,True,3
amcu:1786,amcu,580-р,2021-10-21,3322,c75c1b9f33f67b31d8bb83b3def44572,True,3
amcu:1787,amcu,581-р,2021-10-21,3311,0596a95d8ddfe73beedd3fc24c359ea8,True,3
amcu:1788,amcu,582-р,2021-10-21,4691,71a42e8d7193760748e7d86d1a8d3c2b,True,5
amcu:1789,amcu,583-р,2021-10-21,4332,b83b6527a2e17df4010e1a6a56d299e2,True,4
amcu:179,amcu,446-р,2026-06-11,19911,72e17794410f7f3424c74a3be0cf76db,True,20
amcu:1790,amcu,584-р,2021-10-21,5618,947489af0a6f981d406950ce3a00ba21,True,6
amcu:1791,amcu,585-р,2021-10-21,3816,c0daccb7308c60ac4f39d1c8b614586d,True,4
amcu:1792,amcu,586-р,2021-10-21,97754,a2c8918f6e5ad6b873ef213399b4ae95,True,97
amcu:1793,amcu,587-р,2021-10-22,3591,e6d565dd30d2755db390dfdea560be10,True,4
amcu:1794,amcu,588-р,2021-10-28,4422,15907e9179a3f803247848d24c66bf70,True,4
amcu:1795,amcu,589-р,2021-10-28,2396,9454687d4a7cab419dc744db01fc3a80,True,2
amcu:1796,amcu,590-р,2021-10-28,4682,0f6e8e66d1e07a79f9d2676c83319f4a,True,5
amcu:1797,amcu,591-р,2021-10-28,4948,e42a6774d4837572fa263f67b51f8606,True,5
amcu:1798,amcu,592-р,2021-10-28,5664,eac2d6a628421733bcddf3b88a21b03f,True,6
amcu:1799,amcu,593-р,2021-10-28,4094,e32dce7edf3cd48336e484a40f8a1c64,True,4
amcu:18,amcu,937-р,2025-12-04,3425,4eaf0d1e9c0a3c2c8a7c1e9b90d390f4,True,2
amcu:180,amcu,448-р,2026-06-11,21417,210696616f2dc3aa69a373a85ef22e4f,True,21
amcu:1800,amcu,594-р,2021-10-28,5233,4f4d9374f98263eaf9112c39af7b5231,True,5
amcu:1801,amcu,595-р,2021-10-28,114709,aa3603889506692cd8a0bd28a87ae2c6,True,113
amcu:1802,amcu,596-р,2021-10-28,318930,a10da86c05eed4d9024f80b2b8f8552a,True,218
amcu:1803,amcu,597-р,2021-10-28,38931,262a6626159a7c1990e0fd5438c472bf,True,39
amcu:1804,amcu,598-р,2021-10-28,89958,9fe5c0bf22796a2f0936a854c44e20fe,True,88
amcu:1805,amcu,23-рк,2021-11-04,37929,b4cd99f5d0c8a9abd7095eae1716edb8,True,38
amcu:1806,amcu,24-рк,2021-11-11,19726,2381b1a349738cdc79b3e2ad4ce62345,True,20
amcu:1807,amcu,57-рк,2019-10-17,23285,67cd02cb950bea3fe477f9cbe73e720c,True,23
amcu:1808,amcu,58-рк,2019-10-17,8376,c571e47125e9bea69990c8434f982b14,True,8
amcu:1809,amcu,135-r,2019-03-04,21079,febfb8724edd753aa8f4cd49b9a2c591,True,20
amcu:181,amcu,447-р,2026-08-11,28417,9f8765d7d1cfb91e8835d9758438b7e1,True,28
amcu:1811,amcu,785-р,2025-11-06,3701,a712dc1a85d387437b89001f1129c009,True,4
amcu:1812,amcu,786-р,2025-11-06,3267,121b890741e4c9e2f42d828e9d3cf7d4,True,3
amcu:1813,amcu,787-р,2025-11-06,3269,7651bdb1b4aeeddbf93cb1da85b3aa6c,True,3
amcu:1814,amcu,788-р,2025-11-06,3267,bf234789b94cbdd0e712dc202b26c91c,True,3
amcu:1815,amcu,789-р,2025-11-06,3267,17481d8db8df2072ebba22f80805ac45,True,3
amcu:1816,amcu,790-р,2025-11-06,3267,b9280b5ce9a4a8a2763caa4133514aca,True,3
amcu:1817,amcu,791-р,2025-11-06,3267,3c1a2f4acd7adef8db8c03879e19077d,True,3
amcu:1818,amcu,792-р,2025-11-06,3268,bba50062f9f6925b643aaa93d756b6a0,True,3
amcu:1819,amcu,793-р,2025-11-06,3288,7395dcad4c6b1c6bf1175e8065048cf2,True,3
amcu:182,amcu,452-р,2026-06-18,2779,f55750f25fa3aa227d75452d0aa22bd6,True,3
amcu:1820,amcu,794-р,2025-11-06,3286,f042dd373a7cac6af6b14d7b44a8024d,True,3
amcu:1821,amcu,795-р,2025-11-06,3280,fe5b8dc158aecd0aabfb3846c3ff64e5,True,3
amcu:1822,amcu,796-р,2025-11-06,3280,0621e3bb9e75604ef7f2da6241f9bc1d,True,3
amcu:1823,amcu,797-р,2025-11-06,3283,514574b3b1652b25611d3816a1383474,True,3
amcu:1824,amcu,798-р,2025-11-06,3280,2da00b3f61730404e102a5442ef3ea32,True,3
amcu:1825,amcu,799-р,2025-11-06,3279,5d0dd4c2f2243f13eda7db2050341f73,True,3
amcu:1826,amcu,800-р,2025-11-06,3266,f2d66e2fe7b94ef39d4b668cb6b48c90,True,3
amcu:1827,amcu,801-р,2025-11-06,3263,71bcf6669fde2f5edd0506eb2d3e9ba5,True,3
amcu:1828,amcu,802-р,2025-11-06,3263,8009bb7357d826d2102377edf05e6a3b,True,3
amcu:1829,amcu,803-р,2025-11-06,3262,0ce68d118db9f6e5e539a7d04fe1dc58,True,3
amcu:183,amcu,459-р,2026-06-18,3268,b5a0638fb9c266b11d1b95ecd56c8289,True,3
amcu:1830,amcu,804-р,2025-11-06,3264,336d0f0d3a1b345869204a01fde3ae16,True,3
amcu:1831,amcu,805-р,2025-11-06,3262,97c9dec800aa62149af3d3ba9c4ad1a1,True,3
amcu:1832,amcu,806-р,2025-11-06,3262,65669e34986195f8ce05803b220f0748,True,3
amcu:1833,amcu,807-р,2025-11-06,3263,a5328d27d3e96c4e6e27db94eb098a30,True,3
amcu:1834,amcu,808-р,2025-11-06,3262,e0f64c7150fd97e57f0b753f0aa1bb7f,True,3
amcu:1835,amcu,809-р,2025-11-06,3262,515c22022e8b6d05239ea64c64554082,True,3
amcu:1836,amcu,810-р,2025-11-06,3264,23280039dc916d82818bce688a9cf8b3,True,3
amcu:1837,amcu,811-р,2025-11-06,3288,bb5a2aa71e291e829ff303449235cecf,True,3
amcu:1838,amcu,812-р,2025-11-06,3303,795624c9742a00197cf3746e269f4b3d,True,3
amcu:1839,amcu,813-р,2025-11-06,3286,f9d51943623b7e620778a61d41fc6e65,True,3
amcu:184,amcu,460-р,2026-06-18,2759,97f0da724510a1d86eb5e0b7bf729a44,True,3
amcu:1840,amcu,814-р,2025-11-06,3338,8eab8d1d27f4882d5b15858dfb597da8,True,3
amcu:1841,amcu,815-р,2025-11-06,3321,63b745e8d86e307b6008236a0ea6a931,True,3
amcu:1842,amcu,816-р,2025-11-06,3294,4f926cb04f95de4c0fd13006ff04ab2a,True,3
amcu:1843,amcu,817-р,2025-11-06,3266,4639e24e1bdf7bfcebfc90c683bd6ed6,True,3
amcu:1844,amcu,818-р,2025-11-06,3263,8373ffe85c91058370bf66f1f95d5386,True,3
amcu:1845,amcu,819-р,2025-11-06,3281,b8696b49c90d471f5d4c143280b91be7,True,3
amcu:1846,amcu,820-р,2025-11-06,2076,eaea5409600e9b62b207eb92fc2e5ce7,True,2
amcu:1847,amcu,821-р,2025-11-06,2074,ade7e4cd5954d21c1c8e93d26563a33a,True,2
amcu:1848,amcu,822-р,2025-11-06,2226,b01eaf2dcd11fa0cf5baee282288d842,True,2
amcu:1849,amcu,823-р,2025-11-06,2197,bc384a7d0ab0112fea897fb6ffe5768c,True,2
amcu:185,amcu,461-р,2026-06-18,2886,d0efbd63bc03ef57e79e0cb76de1f624,True,3
amcu:1850,amcu,824-р,2025-11-06,2350,078bf698b1a2aa66ed5eaf55d1ad5f4d,True,3
amcu:1851,amcu,825-р,2025-11-06,2350,9b378813a582e69e4d81f8810be821bf,True,3
amcu:1852,amcu,826-р,2025-11-06,3112,cafdcec81940d6437a9f7d80f76798e5,True,3
amcu:1853,amcu,827-р,2025-11-06,49582,a57b4dea071c02bc47f30f8c2db1e46e,True,48
amcu:1854,amcu,828-р,2025-11-06,25249,1a348f2cdca5b0934f563ed805922569,True,25
amcu:1855,amcu,829-р,2025-11-06,34856,afe6f8e6dfa4499570fe36403da4f933,True,34
amcu:1856,amcu,830-р,2025-11-06,55497,9e2e74c7e97c115d139a4b5c319cd371,True,55
amcu:1857,amcu,831-р,2025-11-06,10768,360b04eecbc5051a142280aadb2edd4a,True,11
amcu:1858,amcu,832-р,2025-11-13,2932,999c031aa50ec96ffc058fe7aeaf2432,True,3
amcu:1859,amcu,833-р,2025-11-13,3248,f691317cf8da278fa65d621430a0661c,True,3
amcu:186,amcu,462-р,2026-06-18,2949,d12919b7241b137429392cd56f71515c,True,3
amcu:1860,amcu,834-р,2025-11-13,2778,379ce51c8ba2adf4bcbe2163e7668993,True,3
amcu:1861,amcu,835-р,2025-11-13,3878,0b3d6e0e08ac5acfbc3d483326e8c9b4,True,4
amcu:1862,amcu,836-р,2025-11-13,3968,9cb85211d4fe2d8be5e33c44e6bfcb29,True,4
amcu:1863,amcu,837-р,2025-11-13,2738,09e834e9324d0e04cabbf19a51b6e290,True,3
amcu:1864,amcu,838-р,2025-11-13,3651,6e4fd278158b7990089fbfc15363df14,True,4
amcu:1865,amcu,839-р,2025-11-13,34907,3ebd7670e042047208258622835eb7c8,True,34
amcu:1866,amcu,840-р,2025-11-13,20496,1053057c47baf3367e1c631d087d431d,True,20
amcu:1867,amcu,841-р,2025-11-13,110030,6d649a66dc9f4aa53cf65d77f44e160c,True,91
amcu:1868,amcu,842-р,2025-11-13,179225,0759a298e591a00fed35a3c3de7be669,True,179
amcu:1869,amcu,843-р,2025-11-13,112143,eb1151ade2b862cb6a3e7a1fed82d7a8,True,112
amcu:187,amcu,463-р,2026-06-18,2457,612afcecb7196e753a0cd2b83da22e24,True,2
amcu:1870,amcu,844-р,2025-11-13,144369,b0fcc36b0934da7ef95b653d267c6284,True,141
amcu:1871,amcu,845-р,2025-11-13,8379,e778fac22ab1d6ebf22973be526ed270,True,8
amcu:1872,amcu,,2025-11-20,4170,2e250d86679890d27432c0798595b0b8,True,4
amcu:1873,amcu,846-р,2025-11-20,3273,eac7759eb62c535965bd90e3805c3e45,True,3
amcu:1874,amcu,847-р,2025-11-20,3273,135b157f7d21c97f19a32c290f802d79,True,3
amcu:1875,amcu,848-р,2025-11-20,3273,2593d2ec1ecd1ff351b95e4e37cd3de3,True,3
amcu:1876,amcu,849-р,2025-11-20,3273,a4b783e88f32d881e5ac85db7f4c467f,True,3
amcu:1877,amcu,850-р,2025-11-20,3267,b16d0947397e0f307bbf5883cbb66dc7,True,3
amcu:1878,amcu,851-р,2025-11-20,3276,18659ec1e1f039b8eda55e8ef9071aa9,True,3
amcu:1879,amcu,852-р,2025-11-20,3276,4e36786241e642ec874d46905fbb0095,True,3
amcu:188,amcu,464-р,2026-06-18,3454,ca8589ce241d119e720cd8eeecc582f5,True,4
amcu:1880,amcu,853-р,2025-11-20,3276,99caadfab74f273baad269b4cdb5fdf6,True,3
amcu:1881,amcu,854-р,2025-11-20,3276,c550bd645862a569d364838d3932435a,True,3
amcu:1882,amcu,855-р,2025-11-20,3297,fe913c5f5b7eb11296b2304092da0e64,True,3
amcu:1883,amcu,856-р,2025-11-20,3297,df1a4cc5e3baff7278ad429e35609460,True,3
amcu:1884,amcu,857-р,2025-11-20,3297,96067d20dba1b73f469f3865f00379bf,True,3
amcu:1885,amcu,858-р,2025-11-20,3267,6eb71ab6da6eccb838c61d2ba1b6a893,True,3
amcu:1886,amcu,859-р,2025-11-20,3267,9ab3b91a1d2c6e1183dd548191bc83ae,True,3
amcu:1887,amcu,860-р,2025-11-20,3280,168eb765c1ed0d89bb7a7eafb8a2acc0,True,3
amcu:1888,amcu,861-р,2025-11-20,3154,3bc836a29b65cb5106526548f4adefad,True,3
amcu:1889,amcu,862-р,2025-11-20,3153,b37bfadabbe5729d474cbcc0a86cbe14,True,3
amcu:189,amcu,466-р,2026-06-18,22876,9fe9f19e9479de681e3065324f0758bf,True,23
amcu:1890,amcu,863-р,2025-11-20,3195,ce53c7d30288d1cd0d2fd0c31551612f,True,3
amcu:1891,amcu,864-р,2025-11-20,3196,39efc25ed251c0a60ab19a0a12aa8e6e,True,3
amcu:1892,amcu,865-р,2025-11-20,3186,f7e6f28631cb561ac457e63f7a1b399b,True,3
amcu:1893,amcu,866-р,2025-11-20,3193,b3cf11fb29702f59d3cd75aa614f0ca8,True,3
amcu:1894,amcu,867-р,2025-11-20,3166,ca9a5f0af7ae189606182f54c38c4357,True,3
amcu:1895,amcu,868-р,2025-11-20,3171,08ad7e22d554bd6ec765ac948d5562c7,True,3
amcu:1896,amcu,869-р,2025-11-20,3166,ab01f2065dc33b89c32ceb99927a9ee1,True,3
amcu:1897,amcu,870-р,2025-11-20,3189,22ecf326ee9d5421868390d06308f06f,True,3
amcu:1898,amcu,871-р,2025-11-20,3286,d5bc47c4d585bfe427837e4b8ec9a7f7,True,3
amcu:1899,amcu,872-р,2025-11-20,3342,eef25f94ba8c9c649fcfd378920f6bae,True,3
amcu:19,amcu,938-р,2025-12-04,3771,76ab048686b9409140c0e93993da6502,True,4
amcu:1900,amcu,873-р,2025-11-20,3955,9a602cdf8cd8356a2ab2c8a5d992fb69,True,3
amcu:1901,amcu,874-р,2025-11-20,3829,66a48b4882fcc9d126cad3bd31a5bc41,True,4
amcu:1902,amcu,875-р,2025-11-20,3681,242bad63c422a8ca06d75fb4a67aa920,True,4
amcu:1903,amcu,876-р,2025-11-20,2633,cec1e54f3d394b6ad6d46cc00727f979,True,3
amcu:1904,amcu,878-р,2025-11-20,4802,38341af07cc00374b62118b2ce4f10fd,True,5
amcu:1905,amcu,879-р,2025-11-20,2914,e39506a340e9c4897fd30b3b7289b117,True,3
amcu:1906,amcu,880-р,2025-11-20,78878,0dac69d35afc3959be179cd5ec6f7c00,True,79
amcu:1907,amcu,881-р,2025-11-20,60978,ec2595895d88d5f8a82856cd242a47d0,True,60
amcu:1908,amcu,882-р,2025-11-20,82769,b5e96902781dc0da9c4cf8ea12a226df,True,75
amcu:1909,amcu,883-р,2025-11-20,65132,44e77189f71f34cdca0a2e43a793d72d,True,65
amcu:191,amcu,337-р,2019-05-16,2174,213aee9043971a096ea1565a8d54bfb8,True,2
amcu:1910,amcu,884-р,2025-11-20,102447,33e2f16649e6ddf1c13dbb27915b70c6,True,102
amcu:1911,amcu,885-р,2025-11-20,35339,648d07dae5b984960fc8725c1f5c3f16,True,36
amcu:1912,amcu,886-р,2025-11-20,17168,6984f4e58a72bb3e393ab303c37179e1,True,17
amcu:1913,amcu,887-р,2025-11-20,8462,4256c404267151d13a1b3612d5cef564,True,9
amcu:1914,amcu,888-р,2025-11-20,8256,7690da9c5cef2786d835ab9d76bd55db,True,8
amcu:1915,amcu,889-р,2025-11-20,2285,e366fd329564a141dc41b3f9cc9adaf0,True,2
amcu:1916,amcu,890-р,2025-11-27,2853,eb45cee532f7bc2096d51471d83911a5,True,3
amcu:1917,amcu,891-р,2025-11-27,2716,3529c8bfad53cffd5a38cfdccc449b94,True,3
amcu:1918,amcu,892-р,2025-11-27,2859,fe26e8a3d128a703a5d489c2d4cac3f7,True,3
amcu:1919,amcu,893-р,2025-11-27,3318,ed7007a9198c9cf7443892517544a7d4,True,3
amcu:192,amcu,338-р,2019-05-16,3447,9746c84593c7dd0b1f41bba2b4f35c53,True,3
amcu:1920,amcu,894-р,2025-11-27,4199,6ce57958d92e15e005df29fde0c685fb,True,4
amcu:1921,amcu,895-р,2025-11-27,3280,6f28101ed4711d3117117e7fd80ada88,True,3
amcu:1922,amcu,896-р,2025-11-27,3267,beffad62c8cee6b8eed95cdc417eb251,True,3
amcu:1923,amcu,897-р,2025-11-27,3201,b71bc684dca881af6130556b4a584ed1,True,3
amcu:1924,amcu,898-р,2025-11-27,3194,7f6ec4ee93bc03e4e0c64d8dfddb13df,True,3
amcu:1925,amcu,899-р,2025-11-27,3192,027d9b03befa0c89073aadb7aefa9522,True,3
amcu:1926,amcu,900-р,2025-11-27,3244,6c9c8148bbc70cda1c8d358dd380c3b2,True,3
amcu:1927,amcu,901-р,2025-11-27,3245,fa22be3698436a90735e8a4fce4bf8e1,True,3
amcu:1928,amcu,902-р,2025-11-27,3245,1b2a59893459acc523de8c493d158b1d,True,3
amcu:1929,amcu,903-р,2025-11-27,3237,91177cfe2f1084d54904cea9bce06b3c,True,3
amcu:193,amcu,339-р,2019-05-16,4217,87ebe92e8688d5c027aac45fdee17428,True,4
amcu:1930,amcu,904-р,2025-11-27,3238,dc785eda290c44cdb126c29cdcae5f92,True,3
amcu:1931,amcu,905-р,2025-11-27,3231,7dea8251e0bea5f0725e14fe3247a2d1,True,3
amcu:1932,amcu,906-р,2025-11-27,3230,5d0f7b54c11944172aa79b5aca8f7ea4,True,3
amcu:1933,amcu,907-р,2025-11-27,3232,c748f7245b3c77820a2dc077af4b9da5,True,3
amcu:1934,amcu,908-р,2025-11-27,3206,8846988ddbc2f3ae7b23dbffb2b14680,True,3
amcu:1935,amcu,909-р,2025-11-27,3201,fc2d643753d101fae99542533bea881b,True,3
amcu:1936,amcu,910-р,2025-11-27,3201,75fc3aa48f0cfa03f297246deca08b42,True,3
amcu:1937,amcu,911-р,2025-11-27,3238,c344dfd216468cc1b2fd2d0969644b29,True,3
amcu:1938,amcu,912-р,2025-11-27,3248,ef60476f434662f63946f6d375dde8bd,True,3
amcu:1939,amcu,913-р,2025-11-27,2685,9e57c50a2bdc3dbe7dd98f9befc54eba,True,3
amcu:194,amcu,340-р,2019-05-16,3900,5a7ab99ad8e23f38097c70c4c5f08c12,True,4
amcu:1940,amcu,914-р,2025-11-27,4231,4508a5051dfc86c35cce14e461673a39,True,4
amcu:1941,amcu,915-р,2025-11-27,3736,4633572471f1652c35049f99c5a46679,True,4
amcu:1942,amcu,916-р,2025-11-27,3685,77834303e57f59ea2c87fd1439f41ba6,True,4
amcu:1943,amcu,917-р,2025-11-27,3056,e8c95f82690de522505e23d222993052,True,3
amcu:1944,amcu,918-р,2025-11-27,3631,8ec6e64f8d537844707e91237676d2e6,True,4
amcu:1945,amcu,919-р,2025-11-27,3622,84cb1ea144442c410b6066ae507a9b3b,True,4
amcu:1946,amcu,921-р,2025-11-27,123931,dbe831483fa7c93c78701ee815cf78e3,True,122
amcu:1947,amcu,922-р,2025-11-27,17523,276fc0547223ffbaccb2864c17d46f14,True,17
amcu:1948,amcu,920-р,2025-12-27,99578,c9794034e12f850223768eaef24cd4ab,True,100
amcu:1949,amcu,44,,50947,955a7c5607e67a0749f977d83e5b222c,True,50
amcu:195,amcu,341-р,2019-05-16,3147,aa2d70cc5177bfdf3133711b60e7b667,True,3
amcu:1950,amcu,46-rk,2019-06-27,13786,77a97c1272deef25b40991f6c601af06,True,14
amcu:1952,amcu,2,2019-01-17,8398,fcb86d1a15571581f9e36bd171621ccf,True,8
amcu:1953,amcu,312-р,2019-05-08,2369,3f979cc753e88829d44c8fff5368922b,True,2
amcu:1954,amcu,313-р,2019-05-08,2618,b4348e130832fc8aa30c47779d382b02,True,3
amcu:1955,amcu,314-р,2019-05-08,2689,c34ed87ba6818c20c707b96d90f95e49,True,3
amcu:1956,amcu,315-р,2019-05-08,2430,47947aec4874e12f4080a8e35fb25946,True,2
amcu:1957,amcu,316-р,2019-05-08,4009,d37dd8182a50337ed5c1d6e46bb4f045,True,4
amcu:1958,amcu,317-р,2019-05-08,2796,9a6793a5303e9270f6a386f86d110257,True,3
amcu:1959,amcu,318-р,2019-05-08,3409,c3a1534a40891a5880e95fd282ddeadc,True,3
amcu:196,amcu,342-р,2019-05-16,3218,91acea5e024627cfd286276cf08e7319,True,3
amcu:1960,amcu,319-р,2019-05-08,41029,e606a99d8d912b588afd814ab0b6f763,True,40
amcu:1961,amcu,320-р,2019-05-08,26353,00e9132ea61cf957744c3d2ac61c9aa7,True,26
amcu:1962,amcu,321-р,2019-05-08,22135,99de26150ee092c8eda5a7dc27d02301,True,22
amcu:1963,amcu,322-р,2019-05-08,24600,8b98ccf164dbea0670ec6032a0912de9,True,24
amcu:1964,amcu,323-р,2019-05-08,23569,0c3ff3a92229c6d91fbe3d73ab15d5b5,True,23
amcu:1965,amcu,324-р,2019-05-08,31223,9c507a16911d47baab4ced8bfa75d737,True,31
amcu:1966,amcu,325-р,2019-05-08,17673,04322afbccbdfcdef9864b94c80cde72,True,17
amcu:1967,amcu,326-р,2019-05-08,40661,493026291c3bce7677e3ce6da62994a3,True,40
amcu:1968,amcu,327-р,2019-05-08,25375,57337a2588a46b8955b89f0edb782308,True,25
amcu:1969,amcu,328-р,2019-05-08,55325,9911d10eec938011b85467e168aa6a92,True,55
amcu:197,amcu,343-р,2019-05-16,3938,f89688b7d6a0b7a7a373170cf3604bcf,True,4
amcu:1970,amcu,4-рк,2025-05-29,83311,174410ca211b609c4f3c956715d4da48,True,83
amcu:1971,amcu,173-р,2024-06-06,2681,0617c2e3c312a066b209db15f14067ab,True,3
amcu:1972,amcu,174-р,2024-06-06,3567,930adf18e3136adb7083c99e3e7cd5bd,True,4
amcu:1973,amcu,175-р,2024-06-06,3914,3ea99f9ccc055beb65fdf02f4676063a,True,4
amcu:1974,amcu,176-р,2024-06-06,1947,d239f0d66bf29836e6004ef2ef1b1608,True,2
amcu:1975,amcu,177-р,2024-06-06,32555,483d3599ea6f981e69dc56bc5a90fcd3,True,32
amcu:1976,amcu,178-р,2024-06-06,2925,d51498970fa0b1c8886b0d5ca6b4f67a,True,3
amcu:1977,amcu,179-р,2024-06-06,3038,e7bccfe5336a997382db3721a30fa2d8,True,3
amcu:1978,amcu,180-р,2024-06-13,3059,72bcc4e90467f2ca97a68e345c2e7292,True,3
amcu:1979,amcu,181-р,2024-06-13,3021,8254375ee962b6fa6059399560846507,True,3
amcu:198,amcu,344-р,2019-05-16,3919,528c288c322b0a295df2da700994a44d,True,4
amcu:1980,amcu,182-р,2024-06-13,116189,f92eab4077171e7ae4901220112953e6,True,63
amcu:1981,amcu,183-р,2024-06-20,6683,cb8dcfde59551a1900d0c3a181ee64f6,True,6
amcu:1982,amcu,184-р,2024-06-20,6533,b3caec814e35911cfaac828681f43307,True,6
amcu:1983,amcu,185-р,2024-06-20,6506,0d139ca5001e9a2eac76fad07f7964d1,True,6
amcu:1984,amcu,186-р,2024-06-20,3420,099c2ce51c0fa73fb57e7a5bd04ccf90,True,3
amcu:1985,amcu,187-р,2024-06-20,64084,8eb95b59a9da1b3e825e3f53b0b9d294,True,52
amcu:1986,amcu,188-р,2024-06-20,116467,c1a4aeb9375518ef8baf715cdb4d7d8e,True,93
amcu:1987,amcu,189-р,2024-06-27,3866,7331dc8c42fe186af15939777bd5c6b4,True,4
amcu:1988,amcu,190-р,2024-06-27,3804,82e14d234887fbe56f9710e408c27b78,True,4
amcu:1989,amcu,191-р,2024-06-27,4013,28c3ae6fd0671a1ab91174dffe4ab855,True,4
amcu:199,amcu,345-р,2019-05-16,3997,4c0072f3e925bba7731888d7e828cf36,True,4
amcu:1990,amcu,192-р,2024-06-27,2982,d789d3c3d9824c63aabe30d4af5b057d,True,3
amcu:1991,amcu,193-р,2024-06-27,2141,f1b71220e8b4a226d2164c6c88c582c5,True,2
amcu:1992,amcu,194-р,2024-06-27,2014,f5d169c4cab1128432c89008281682e5,True,2
amcu:1993,amcu,195-р,2024-06-27,3772,dd0288b1c87caecea980b49dda68ab6c,True,4
amcu:1994,amcu,196-р,2024-06-27,22901,8216b4a114f65248f9031ff346ef22c3,True,22
amcu:1995,amcu,197-р,2024-06-27,23336,fb6a6c29a10dacbc716c7ded201cb402,True,23
amcu:1996,amcu,198-р,2024-06-27,23661,8b5ab26c0ab2d4f933d2692f5aaf5a7d,True,23
amcu:1997,amcu,199-р,2024-06-27,23653,4c9c6d469fad6bc61f2462ffb1e96976,True,23
amcu:1998,amcu,200-р,2024-06-27,23404,66dac4862f82215fd4d6f55f978811de,True,23
amcu:1999,amcu,201-р,2024-06-27,23643,e0489acc9d25bf2f907679fc683d72c0,True,23
amcu:2,amcu,1077-р,2025-12-25,30289,73ca5325ffb33ae98eb3c46339e0f42f,True,29
amcu:20,amcu,939-р,2025-12-04,4671,fcac792038d6dacfdb50cde7b87ec108,True,5
amcu:200,amcu,346-р,2019-05-16,4167,64d6765b869159ee1c07b780c62476cc,True,4
amcu:2000,amcu,202-р,2024-06-27,23423,b15a07da24b70dacaf7aaebb88bf801f,True,23
amcu:2001,amcu,203-р,2024-06-27,23234,19d90b84bae4348557a7ca3ee86f72ae,True,23
amcu:2002,amcu,204-р,2024-06-27,23112,0d6cc86101fecd288649ac678c7d0490,True,23
amcu:2003,amcu,205-р,2024-06-27,23359,6801749c10d14585c098cab9fb14c82c,True,23
amcu:2004,amcu,206-р,2024-06-27,24895,7dc2b6e81c75fd3d451300d73ea36c10,True,24
amcu:2005,amcu,207-р,2024-06-27,115265,e4e5dc5a3957cd297ff97758fbe6167b,True,83
amcu:2006,amcu,208-р,2024-06-27,103935,c072551183715ffcdc1956a2b86a1581,True,98
amcu:2007,amcu,209-р,2024-06-27,60357,bc3c935d243947f2bfba6006bb9bf03c,True,48
amcu:2008,amcu,210-р,2024-06-27,165397,5a822184bc72de51121a74922e5cfc77,True,163
amcu:2009,amcu,211-р,2024-06-27,29013,56c2dec916657d83df90e6a3f3028ef5,True,29
amcu:201,amcu,347-р,2019-05-16,79754,8cca5c305c8f89861c685385d7379451,True,79
amcu:2010,amcu,7,,2382,9dc2913f4b3d0e379e36aed01d305a4e,True,2
amcu:2011,amcu,528-р,2019-08-01,2450,9e551828b21e80d4687450cbcadb8de0,True,2
amcu:2012,amcu,529-р,2019-08-01,4890,6614dd4d211afa3d9a13e74442254f6c,True,5
amcu:2013,amcu,530-р,2019-08-01,4380,d40c06b26cb1255dd2b17c2aeb5a25d8,True,4
amcu:2014,amcu,531-р,2019-08-01,6286,0e392ca95fcb613fb81d8050ba2ea144,True,6
amcu:2015,amcu,532-р,2019-08-01,26381,8bbc913c0c930ac467f81063087f454d,True,26
amcu:2016,amcu,533-р,2019-08-01,32885,3fe4df7d98b6554ecb1435d6d18cb77c,True,33
amcu:2017,amcu,534-р,2019-08-01,20770,2f825b27d51ad8f6e264610141e9ec09,True,21
amcu:2018,amcu,535-р,2019-08-01,61652,1588b67106b3a1d6f0ab2767af7e7806,True,62
amcu:2019,amcu,651-р,2019-10-03,45934,5d607564677272e0b5f6a3d0f89940d7,True,44
amcu:2020,amcu,652-р,2019-10-03,41440,8841cdf5e126b552db040e6f1cb8b1d1,True,41
amcu:2021,amcu,653-р,2019-10-03,2132,49602c4df3b62f05b435e1763aa3ad09,True,2
amcu:2022,amcu,654-р,2019-10-03,2217,5336c1013a2ea1ed7f4bbc94e2dcf077,True,2
amcu:2023,amcu,655-р,2019-10-03,2697,3b8acee997e0e7ce1d0249b0c012cae0,True,3
amcu:2024,amcu,656-р,2019-10-03,2686,6ed29334a642dc23a974676efa9664d2,True,3
amcu:2025,amcu,657-р,2019-10-03,2195,96700e518519277691e27ffe0e930638,True,2
amcu:2026,amcu,658-р,2019-10-03,2205,833e5b553c9156a15f9ca2497588f932,True,2
amcu:2027,amcu,659-р,2019-10-03,2846,3d0e2f88dfa81487c3060e84117e4eea,True,3
amcu:2028,amcu,660-р,2019-10-03,2366,61a596675eeb3f1bcbaa523a2535aec7,True,2
amcu:2029,amcu,661-р,2019-10-03,2387,45bddd3d3f3ea12a9c2d1ca012ee427c,True,2
amcu:203,amcu,294-р,2019-05-03,1877,aeab5f360dab183b27c737ee16553c22,True,2
amcu:2030,amcu,662-р,2019-10-03,2382,f593b1b19574cd05e7354b2bd0f465bf,True,2
amcu:2031,amcu,663-р,2019-10-03,2392,13f9b4fdcd47cba6eb1eb60f2aca6238,True,2
amcu:2032,amcu,664-р,2019-10-03,2329,a140468750995a4238eb976279303f2a,True,2
amcu:2033,amcu,665-р,2019-10-03,2450,b518a63d190612f8190c7e9a11d0c8ec,True,3
amcu:2034,amcu,666-р,2019-10-03,3289,7a2b6c9cb1854f72712ac3ca5a69551f,True,3
amcu:2035,amcu,667-р,2019-10-03,3852,dac5ffdea911c39d0582a68d7a06fa41,True,4
amcu:2036,amcu,668-р,2019-10-03,5554,42fda5793fc6236f7c531843c6e62835,True,6
amcu:2037,amcu,669-р,2019-10-03,4396,15b0da6b7b7a94e9bb567657722d6538,True,4
amcu:2038,amcu,670-р,2019-10-03,4361,5c0ad8e5615f2b8fc6ec7020d0b9d788,True,4
amcu:2039,amcu,671-р,2019-10-03,4387,c6dea6689e7cce8365e77fc69ce7acf4,True,4
amcu:204,amcu,295-р,2019-05-03,2564,0b162729c1180fefdeb126c199c06726,True,3
amcu:2040,amcu,672-р,2019-10-03,4547,ec1617914c8a7c4414d34327ea9ee045,True,5
amcu:2041,amcu,673-р,2019-10-03,4393,cdb89c5967cc7c2bdb2b26d36dcba639,True,4
amcu:2042,amcu,674-р,2019-10-03,4417,f1aab57f033cb63bc9894f2be5bef8ac,True,4
amcu:2043,amcu,675-р,2019-10-03,4418,cda1bb9e56eec1f893debda2a4746d44,True,4
amcu:2044,amcu,676-р,2019-10-03,19452,0d2884ec55e8ef69e59052577d12dab6,True,19
amcu:2045,amcu,677-р,2019-10-03,13436,e45b93b432f0c967702b049257beb021,True,13
amcu:2046,amcu,677-р,2019-10-03,26836,82a9f37ab64d6f32473b8774944cc693,True,26
amcu:2047,amcu,678-р,2019-10-03,28036,50bdafe194db58c3c0d5581e42714653,True,26
amcu:2048,amcu,678-р,2019-10-03,26570,a1bfa3155ba639d2e05cc26c20f756cf,True,26
amcu:2049,amcu,679-р,2019-10-03,41603,1ab1c9efb76b3b65ad93f541b76e5e6f,True,41
amcu:205,amcu,296-р,2019-05-03,2597,9e48b74744888089bb3068390e5e67d7,True,3
amcu:2050,amcu,680-р,2019-10-03,61713,03951527c50eef9dd8a69742e0d0db4a,True,61
amcu:2051,amcu,681-р,2019-10-03,4336,cc4e1058dc5ad35793f035dfce5ca6ce,True,4
amcu:2052,amcu,7-rk,2019-02-28,10329,cb0eac5ed0db7ee2ba61888946647cef,True,11
amcu:2053,amcu,17-рк,2021-07-15,32919,55296b8e4f815015338ef1d896f767d7,True,33
amcu:2054,amcu,18-рк,2021-07-23,37830,43f73226bca047ae9630090b4457ee42,True,38
amcu:2055,amcu,48-рк,2020-11-05,23951,d3918cbcb5bf3ba4a109b3499875b439,True,24
amcu:2056,amcu,49-рк,2020-11-05,33631,e65119ef8a8f6912e9ad217f0c1c9b39,True,34
amcu:2057,amcu,50-рк,2020-11-05,17290,a92198a740089a6dcd0ad6be04d7c476,True,17
amcu:2058,amcu,51-рк,2020-11-12,12409,9e05c3f04d6cda96afb9ec03bbee688a,True,13
amcu:2059,amcu,52-рк,2020-11-12,14576,d5f8c5e8bbf07e1edca9311633d4bdaa,True,15
amcu:206,amcu,297-р,2019-05-03,3316,f805a69566b805c89f0d11c1dff33f37,True,3
amcu:2060,amcu,53-рк,2020-11-12,12612,856616581048baf4093c7ffd38a737ef,True,13
amcu:2061,amcu,54-рк,2020-11-12,13152,7550076f092c68bc8e88eddaf2af4e5d,True,13
amcu:2062,amcu,55-рк,2020-11-12,15936,557a449301597fb836c21a9b2136220c,True,16
amcu:2063,amcu,56-рк,2020-11-12,17297,82d9f1605ea7f9909aceb728ee2c2c77,True,17
amcu:2064,amcu,57-рк,2020-11-19,14710,b170125e44fe8afc3642fbc406bbac26,True,15
amcu:2065,amcu,63-rk,2019-11-28,41746,65cd78d3de9879a0595a4c2f90bc49b5,True,41
amcu:2066,amcu,466-р,2019-07-02,28900,cdbbae1f3360aac90368b2d608f54e6f,True,29
amcu:2067,amcu,467-р,2019-07-02,28583,bf9a204d67302ea8ea418361d9da38f8,True,28
amcu:2068,amcu,468-р,2019-07-02,18606,76b49e032f758db873f17041d602b931,True,19
amcu:2069,amcu,469-р,2019-07-02,22836,fba1d5af19265404d786cccb5db092ec,True,23
amcu:207,amcu,298-р,2019-05-03,2429,1c58f1b3904c42c2bd538c510a1d03d7,True,3
amcu:2070,amcu,470-р,2019-07-02,21529,5f7053b95fcd5954c57e477e83c2fc66,True,21
amcu:2071,amcu,471-р,2019-07-02,20503,c870b3c0c05d435070586f6437b6a41d,True,19
amcu:2072,amcu,354-р,2019-05-23,2383,29ccf4314cfe71b56fa227e24d6385de,True,2
amcu:2073,amcu,355-р,2019-05-23,2687,3219e6d537400d593cd30b5df5ebb1b9,True,3
amcu:2074,amcu,356-р,2019-05-23,3988,5f1374fffb641c6d239cfb4001732af0,True,4
amcu:2075,amcu,357-р,2019-05-23,4090,d83276a445449aaa30a6574bf0c965ab,True,4
amcu:2076,amcu,358-р,2019-05-23,23776,892f4beb5c0eed0adee4f330ea9b4a79,True,24
amcu:2077,amcu,359-р,2019-05-23,17437,67ddfb116cb8e2d948e4acf9f0a16030,True,17
amcu:2078,amcu,342-р,2023-12-07,123493,fd47b36b1ec51c40914cba0856bce482,True,121
amcu:2079,amcu,343-р,2023-12-07,48636,14011202b791240e46f50a8d0b976b47,True,48
amcu:208,amcu,299-р,2019-05-03,2741,2ab3492e223e2292b3d7954eea8f190e,True,3
amcu:2080,amcu,344-р,2023-12-07,15703,940948c410607475e8031a1cb9fada52,True,16
amcu:2081,amcu,345-р,2023-12-07,15412,60dbc5b90b7c937e28b9d8e88eae54ae,True,15
amcu:2082,amcu,346-р,2023-12-07,15681,5b84764dcb13182af106d539c7bf5b1a,True,16
amcu:2083,amcu,347-р,2023-12-07,4683,90d7b23ac976d5b613f7b780de031128,True,5
amcu:2084,amcu,348-р,2023-12-07,2964,8d85bd41306e0cbbbb9c03b2c1f1004e,True,3
amcu:2085,amcu,349-р,2023-12-14,109489,f849398f065ad47971733bbb95daed80,True,108
amcu:2086,amcu,350-р,2023-12-14,326141,91fe899fe3fbd0ac02c7cd13fe633fda,True,320
amcu:2087,amcu,351-р,2023-12-14,38324,7c0db073e3e9ae7d8312c8f20a0bc858,True,33
amcu:2088,amcu,352-р,2023-12-14,20593,1161cbceeb9891e6799d3a811b42d004,True,21
amcu:2089,amcu,353-р,2023-12-14,50247,cd977e970870b054708ae78eca1d3817,True,49
amcu:209,amcu,300-р,2019-05-03,2519,024ee120d16af164549651543baa1686,True,3
amcu:2090,amcu,355-р,2023-12-14,2640,0d8e2f30cc391e5271963d544184e8b5,True,3
amcu:2091,amcu,356-р,2023-12-14,2516,cb76e6cf6fcb1fd80829f5c4129f688a,True,3
amcu:2092,amcu,357-р,2023-12-14,2851,1453178ba0ae88b29f088e1f967cf838,True,3
amcu:2093,amcu,358-р,2023-12-14,3246,7a522411ee7129e120c5a300be7fce5d,True,3
amcu:2094,amcu,359-р,2023-12-14,3020,ed9e69e009f5d8f7eefebd507a6f89c5,True,3
amcu:2095,amcu,360-р,2023-12-14,3280,d28033c19bdd45c2f55c5d73903fac8d,True,3
amcu:2096,amcu,361-р,2023-12-14,3006,abd058c5b2d77468563bce7ed1a5b182,True,3
amcu:2097,amcu,362-р,2023-12-21,302006,b658703d7d1e4e44cf7568a610a462f0,True,296
amcu:2098,amcu,363-р,2023-12-21,49187,02e60757bb946ecf12e2454c304e8bce,True,48
amcu:2099,amcu,364-р,2023-12-21,23623,f57a9df7d477fe244ae7a633f08db6b2,True,24
amcu:21,amcu,940-р,2025-12-04,3578,1156dd67a37a92798720ebc287bfa1a8,True,3
amcu:210,amcu,301-р,2019-05-03,2502,05611dfd0329b10b8ee72a0a946ee1f3,True,3
amcu:2100,amcu,365-р,2023-12-21,91896,13c0638697f54e951f6d05c03eeae3da,True,92
amcu:2101,amcu,366-р,2023-12-21,17518,023711933d2e8c156046592bdd9cdb90,True,18
amcu:2102,amcu,367-р,2023-12-21,57135,87f07a4b8152716b87f91b9349bc15d0,True,57
amcu:2103,amcu,368-р,2023-12-21,33110,d1840bf564af10f734ff6c3f4e99d32b,True,33
amcu:2104,amcu,369-р,2023-12-21,3532,4061e9883af7bb571275f289800042c4,True,4
amcu:2105,amcu,370-р,2023-12-21,3301,e68a44b6743dbe738e45514674f58d0c,True,3
amcu:2106,amcu,371-р,2023-12-21,3277,309f792ae55fddb46c79ebf919bbe80e,True,3
amcu:2107,amcu,372-р,2023-12-21,3375,69ce0c8c46a6d94e53323348583156e5,True,3
amcu:2108,amcu,373-р,2023-12-21,3270,c26b560e07674a3f4a35f3da42fab8d1,True,3
amcu:2109,amcu,374-р,2023-12-21,3258,682e3636bb8dcc92675e90de62bdc2be,True,3
amcu:211,amcu,302-р,2019-05-03,2566,6ca78c1c5824d59392e4d8619860b639,True,3
amcu:2110,amcu,375-р,2023-12-21,3272,ce4119287759fea47f4e642f0530e1fd,True,3
amcu:2111,amcu,376-р,2023-12-21,3265,7001cf02f58b387472283847ab784a17,True,3
amcu:2112,amcu,377-р,2023-12-21,3276,47364e8b3cea13634c1351f171286360,True,3
amcu:2113,amcu,378-р,2023-12-21,3270,876c2757a6f9ab391a312c75bf9eca4d,True,3
amcu:2114,amcu,379-р,2023-12-21,3268,f848d6902386e91d6c5fac5557a95c9d,True,3
amcu:2115,amcu,380-р,2023-12-21,3273,3a0b29423766a16b8f3ea84c7c2916ec,True,3
amcu:2116,amcu,381-р,2023-12-21,3251,51e0101d69e02a268489b20e55445a96,True,3
amcu:2117,amcu,382-р,2023-12-21,3272,2a2c273760b0f394945ff081f8c03de6,True,3
amcu:2118,amcu,383-р,2023-12-21,3333,627d7636b01f14cd4e7d965dd1dbde59,True,3
amcu:2119,amcu,384-р,2023-12-21,3267,d8209db4c2ae77d61acbd9c35dd5cfa7,True,3
amcu:212,amcu,303-р,2019-05-03,2554,595ae53957dc198722f8faed209a2dde,True,3
amcu:2120,amcu,385-р,2023-12-21,3236,a277236a8a5a9905cc2817cc76c31ade,True,3
amcu:2121,amcu,386-р,2023-12-21,3234,1ca267beb872c4de6330870fdc76b8d8,True,3
amcu:2122,amcu,387-р,2023-12-21,3267,708fe02337f33c31300ea90e23dd73bc,True,3
amcu:2123,amcu,388-р,2023-12-21,3280,d378b7ae162571aab12a515e18821548,True,3
amcu:2124,amcu,389-р,2023-12-21,3273,1eb0cb51fbb4acf3dad5e571387a4dbf,True,3
amcu:2125,amcu,390-р,2023-12-21,3268,d246974d092647c47d7d0a9dacb641d3,True,3
amcu:2126,amcu,391-р,2023-12-21,3280,39f564963281cce345f663850a683619,True,3
amcu:2127,amcu,392-р,2023-12-21,3270,e0c50ae37addd852a8b150df71d591de,True,3
amcu:2128,amcu,393-р,2023-12-21,3322,69edf040915dcc75f4a715c8dfac425d,True,3
amcu:2129,amcu,394-р,2023-12-26,88045,c78c75eea642630a66d007323029ae9e,True,87
amcu:213,amcu,304-р,2019-05-03,2441,c9cb7a6d4677d10faec521db7dda8e95,True,3
amcu:2130,amcu,395-р,2023-12-26,57838,8a7a5998b53cc351552cc7232de36511,True,57
amcu:2131,amcu,396-р,2023-12-26,6431,db771ad3723ae4b85797c1a7e0d59d58,True,6
amcu:2132,amcu,397-р,2023-12-28,143483,84bfe8b5aee9006a9ca81a8061151332,True,143
amcu:2133,amcu,398-р,2023-12-28,150450,f7bf53fd497dd8f7f93037720b310762,True,147
amcu:2134,amcu,399-р,2023-12-28,77881,31450d921cd74726370e7c3c4d7bf80d,True,75
amcu:2135,amcu,400-р,2023-12-28,90613,a11069ae14f3a3a140eae4ff5a334778,True,90
amcu:2136,amcu,401-р,2023-12-28,94530,238b82acec97a1e3f9dfbe8636fab566,True,87
amcu:2137,amcu,402-р,2023-12-28,116905,8f061c3845f7db83db373a266c4c5972,True,113
amcu:2138,amcu,403-р,2023-12-28,53091,74625e190f8f17a5befd9f706d15a82f,True,52
amcu:2139,amcu,404-р,2023-12-28,31439,be9a7cd5484f26b1d870be4fe86696ee,True,31
amcu:214,amcu,305-р,2019-05-03,2446,923c1318647e51d70c338e30bac5db1c,True,2
amcu:2140,amcu,405-р,2023-12-28,26072,1e93d599eb268f81b7ac26d326ccd77f,True,26
amcu:2141,amcu,406-р,2023-12-28,12201,962999ee329c5b2b7889be125f0a2a10,True,12
amcu:2142,amcu,407-р,2023-12-28,147713,23a1b177d1ecc382e7ff0c26fa4d251e,True,145
amcu:2143,amcu,408-р,2023-12-28,4789,a6a4de92d698234444a55f2fc19e4245,True,4
amcu:2144,amcu,409-р,2023-12-28,4552,7739136950fcb89a217b077884890ffb,True,4
amcu:2145,amcu,410-р,2023-12-28,3534,aea4ec33a0b98ccc5a60d0da2eddf8c5,True,3
amcu:2146,amcu,411-р,2023-12-28,4134,02903d6949217c163032d500e047dbef,True,4
amcu:2147,amcu,412-р,2023-12-28,3105,e179c08c6b246c6fc09af5771b93513b,True,3
amcu:2148,amcu,1,,42543,a9e377bfc3fd931a6d240522c5c3a0d4,True,42
amcu:215,amcu,306-р,2019-05-03,2485,e9fe209fad875bb736c1f306eb6dfc67,True,3
amcu:2151,amcu,526-р,2019-07-25,104558,43bf77687c171fe4a712f05075399c2a,True,104
amcu:2152,amcu,27-р,2019-01-24,2048,8d19537507fdb39fe6703baae7abc0fc,True,2
amcu:2153,amcu,28-р,2019-01-24,3975,383c06448af85941f4141a148d0fd98f,True,4
amcu:2154,amcu,29-р,2019-01-24,3425,04b65125a3a356b67deb65c45d7aadfa,True,3
amcu:2155,amcu,30-р,2019-01-24,3470,b42bf1c4ced56bb9716c3ef8fc52d2d5,True,4
amcu:2156,amcu,31-р,2019-01-24,20324,8aadbf584029cf1866a7f0beafc20068,True,20
amcu:2157,amcu,37-р,2019-01-24,16340,bf73a0ead9f8a61fe2ff0273c4a2d92b,True,16
amcu:2158,amcu,45-р,2019-01-24,56835,1532d94ec6e81c6bed342871fd39972a,True,56
amcu:2159,amcu,32-р,2019-01-24,14998,581809c791828639d5892297830d4a93,True,15
amcu:216,amcu,307-р,2019-05-03,4242,063798d203949142fbef348ca78e028e,True,4
amcu:2160,amcu,33-р,2019-01-24,14593,81dc4e7ff248a3196685cb33f9d96af8,True,14
amcu:2161,amcu,34-р,2019-01-24,21700,528edc4d6932a8bc2c830fb2f2450852,True,21
amcu:2162,amcu,35-р,2019-01-24,17268,84d34004f290c386961009b4343b2b10,True,17
amcu:2163,amcu,36-р,2019-01-24,45824,bab02c8c6a9a5dbdc38624fc2c90ba24,True,45
amcu:2164,amcu,38-р,2019-01-24,17024,cf75fbec2eef9a57772919d06c258331,True,17
amcu:2165,amcu,39-р,2019-01-24,16385,b4e39d0c7e9aab8aa9fb6ecc6a103da3,True,16
amcu:2166,amcu,40-р,2019-01-24,32705,c05fc0604f341ac51113bed3e660e1c7,True,32
amcu:2167,amcu,41-р,2019-01-24,25857,1e5d19b68dc453c98c0e6b774ba7a87c,True,25
amcu:2168,amcu,42-р,2019-01-24,15964,0ff27f71050d9359d54ee6c7689384b1,True,16
amcu:2169,amcu,43-р,2019-01-24,22576,7caf81555f6dcd418d54122785a99d0f,True,22
amcu:217,amcu,308-р,2019-05-03,24772,3af774b5ae86a9357568ea75b0d314cd,True,24
amcu:2170,amcu,44-р,2019-01-24,21289,89cd3f5f717ee1cc3a45f0df5680ce6b,True,21
amcu:2171,amcu,46-р,2019-01-24,15950,dabe955716931128525511ab841b0e2d,True,16
amcu:2172,amcu,47-р,2019-01-24,19241,f63f8457760de8ad12a0930bc9dad452,True,19
amcu:2173,amcu,48-р,2019-01-24,18491,56e5b6a1c6dd1f3029e2ea407b157b98,True,18
amcu:2174,amcu,49-р,2019-01-24,29737,d432bfbfa30587aa8faf783fea1f9f9f,True,30
amcu:2175,amcu,7-рк,2026-06-25,19898,00ebe49f7b82f6830d83eb5fc9f657da,True,20
amcu:2176,amcu,682-р,2019-10-10,2051,b4f4adfa32fc52218b3fc93ac1534b9a,True,2
amcu:2177,amcu,683-р,2019-10-10,6532,c7b36cfda1d4413cb3ed267055ad8409,True,7
amcu:2178,amcu,684-р,2019-10-10,6516,12eb9163bf65a31a6522162fe4eae822,True,6
amcu:2179,amcu,685-р,2019-10-10,5216,aac7c507f613805454e7cddf84ab69c2,True,5
amcu:218,amcu,309-р,2019-05-03,52923,cc9d4e2ce9c6f7f5cef53c96271cd774,True,52
amcu:2180,amcu,686-р,2019-10-10,6692,c380c6098c4cf0417e3dcabd642f24a9,True,7
amcu:2181,amcu,687-р,2019-10-10,4202,2731edb7b0219d1c4e844d78dbcfc3aa,True,4
amcu:2182,amcu,688-р,2019-10-10,3920,54e8a1fc84db5221fd2b8900f68fc41b,True,4
amcu:2183,amcu,689-р,2019-10-10,4040,d25295199eb67cb4e7e8f23d6fcc8e24,True,4
amcu:2184,amcu,690-р,2019-10-10,3417,db630d9cb8c1bc435c3fae86713dcbca,True,3
amcu:2185,amcu,691-р,2019-10-10,6334,912fd61de54224f468346664bc0c93e5,True,6
amcu:2186,amcu,692-р,2019-10-10,4154,5de584391899a726b0db62b6c1a91580,True,4
amcu:2187,amcu,693-р,2019-10-10,3887,f01853acdd6989d817afadc967cb062a,True,4
amcu:2188,amcu,694-р,2019-10-10,3805,47fe47e9eafde23e9d0d69abe66a7aed,True,4
amcu:2189,amcu,695-р,2019-10-10,12300,183ccd0baa806747dcae3ea34eecdf5b,True,12
amcu:219,amcu,578-р,2019-09-02,41023,6336acdf2ccb750234df4b80a89c9d01,True,41
amcu:2190,amcu,696-р,2019-10-10,56177,08cc649b999c7a276cf802d0e0db3ac1,True,56
amcu:2191,amcu,697-р,2019-10-10,155118,2dc54311ad80e45cfb37ede2548584ed,True,155
amcu:2192,amcu,606-р,2019-09-12,2404,6b9f9ec1dc0aa7f1b7771c11bdaf7414,True,2
amcu:2193,amcu,607-р,2019-09-12,2273,71a74370d1048de219eab3d55d934bc6,True,2
amcu:2194,amcu,608-р,2019-09-12,3634,9b29c27ee17e7f46fe27ee3a069d50bd,True,4
amcu:2195,amcu,609-р,2019-09-12,7678,d74c4aa23b3170b9a6c8ef499f8cf81e,True,8
amcu:2196,amcu,610-р,2019-09-12,7918,97a1b37327651c86d1d72074a95d5620,True,8
amcu:2197,amcu,611-р,2019-09-12,4329,c50880b480647c2ace44ee83e201abc4,True,4
amcu:2198,amcu,612-р,2019-09-12,4338,b20fa447628f6a5635e9db9383f6745c,True,4
amcu:2199,amcu,613-р,2019-09-12,3465,1e2330cb72a5252b1f201c01fd5d58c1,True,4
amcu:22,amcu,941-р,2025-12-04,2380,45a8f2dba613f91e5fa75d87f4653d5e,True,2
amcu:220,amcu,579-р,2019-09-02,48644,c2b26c8cb058b6e679a72ae0ae5169b5,True,48
amcu:2200,amcu,614-р,2019-09-12,3380,fcfe8e2c33dfd73ba6bfe00825daabd4,True,3
amcu:2201,amcu,615-р,2019-09-12,3370,43267a992310d497014ea7dffc0f51a8,True,3
amcu:2202,amcu,616-р,2019-09-12,3336,fa503bb984c572cedea3eff99f454259,True,3
amcu:2203,amcu,617-р,2019-09-12,3334,be5a3f24f38b855c8e97b855c41cdf04,True,3
amcu:2204,amcu,618-р,2019-09-12,3415,429670d9ec1d1b548bff558b0644935e,True,3
amcu:2205,amcu,620-р,2019-09-12,3381,4e71bf6c642d423a66fb5871b9f9c392,True,3
amcu:2206,amcu,621-р,2019-09-12,3233,88ddeeb5b17d21d60bbe53633c3cb329,True,3
amcu:2207,amcu,622-р,2019-09-12,3662,8628c9a5d9cefa57a0b41a0c98cceb2f,True,4
amcu:2208,amcu,623-р,2019-09-12,3761,0281004c4c9e7f89da2ed8f3decf140a,True,4
amcu:2209,amcu,624-р,2019-09-12,6341,6bb9de6a7882a20f1e1bfe8f63c0d1d9,True,6
amcu:221,amcu,580-р,2019-09-02,46289,1f2631503c8195876e89dac2bcdbe18a,True,46
amcu:2210,amcu,625-р,2019-09-12,117201,3df60bf0275ceb66a3163759cc4e3062,True,117
amcu:2211,amcu,65-рк,2019-12-05,27264,7d50cc72569bab1dd12a59042c51c859,True,27
amcu:2212,amcu,66-рк,2019-12-05,16226,306952ee508dcd3226add28e886f56e6,True,16
amcu:2213,amcu,67-рк,2019-12-05,6116,ceafa98653d018870428dd26539e8b1f,True,6
amcu:2214,amcu,68-рк,2019-12-12,41586,35eba93667483c977e5fa2968fa5fc50,True,42
amcu:2215,amcu,69-рк,2019-12-19,31374,03af44a1c9a6a91126291a67f8a9ffce,True,30
amcu:2216,amcu,70-рк,2019-12-19,24274,2b3f86640d45e931b1a50218531a71cf,True,24
amcu:2217,amcu,71-рк,2019-12-19,26955,f23fccc447735b31394d389382d678f3,True,26
amcu:2218,amcu,72-рк,2019-12-19,28046,5276791559626fb791d14599629b03d4,True,28
amcu:2219,amcu,73-рк,2019-12-19,19003,5edc3ac338b9a0ffb01f4422aaae4a6c,True,19
amcu:222,amcu,581-р,2019-09-02,3167,e3f199331c8bf3a7d253ad9ee65d1875,True,3
amcu:2220,amcu,74-рк,2019-12-19,18091,66fde673c577f961c8509168ce3bb374,True,18
amcu:2221,amcu,75-рк,2019-12-19,17684,176d742e01e528dc6e55174b5009fc28,True,18
amcu:2222,amcu,76-рк,2019-12-19,14292,69f3a128b7799a2b6ff06c7016e41f08,True,14
amcu:2223,amcu,77-рк,2019-12-19,17749,29d5a77306e38e5b29bdb7eca0cf5a83,True,18
amcu:2224,amcu,78-рк,2019-12-19,18760,5d74721fa4ea17dd95310d1e4711c70d,True,19
amcu:2225,amcu,149-р,,3114,58dcac29b75c065f6caa1f95ebb06a24,True,3
amcu:2226,amcu,150-р,,2917,2c01ff1ccc62bbfbbb68e9840a9af73b,True,3
amcu:2227,amcu,151-р,,3615,140a44b6468c6f8163c948d97a8a7836,True,4
amcu:2228,amcu,152-р,,3863,ce726d05d7deda7eebdc260aab072209,True,4
amcu:2229,amcu,153-р,,3898,34d738b4a4c92824a383c87ff718f584,True,4
amcu:223,amcu,582-р,2019-09-02,31456,34cf5459688e0e382e769608f0096c92,True,31
amcu:2230,amcu,147-р,,2017,802c6799aef529b8326d4dd9b41bf050,True,2
amcu:2231,amcu,148-р,,4507,fa23dc14fb00d38d83b83283b18a2647,True,5
amcu:2232,amcu,154-р,,23018,2129b428fc217dad73b10784c21d7901,True,23
amcu:2233,amcu,158-р,,19768,72c23040a80fe043e58e8236ac441568,True,19
amcu:2234,amcu,159-р,,23402,c2922732c4047b11b8149e555d9212aa,True,23
amcu:2235,amcu,160-р,,39588,e6e7d4d4acb1e589215eb661c15555cb,True,39
amcu:2236,amcu,161-р,,23936,0944b86a5a0b3e810298cb4f20a6c82a,True,24
amcu:2237,amcu,162-р,,33407,6afc134db7129e93920be1c5b13bfd4e,True,33
amcu:2238,amcu,155-р,2019-03-14,33106,4ffb0272a0430207c4edb9136887c25f,True,32
amcu:2239,amcu,156-р,2019-03-14,28096,d70c0a6b32151e80960b646e33466944,True,28
amcu:224,amcu,151-р,2024-05-02,48762,48e00e8733b2f0199b9f9fcea198e2e8,True,48
amcu:2240,amcu,157-р,2019-03-14,27188,59587ea11d056c4a6f2772e8a462ed69,True,27
amcu:2241,amcu,87-р,2019-02-07,4846,929ad9fb9bdd5c43bad19fa36bc45760,False,0
amcu:2242,amcu,88-р,2019-02-07,3581,00edbc156e8187d089463de90d214d64,False,0
amcu:2243,amcu,89-р,2019-02-07,3422,c03821bae3f1269488b8b5ee83239572,False,0
amcu:2244,amcu,90-р,2019-02-07,4585,be44cf7ca59cbe391d30f46567f49ceb,False,0
amcu:2245,amcu,27-рк,2020-06-23,15082,39bc4c49905e48ec0d4bbcbaf694248a,True,15
amcu:2246,amcu,28-рк,2020-06-24,18088,4b5d5e3df48e8a21c6a619964932f2a5,True,18
amcu:2247,amcu,55,2019-09-26,34912,45adc6593726b403f3f7ee29a887fef5,True,34
amcu:2248,amcu,743-р,2020-12-03,2283,3ed36e32363d339ab3a4edb7defca5ac,True,2
amcu:2249,amcu,744-р,2020-12-03,2298,69a9748f8188555e77d7bffb9762fd0a,True,2
amcu:225,amcu,152-р,2024-05-02,24375,3ae1170cfa810df3247f5c9cfda6770c,True,24
amcu:2250,amcu,745-р,2020-12-03,2388,1398304417cd4469ff4fd6b283789545,True,2
amcu:2251,amcu,746-р,2020-12-03,2262,5446fc1d0c3514fc356d929fa33c5e23,True,2
amcu:2252,amcu,747-р,2020-12-03,2220,65285b5eda590f2446c8af3947ad85ca,True,2
amcu:2253,amcu,748-р,2020-12-03,2279,a5a4333b4e7f2b2d34cc801604335048,True,2
amcu:2254,amcu,749-р,2020-12-03,3259,aa06a933c50ce22ae7cf039dd2684ede,True,3
amcu:2255,amcu,750-р,2020-12-03,4745,8386b8f8f287220b0f13d384410debcc,True,5
amcu:2256,amcu,751-р,2020-12-03,15768,0540ee3385fb4aff9cf8ee34e1d4e353,True,16
amcu:2257,amcu,752-р,2020-12-03,11911,ce449e35599528b330b934ba0e530d8d,True,12
amcu:2258,amcu,753-р,2020-12-03,12357,333952ca86e9145ad8f21f723597def4,True,12
amcu:2259,amcu,754-р,2020-12-03,14057,5c9d9b2b91f77bc20f3f07a25be26934,True,14
amcu:226,amcu,153-р,2024-05-02,20193,5f73126d5e32a19695b49f1f42ac77f3,True,20
amcu:2260,amcu,755-р,2020-12-03,11108,587d3dc0902c9e5776ca83cfb049afd8,True,11
amcu:2261,amcu,756-р,2020-12-03,10640,1b20c463b9635560afcd8237466066e9,True,11
amcu:2262,amcu,757-р,2020-12-03,10712,16802966b68c0824d0f084788c123720,True,11
amcu:2263,amcu,758-р,2020-12-03,8956,921f02006f46b7bf6f6d5a2d0b69dec8,True,9
amcu:2264,amcu,759-р,2020-12-03,96682,29a43add0aba073edd526ba709fec7e5,True,96
amcu:2265,amcu,760-р,2020-12-03,32508,871974452e560ad1da68003973778f54,True,32
amcu:2266,amcu,761-р,2020-12-08,70394,af929c99714b03f529c11630c973ea6b,True,56
amcu:2267,amcu,762-р,2020-12-10,2470,b5a61d64e452641b8f9b2ff904900ca5,True,2
amcu:2268,amcu,763-р,2020-12-10,2411,e4119c90bfd2d3ffcb655cdd98e94a55,True,2
amcu:2269,amcu,764-р,2020-12-10,2868,37042a18cbbfae225526fc4356e251dc,True,3
amcu:227,amcu,154-р,2024-05-09,2955,dc24cca45b45d4e35ff2dc90bb83460b,True,3
amcu:2270,amcu,765-р,2020-12-10,6426,1b25623622f7ce4aa80be0096cd400fc,True,6
amcu:2271,amcu,766-р,2020-12-10,3878,14efe868d43c1e1b11aede02f8f27c66,True,4
amcu:2272,amcu,767-р,2020-12-10,1814,b8aaf275390297be68491b6724b14026,True,2
amcu:2273,amcu,768-р,2020-12-10,1883,258ae4a6f0b171d5cfa547bc99c05e04,True,2
amcu:2274,amcu,769-р,2020-12-10,4095,c1eb614dfc4464d37fb1c5957fd00f5f,True,4
amcu:2275,amcu,770-р,2020-12-10,12338,5b8ceaefd04bc2f746c5d4b228fc2729,True,12
amcu:2276,amcu,771-р,2020-12-10,28693,96841041e8755de207d1bf6693ea3c1f,True,29
amcu:2277,amcu,772-р,2020-12-10,24700,91e7128919832d74734d142fb2317ba3,True,25
amcu:2278,amcu,773-р,2020-12-10,32747,3db78a2f556bc9597d55f20a345667ca,True,33
amcu:2279,amcu,774-р,2020-12-10,32355,de5594b9be9eb28c4709f9db8987cb98,True,32
amcu:228,amcu,155-р,2024-05-09,3006,73442ba663aa2b2fb92b5f91878b1f7e,True,3
amcu:2280,amcu,775-р,2020-12-10,44654,18f4009747a070c3b3cb45234ba169af,True,45
amcu:2281,amcu,776-р,2020-12-10,22108,559dacb878ae6c5d6ecda8145b776a5b,True,22
amcu:2282,amcu,777-р,2020-12-10,76860,39343ab39bb79b8944b90292bc655604,True,76
amcu:2283,amcu,778-р,2020-12-10,122710,755815981b45047b4075651e7dda93f2,True,121
amcu:2284,amcu,779-р,2020-12-14,270061,58f7c882a531799937c94f7c706d29d5,True,266
amcu:2285,amcu,780-р,2020-12-15,282062,918785b8513c3ec0ddbfd744030e8231,True,278
amcu:2286,amcu,781-р,2020-12-15,4167,cc00842504a78ce319811ef3eacc3423,True,4
amcu:2287,amcu,782-р,2020-12-17,26857,0cf186a7455df06dc1e9439666069562,True,27
amcu:2288,amcu,783-р,2020-12-17,41029,cff9bd11b548c19cd692a7a01ca0f667,True,41
amcu:2289,amcu,784-р,2020-12-17,75034,16d90993982b4060e39e12a81c18a542,True,74
amcu:229,amcu,156-р,2024-05-09,4105,400747ce4e9147dad92b761d9ba82db4,True,4
amcu:2290,amcu,785-р,2020-12-17,64289,d2cf41a010a1e16123470b274ec6949b,True,64
amcu:2291,amcu,786-р,2020-12-17,72316,c51dc5e91d020963a72a7fd1b37c0dad,True,72
amcu:2292,amcu,787-р,2020-12-17,18212,e02f1b7cb04f7eaf96c2983f5f437551,True,18
amcu:2293,amcu,788-р,2020-12-17,27864,9188fc88bc24521c7b92a73d550d0e5a,True,28
amcu:2294,amcu,789-р,2020-12-17,41987,9e5ce9ea9fcecafddae4cd06a3dbe1ff,True,41
amcu:2295,amcu,790-р,2020-12-17,22318,87c7055f036e66b5284d71949b81c745,True,22
amcu:2296,amcu,791-р,2020-12-17,21172,dec8b6b3953e90f3ab86a6c4db823506,True,21
amcu:2297,amcu,792-р,2020-12-17,24843,57c31307015e80a63167606638317375,True,25
amcu:2298,amcu,793-р,2020-12-17,29849,69e5049960c0ba26d5378991d90047e9,True,30
amcu:2299,amcu,794-р,2020-12-17,19111,40564e0ea1117ae8cd9e84c7b769d2a3,True,19
amcu:23,amcu,942-р,2025-12-04,26721,47baf046a3700fb68d7b559362dc351f,True,26
amcu:230,amcu,157-р,2024-05-09,2828,b62d8b0da497657927ced554c0ebe370,True,3
amcu:2300,amcu,795-р,2020-12-17,2423,75d2bb61a2f77342f545d0d0610ce7c7,True,2
amcu:2301,amcu,796-р,2020-12-17,9098,82cdbde6ff3bd081e88e1792ec281ded,True,9
amcu:2302,amcu,797-р,2020-12-17,4283,38fca751d66441741f45a851bdf722f5,True,4
amcu:2303,amcu,798-р,2020-12-17,4110,6a8a2bcab01363f92a3417bcf8292621,True,4
amcu:2304,amcu,799-р,2020-12-17,12356,f0ef12f21db48a3905c556d8e0aaa192,True,12
amcu:2305,amcu,800-р,2020-12-18,107025,54fcf76b2a1a8cc6b09d7a7792d961b1,True,106
amcu:2306,amcu,801-р,2020-12-22,67353,8121e7c19e8f625a2712e2be71721f78,True,67
amcu:2307,amcu,802-р,2020-12-22,3303,66d9069376978eb87189873c9b1acd19,True,3
amcu:2308,amcu,803-р,2020-12-22,3372,798ea99a0eaaf9be579f052a91174f7c,True,3
amcu:2309,amcu,804-р,2020-12-22,3921,443de0ee78101ed2accdaf1ca43f106f,True,4
amcu:231,amcu,158-р,2024-05-09,2942,acf0c33cd66c99874190b592cc6a1d6f,True,3
amcu:2310,amcu,805-р,2020-12-22,2110,3316e8f0a9e9e9a38c3a184cde403fd1,True,2
amcu:2311,amcu,806-р,2020-12-22,2542,3bd59e50cc674a30ddd8afa56be60839,True,3
amcu:2312,amcu,807-р,2020-12-22,2279,bf929905edf3294f200bf74611b2f6e4,True,2
amcu:2313,amcu,808-р,2020-12-22,2375,91fd02ad11e5df5654cf6c0b2851112a,True,2
amcu:2314,amcu,809-р,2020-12-23,4567,e0dfc398b93dff56c8c8723fb6657695,True,5
amcu:2315,amcu,810-р,2020-12-24,262302,5f3a3ba20c00c34d15f0de0bee6c4299,True,257
amcu:2316,amcu,811-р,2020-12-24,34032,b48f2799b7c663f338c0e38d5c7a31c1,True,34
amcu:2317,amcu,812-р,2020-12-24,23813,0b08ff10dfd6bb93bf004739599ad781,True,23
amcu:2318,amcu,813-р,2020-12-24,32887,c20fc26dc2e03f6638df9899021bb54a,True,32
amcu:2319,amcu,814-р,2020-12-24,4819,17bab6bd0cd60fa92d034372a7c11d30,True,5
amcu:232,amcu,159-р,2024-05-09,30351,418cf17fbca8a742231095fc33163acc,True,30
amcu:2320,amcu,815-р,2020-12-29,3631,cd8214bab785fb66cae694434bfc960d,True,4
amcu:2321,amcu,816-р,2020-12-29,3936,71d59486af1ff57b919f17ba8de38edb,True,4
amcu:2322,amcu,817-р,2020-12-29,51550,5c0c2748bd780e35e692c42e7e4ee09b,True,50
amcu:2323,amcu,818-р,2020-12-29,2885,c6b5644ec9a4b6b9ab1b04e48bbbac94,True,3
amcu:2324,amcu,819-р,2020-12-29,2043,11fa861046fd0d825e3f2fe1fedb6f63,True,2
amcu:2325,amcu,820-р,2020-12-29,2015,da15e6da34ef981ba1d104d51d5df2f0,True,2
amcu:2326,amcu,821-р,2020-12-29,2020,334518e25cd65e70e1cb46eb0f0b11bd,True,2
amcu:2327,amcu,822-р,2020-12-29,2375,a40b8fc3c8f9928b301cf3f9875b13e2,True,2
amcu:2328,amcu,823-р,2020-12-29,1996,839f71751d840ad57e10ae9643ae6c12,True,2
amcu:2329,amcu,824-р,2020-12-29,2664,e703a0d4fb6272b25c0f91524c20b30d,True,3
amcu:233,amcu,160-р,2024-05-09,109288,b7927ac4570d661accf7b13164af8153,True,96
amcu:2330,amcu,825-р,2020-12-29,2324,5419b821a6fb798ccf4478155c61d929,True,2
amcu:2331,amcu,826-р,2020-12-29,2400,30c76d9561ce004416d72aa2352222bc,True,2
amcu:2332,amcu,827-р,2020-12-29,2412,b576548e4e09e9a3ff41a29410446812,True,2
amcu:2333,amcu,828-р,2020-12-29,13503,1c595f820348988bd09448c091b7ba61,True,13
amcu:2334,amcu,829-р,2020-12-29,12244,3728ef88a946d890a82e840f3bc3e1a4,True,12
amcu:2335,amcu,830-р,2020-12-29,11453,35a807b7a8f1489fd07168c081317fcc,True,11
amcu:2336,amcu,831-р,2020-12-29,10542,a733f99ec89d484cc9df23e9aa42e07b,True,11
amcu:2337,amcu,832-р,2020-12-29,11482,435e2caef40d9f2c726f4946a0f0180d,True,11
amcu:2338,amcu,833-р,2020-12-29,10547,a77604feef35bc47d44e235aa3f779ed,True,11
amcu:2339,amcu,834-р,2020-12-29,88583,314b7bdb85d6c5f4cdde5cfe394c6964,True,88
amcu:234,amcu,161-р,2024-05-09,45371,8178341edb54ed46f5759edc02550c6b,True,45
amcu:2340,amcu,835-р,2020-12-29,45833,05070f1c7eeb74cfd6f27dc36d897756,True,43
amcu:2341,amcu,836-р,2020-12-29,104824,e8ff66ed0125d04d79e7f68422b3b4ef,True,101
amcu:2342,amcu,837-р,2020-12-29,35196,0fe7a36438b1cb55ce8f14109f92080b,True,34
amcu:2343,amcu,838-р,2020-12-29,98624,a376ce739bb917969408d01f43f47766,True,98
amcu:2344,amcu,839-р,2020-12-29,85555,1f1321cf89324b423fc3a09705563ef0,True,85
amcu:2345,amcu,840-р,2020-12-29,55523,b22dffddf950b6b8a6c6b413cf4a44da,True,55
amcu:2346,amcu,17-рп,2020-12-10,2392,4f0cc907f82d069c850367f28a08353c,True,3
amcu:2347,amcu,5-рк,2023-04-13,59429,a3e228015d35bf0cfed60adee8ea88f4,True,59
amcu:2348,amcu,292-р,2019-04-26,48979,c99600626a4107bb4b511ce665b49ab5,True,47
amcu:2349,amcu,293-р,2019-04-26,32052,155c63dc980407b83ac692c7ede362d1,True,32
amcu:235,amcu,162-р,2024-05-16,4992,bec2849cae5f5cba2a2aec1750900901,True,5
amcu:2350,amcu,64-р,2019-01-31,31699,e38bfb5ac6f1fab0c08be96aa9a63397,False,0
amcu:2351,amcu,65-р,2019-01-31,36150,7630e75205588bd44b83cbf1d38ee873,False,0
amcu:2352,amcu,66-р,2019-01-31,32367,3db0dcd5d68b4534f303cae55504ff69,False,0
amcu:2353,amcu,68-р,2019-01-31,29341,a8a0e9335f9b20d077f10e9c483166f2,False,0
amcu:2354,amcu,69-р,2019-01-31,3922,3cc19527027898c96260a8c695839f5b,False,0
amcu:2355,amcu,70-р,2019-01-31,3939,feee84adea00071123d18faeb423380a,False,0
amcu:2356,amcu,71-р,2019-01-31,2742,eaf7631c54cdef8312233fd08a194a30,False,0
amcu:2357,amcu,72-р,2019-01-31,4964,e1ad4f2d314ca6fd7bcbd80b493a689b,False,0
amcu:2358,amcu,67-р,2019-01-31,27089,82c6c77a52f40c6345cd7d83a785ee01,False,0
amcu:2359,amcu,73-р,2019-01-31,18559,b8b4869783a2449105b3ce1020b933f3,False,0
amcu:236,amcu,163-р,2024-05-16,3035,3ef2ecde042875f24b0331141d482537,True,3
amcu:2360,amcu,273-р,2022-12-01,3839,336a8cbf6921b9ff1f547c2672e62ce3,True,4
amcu:2361,amcu,274-р,2022-12-01,4493,1aa2dc4f998777895be4ef19f9c943c5,True,5
amcu:2362,amcu,275-р,2022-12-01,5053,d399f4a36397994c6ba3b170f404aa04,True,5
amcu:2363,amcu,276-р,2022-12-01,5055,b44e6633122cd9ec1a679d2d8874ae61,True,5
amcu:2364,amcu,277-р,2022-12-01,4986,103e5e144eeaf6584f88eaffb87128f6,True,5
amcu:2365,amcu,278-р,2022-12-01,4901,a39a3c9ca210956c2424ef7383333660,True,5
amcu:2366,amcu,279-р,2022-12-01,2112,99b266af1f78bfd4de6f47d8c7ee19ec,True,2
amcu:2367,amcu,280-р,2022-12-01,2890,d90050b63868179bb289e198b8701cd3,True,3
amcu:2368,amcu,281-р,2022-12-01,34526,36835b6afa03483b0b451bdf8e360853,True,34
amcu:2369,amcu,282-р,2022-12-01,28179,68fd1c131301db448b6441fd0ace7f34,True,28
amcu:237,amcu,164-р,2024-05-16,2189,ba8e96c3155597b5b851af2d64a06607,True,2
amcu:2370,amcu,283-р,2022-12-08,3520,f69903e8fb04b5cef0646c4e2c5a3e4b,True,4
amcu:2371,amcu,284-р,2022-12-08,3440,67c5f6820550963b213480157586534a,True,3
amcu:2372,amcu,285-р,2022-12-08,3175,13862218b321407ca3138127ebd0a044,True,3
amcu:2373,amcu,286-р,2022-12-08,3534,11bbad31ee2dd5586352dd0149d63e89,True,4
amcu:2374,amcu,287-р,2022-12-08,3164,e7ffd2c93bbd1dd1f4f3b87b466f4a47,True,3
amcu:2375,amcu,288-р,2022-12-08,3368,24523f3926687e72307e5345da333e59,True,3
amcu:2376,amcu,289-р,2022-12-08,4378,855b1d1c7bf71843d2ee7ae3b8fb1a6b,True,4
amcu:2377,amcu,290-р,2022-12-08,4420,7f3a4dc6c9b6386f7f147a57b209633d,True,4
amcu:2378,amcu,291-р,2022-12-08,4910,57c30ed73d3bd5c5d3c7107fa4c850e3,True,5
amcu:2379,amcu,292-р,2022-12-08,3078,521de4279e5ff0e2eb8925fcd8f5b9d9,True,3
amcu:238,amcu,165-р,2024-05-16,3835,2cb004507482364abf9b2f8a223d9eed,True,4
amcu:2380,amcu,293-р,2022-12-08,3907,2858101b3fc1728359e5ddad9b342696,True,4
amcu:2381,amcu,294-р,2022-12-08,3564,a3ee848917dea340e854bb790e687cd6,True,4
amcu:2382,amcu,295-р,2022-12-08,5375,ea95b540c01fdc6cf50d4ed896583824,True,5
amcu:2383,amcu,296-р,2022-12-08,2051,bf5161ffc5cb69767d0afd3c1c993b59,True,2
amcu:2384,amcu,297-р,2022-12-15,108847,c712f7cc76439c2095dc60eecefea734,True,105
amcu:2385,amcu,298-р,2022-12-19,14708,fcd0bb815d15aacb2701420f3dfbb494,True,14
amcu:2386,amcu,299-р,2022-12-19,4716,c915cb080acb21dab753ae162e322cae,True,5
amcu:2387,amcu,300-р,2022-12-19,4441,5cc5a21e2f1709ece49d59f47fb2f110,True,4
amcu:2388,amcu,301-р,2022-12-19,4048,6560ab459dc1dad79f36db744480a26b,True,4
amcu:2389,amcu,302-р,2022-12-19,4045,8eb92da7650d2c54be585f8095a1bc26,True,4
amcu:239,amcu,166-р,2024-05-23,3508,88bd661d80c66343e4a79e092d8550c0,True,4
amcu:2390,amcu,303-р,2022-12-19,2406,3588a19f3feb894b5649e2e061319078,True,2
amcu:2391,amcu,304-р,2022-12-22,16618,7fa912c25354ae18ca4b3d305553cb3a,True,16
amcu:2392,amcu,305-р,2022-12-22,67424,5a6776a30b5ffbb0e26284f738082b8e,True,67
amcu:2393,amcu,306-р,2022-12-22,3062,66703747ca011248c366d622a7261ecd,True,3
amcu:2394,amcu,307-р,2022-12-22,2933,c94a1c3ce7c95048520499491634c25d,True,3
amcu:2395,amcu,308-р,2022-12-22,2933,313fc9ef4b8b49b38dc5a7585aefb522,True,3
amcu:2396,amcu,309-р,2022-12-22,2933,fc245a16a5df50dde23bad95ff12abfc,True,3
amcu:2397,amcu,310-р,2022-12-22,2933,6a37da122b100cd5102b1c6014b8d765,True,3
amcu:2398,amcu,311-р,2022-12-22,2933,7f22805e75959a5adb5efadb16644882,True,3
amcu:2399,amcu,312-р,2022-12-22,2933,c3cdeb37abf6f859d74a19f33e89cd2c,True,3
amcu:24,amcu,943-р,2025-12-04,28013,a6f364e0077d37659d53b0ae10a7572d,True,28
amcu:240,amcu,167-р,2024-05-23,48352,f4b894e1b8fe2746f6fd6a745f2576aa,True,48
amcu:2400,amcu,313-р,2022-12-22,2933,df7064a560163932e6e061ff75a2ec3c,True,3
amcu:2401,amcu,314-р,2022-12-22,2933,f6d02eaf538149faa8bf3518a587faa3,True,3
amcu:2402,amcu,315-р,2022-12-22,2933,83fb48251080dd1bc64f95fcbbf5e08d,True,3
amcu:2403,amcu,316-р,2022-12-22,2933,b4907f3ec6800e257f6c5396b72ae25e,True,3
amcu:2404,amcu,317-р,2022-12-22,2933,57595fb0837fd7a5b4d0021435d5ff23,True,3
amcu:2405,amcu,318-р,2022-12-22,2933,6b7b6f616f3dbeaa416d5c7513d530d1,True,3
amcu:2406,amcu,319-р,2022-12-22,2933,bbb8f04c4633b31b2500e76481822785,True,3
amcu:2407,amcu,320-р,2022-12-22,2933,5681686cc38b07c9a7fa375a1ca6707f,True,3
amcu:2408,amcu,321-р,2022-12-22,2933,63b01a9c895ca6ca4b7fa2a99116ba9e,True,3
amcu:2409,amcu,322-р,2022-12-22,2933,a44808de2f75e02b93f4394b14950b6a,True,3
amcu:241,amcu,168-р,2024-05-23,55957,b266e83310c8085ad5cd981083eee0f2,True,54
amcu:2410,amcu,323-р,2022-12-22,2933,35cdaef2b4b4feb26d94681d6d349e5a,True,3
amcu:2411,amcu,324-р,2022-12-22,2933,6ebdc72f2fbd07833b76237b100c9690,True,3
amcu:2412,amcu,325-р,2022-12-22,2933,fb795325515c42cd6a3b60346bb1950b,True,3
amcu:2413,amcu,326-р,2022-12-22,2933,6d8df7d65b441102301f91fe6d9902b8,True,3
amcu:2414,amcu,327-р,2022-12-22,2933,19da3c597eb67f086991c1508d8342ed,True,3
amcu:2415,amcu,328-р,2022-12-22,2933,2087a86890840453b608d0eb80dabde2,True,3
amcu:2416,amcu,329-р,2022-12-22,2933,f7ede315ef891baaa7d9d2ca2d33471c,True,3
amcu:2417,amcu,330-р,2022-12-22,2933,18141bf1cdd7bfe5f6db317d488b3f07,True,3
amcu:2418,amcu,331-р,2022-12-22,2933,2749f534446971d555b26835b05d13b3,True,3
amcu:2419,amcu,332-р,2022-12-22,2933,e879b7835667b58613c9eae4572b61d9,True,3
amcu:242,amcu,169-р,2024-05-23,7399,e1d564861cfdf509b01b2bda32a21879,True,7
amcu:2420,amcu,333-р,2022-12-22,2933,1821a8b206a98746c7e319f6436065ff,True,3
amcu:2421,amcu,334-р,2022-12-22,2933,075cd4905ffdbb2a70cfbebde905a339,True,3
amcu:2422,amcu,335-р,2022-12-22,2933,e116f5d6d9751bfc064f3d5047059dbc,True,3
amcu:2423,amcu,336-р,2022-12-22,2933,d785818266f5e513f35bfd07b57ba725,True,3
amcu:2424,amcu,337-р,2022-12-22,2933,4add55d5077c6404ad420b2e1d0b255a,True,3
amcu:2425,amcu,338-р,2022-12-22,2984,5d8b785e5838fc26aed332dc680ad145,True,3
amcu:2426,amcu,339-р,2022-12-22,2933,b3c8a06272a475c30f746e151297fe3d,True,3
amcu:2427,amcu,340-р,2022-12-22,2933,c9d1a4ceb4f7a793329135548aa0b20f,True,3
amcu:2428,amcu,341-р,2022-12-22,2933,d5e60fe611003e07dd1ea7c2c121306c,True,3
amcu:2429,amcu,342-р,2022-12-22,2933,7d41c7b4c1bdc935fff1dd0bb39507dc,True,3
amcu:243,amcu,170-р,2024-05-30,4379,30b97b3703da6c7fe630c0d191786491,True,4
amcu:2430,amcu,343-р,2022-12-22,2933,00dd80afd3cd1e2ee072de52a8c2cc45,True,3
amcu:2431,amcu,344-р,2022-12-22,2933,46091d8177887d77d98611a08763b6d9,True,3
amcu:2432,amcu,345-р,2022-12-22,2933,363f6f23c90478e72152df945d8e216d,True,3
amcu:2433,amcu,346-р,2022-12-22,2933,ec62e11c78e290c038439ee502c564fd,True,3
amcu:2434,amcu,347-р,2022-12-22,2933,fb08d2a74de7cf24fcf674e267cbd886,True,3
amcu:2435,amcu,348-р,2022-12-22,2933,4167782880ab7b0a46a223992b919bf8,True,3
amcu:2436,amcu,349-р,2022-12-22,2933,b32b540c0f9d36c21263271829deaee7,True,3
amcu:2437,amcu,350-р,2022-12-22,2933,5b809c3a0f18e4513f0c8b378c3d333d,True,3
amcu:2438,amcu,351-р,2022-12-22,2933,06f38085e9df47598a3d6a042eb44e02,True,3
amcu:2439,amcu,352-р,2022-12-22,2984,dbb52867f90c98d5e5a1486825311e44,True,3
amcu:244,amcu,171-р,2024-05-30,3801,50e5ca6f905ba203ccfc8b8dd577e284,True,4
amcu:2440,amcu,353-р,2022-12-22,2984,1879d8f9927e08dd1ba27f7c8aa90bb7,True,3
amcu:2441,amcu,354-р,2022-12-22,2933,b44da6b270687a33e3607e0bbf06e55f,True,3
amcu:2442,amcu,355-р,2022-12-22,2933,a6fd7f725226b02b995fd81d247e3c90,True,3
amcu:2443,amcu,356-р,2022-12-22,2933,5e4dbd7a2bad71fbe5a01a2ac9f7750c,True,3
amcu:2444,amcu,357-р,2022-12-22,2933,40aee6cd678fbe46fecfefd57365b736,True,3
amcu:2445,amcu,358-р,2022-12-22,2933,96e1dc52d287b93c8507f31740968f84,True,3
amcu:2446,amcu,359-р,2022-12-22,2933,6a46655d1d7d24193fd8f4dcbb558a86,True,3
amcu:2447,amcu,360-р,2022-12-22,2933,50a560dd9fa021c6de518a17610f3645,True,3
amcu:2448,amcu,361-р,2022-12-22,2933,e2d6fa053a4969802bf3542b992eca72,True,3
amcu:2449,amcu,362-р,2022-12-22,2933,a2e2d0600798675425cccd1cdefa79aa,True,3
amcu:245,amcu,172-р,2024-05-30,4032,5d29f406af5239067e1952b469aa9532,True,4
amcu:2450,amcu,363-р,2022-12-22,2933,4dd3d9589ad0dc45d0b3f39c915bf07e,True,3
amcu:2451,amcu,364-р,2022-12-22,2933,f04b04a0a6a00cef6174ca93b9e72609,True,3
amcu:2452,amcu,365-р,2022-12-22,2933,33601e8bd51c2e916d2cc432739b8306,True,3
amcu:2453,amcu,366-р,2022-12-22,2933,6aa7542916bdeeee524aef859070262d,True,3
amcu:2454,amcu,367-р,2022-12-22,2933,4ddaa66538824b870faca18221e21f3a,True,3
amcu:2455,amcu,368-р,2022-12-22,2933,b548d3b961a766956dea828d7ec3ac2f,True,3
amcu:2456,amcu,369-р,2022-12-22,2933,f41818a57836ddffe376a51728f7ea33,True,3
amcu:2457,amcu,370-р,2022-12-22,2933,268a14e0b34f0175d4de59c121e5b934,True,3
amcu:2458,amcu,371-р,2022-12-22,2933,562b68273435ef7cbba40c2d03587d8f,True,3
amcu:2459,amcu,372-р,2022-12-22,2933,192d9e7c3f758289bf60ed92acb4763c,True,3
amcu:246,amcu,780-р,2019-12-04,3891,bee24f974fd1c18eb695994e3e4e4f09,True,4
amcu:2460,amcu,373-р,2022-12-22,2933,069138ec20dbaf9d2a2f4f6dc06ae412,True,3
amcu:2461,amcu,374-р,2022-12-22,2933,84fac3839196af6a9e21e17a1258b77a,True,3
amcu:2462,amcu,375-р,2022-12-22,2933,7ab8d07d3ed8f42242f50519baedbb9d,True,3
amcu:2463,amcu,376-р,2022-12-22,2933,cdfacb5aa1aa564ee43cfa50d3b362af,True,3
amcu:2464,amcu,377-р,2022-12-22,2933,b37067a7aeea83a5e57e9e0ad99d4236,True,3
amcu:2465,amcu,378-р,2022-12-22,2984,8c2dc23121109f7485663f6064c3e0ad,True,3
amcu:2466,amcu,379-р,2022-12-22,2933,a5e3ad297b07f19246565737bc178d74,True,3
amcu:2467,amcu,380-р,2022-12-22,2984,595bf1ef3ea8bbdbdc6bf02f053531a3,True,3
amcu:2468,amcu,381-р,2022-12-22,2984,719aedef49fb518a35b87762c47d44fb,True,3
amcu:2469,amcu,382-р,2022-12-22,2933,f06b85ac600d9777f7107f2dffc7b504,True,3
amcu:247,amcu,781-р,2019-12-04,4366,0f842c1bfed07d124b4420027a52936c,True,4
amcu:2470,amcu,383-р,2022-12-22,2933,0bd2476a881ca745c450fb7413fa37ff,True,3
amcu:2471,amcu,384-р,2022-12-22,2933,851146c63381d47869ae2a404fb2bb97,True,3
amcu:2472,amcu,385-р,2022-12-22,2933,eefe36041bd604605efa35bbed933e94,True,3
amcu:2473,amcu,386-р,2022-12-22,2933,891152930df3164f7c06ccd0d35fffaf,True,3
amcu:2474,amcu,387-р,2022-12-22,2933,768899f22b8d71712a69313aa16aad06,True,3
amcu:2475,amcu,388-р,2022-12-22,2984,e02a3a9083ddd7ff164b9cc818340ac6,True,3
amcu:2476,amcu,389-р,2022-12-22,2984,4a7e302646b8eb17b23e692011ca04b0,True,3
amcu:2477,amcu,390-р,2022-12-22,2933,5d1231a3e3550b6290fef44781c5b8e4,True,3
amcu:2478,amcu,391-р,2022-12-22,2984,f9035331eb9a5743de23fdf956a963f2,True,3
amcu:2479,amcu,392-р,2022-12-22,2933,2887236fc8b0bb4f0c8964eead3ce5ad,True,3
amcu:248,amcu,782-р,2019-12-04,4354,7f739ed3f30a7b0e2339a7c28c13da79,True,4
amcu:2480,amcu,393-р,2022-12-22,2933,33182c8df967672f697dd7e1a4057bfe,True,3
amcu:2481,amcu,394-р,2022-12-22,2933,86a458b9309aecf095ab63296b7b73fb,True,3
amcu:2482,amcu,395-р,2022-12-22,2933,7f7b044545bd7e4fee898be6d64e7c8a,True,3
amcu:2483,amcu,396-р,2022-12-22,2933,f0f9a12ccd42ae7b098fc8c04cdec593,True,3
amcu:2484,amcu,397-р,2022-12-22,2933,da8cf07bec240ba3bb55c3442817b77d,True,3
amcu:2485,amcu,398-р,2022-12-22,2933,abed443840b1370a30d0ee05ce9731af,True,3
amcu:2486,amcu,399-р,2022-12-22,2933,ed2af3f337a6868ac07f834bf342d60f,True,3
amcu:2487,amcu,400-р,2022-12-22,2984,95f9a8682b74cadf12ad0e73f12c828f,True,3
amcu:2488,amcu,401-р,2022-12-22,2984,637a69b63da1f3caef099e7a99815f54,True,3
amcu:2489,amcu,402-р,2022-12-22,2984,1133011af576080b05a2a638e8cffaaa,True,3
amcu:249,amcu,783-р,2019-12-05,25978,1be8fa8f6fe4ed080201e56d736bf63a,True,26
amcu:2490,amcu,403-р,2022-12-22,2984,463398ff1c3f6ce08aa420d3270f4712,True,3
amcu:2491,amcu,404-р,2022-12-22,2984,ce4a2162993d67521139688db3082229,True,3
amcu:2492,amcu,405-р,2022-12-22,2933,33b42bb621a81bba85a39b609ec92ee5,True,3
amcu:2493,amcu,406-р,2022-12-22,2933,9434773d2cb3c98d479015ff0ae65045,True,3
amcu:2494,amcu,407-р,2022-12-22,2933,101c22407b9e96f367b500c7171d1707,True,3
amcu:2495,amcu,408-р,2022-12-22,2933,73a3c5dbcfc943a32ba204335b9ae35d,True,3
amcu:2496,amcu,409-р,2022-12-22,2933,98d7ca149b594fe7df72f037cf155498,True,3
amcu:2497,amcu,410-р,2022-12-22,2933,98099fa9b90ec96c06bf25cfe585d7d1,True,3
amcu:2498,amcu,411-р,2022-12-22,2933,55fa84c243c93b3afe1356e21c775536,True,3
amcu:2499,amcu,412-р,2022-12-22,2933,bd415a95e8ae12df8ca487511b474432,True,3
amcu:25,amcu,944-р,2025-12-04,31322,385f5ede79b35b4cc5e3e52a440bdc70,True,31
amcu:250,amcu,784-р,2019-12-10,85421,3313232eec6fdc4be7da12611e7bf157,True,80
amcu:2500,amcu,413-р,2022-12-22,2933,ccbfc16cc4a8ca8b6cadd9c18d52c5cc,True,3
amcu:2501,amcu,414-р,2022-12-22,2933,6128caf0baf19b14d16fbd3194aa5afb,True,3
amcu:2502,amcu,415-р,2022-12-22,2933,05759b8b2e2bc78099c93ccf46d2c614,True,3
amcu:2503,amcu,416-р,2022-12-22,2933,8936292db68cccefaa55f39f39255cc1,True,3
amcu:2504,amcu,417-р,2022-12-22,2933,7bbd48eb9bd80c7fbde777a80da1415b,True,3
amcu:2505,amcu,418-р,2022-12-22,2933,d7dcbe041067e6bd050d57b614010502,True,3
amcu:2506,amcu,419-р,2022-12-22,2933,8db56fa74fccdab76e5e64bda434a0da,True,3
amcu:2507,amcu,420-р,2022-12-22,2933,b4f2f08acff219ed0f596e098152f449,True,3
amcu:2508,amcu,421-р,2022-12-22,2933,9c1ac936aab6ca39ab7cd2e87ef49018,True,3
amcu:2509,amcu,422-р,2022-12-22,2984,d35a61e6c3d8a0a60f785609d44ce770,True,3
amcu:251,amcu,785-р,2019-12-10,130317,bd2a53aa887feb433c0ecada3ac9c33b,True,126
amcu:2510,amcu,423-р,2022-12-22,2984,382d37df0e7b68e3571db8d53d23bf43,True,3
amcu:2511,amcu,424-р,2022-12-22,2984,cff1347a3ba9fc9e7a44bdc470075b08,True,3
amcu:2512,amcu,425-р,2022-12-22,2933,943b5d471752e057ab1b274b67f19d40,True,3
amcu:2513,amcu,426-р,2022-12-22,2933,943b5d471752e057ab1b274b67f19d40,False,0
amcu:2514,amcu,427-р,2022-12-22,2933,3959b334fe4225b2e977f24ba7898ee7,True,3
amcu:2515,amcu,428-р,2022-12-22,2933,aad63f3679d4271505b2f8510ca689cf,True,3
amcu:2516,amcu,429-р,2022-12-22,2933,ab529cc122ae42fbccd9d4026215c7d7,True,3
amcu:2517,amcu,430-р,2022-12-22,2933,207a49c8abb48238fa4f4cc20f5b1edb,True,3
amcu:2518,amcu,431-р,2022-12-22,2933,41549795eda13865ab593f364da3cdfb,True,3
amcu:2519,amcu,432-р,2022-12-22,2933,f13401d6ae20ad47347423cbc35b9fb1,True,3
amcu:252,amcu,785-р,2019-12-10,36550,ce93d29241e9628c66e4f2c59cb61715,True,37
amcu:2520,amcu,433-р,2022-12-22,2933,681090c75296d27e4ed1cc08bd6d68a0,True,3
amcu:2521,amcu,434-р,2022-12-22,2933,e0669b8b6785cde1d5e508c24eccc59a,True,3
amcu:2522,amcu,435-р,2022-12-22,2933,61a649727b34c5225551ebd49d1d16ce,True,3
amcu:2523,amcu,436-р,2022-12-22,2933,2436e9d518d3862081560615d6110947,True,3
amcu:2524,amcu,437-р,2022-12-22,2933,743d9f09da14ac31c85cdc13f61822a7,True,3
amcu:2525,amcu,438-р,2022-12-22,2933,c6ea67bf826819d264be41d74720024b,True,3
amcu:2526,amcu,439-р,2022-12-22,2933,1611d241f0618e0ba852b05831b8644c,True,3
amcu:2527,amcu,440-р,2022-12-22,2933,50df795f71ca8624ce66797f9927c135,True,3
amcu:2528,amcu,441-р,2022-12-22,2933,755021a8ff4cba78f526e23eebd75014,True,3
amcu:2529,amcu,442-р,2022-12-22,2933,45a5f9c8f33df503693a1392acca02b3,True,3
amcu:253,amcu,786-р,2019-12-10,125264,b231df5c44a5fac313bca23fe6d4fa40,True,121
amcu:2530,amcu,443-р,2022-12-22,2933,5014875073f4926258cddf2e0a7ad78a,True,3
amcu:2531,amcu,444-р,2022-12-22,2933,c66d975a3b78b5a4448f855c599db93c,True,3
amcu:2532,amcu,445-р,2022-12-22,2933,c73414dd0404e4377a1d5a61a0697275,True,3
amcu:2533,amcu,446-р,2022-12-22,2933,7634d782fd5d05636ca74c4343eb37fb,True,3
amcu:2534,amcu,447-р,2022-12-22,2933,819f2a5f67d0a248e87ef5d5f0f32508,True,3
amcu:2535,amcu,448-р,2022-12-22,2933,092bd3d4ed834a9377860e2a290e7fc4,True,3
amcu:2536,amcu,449-р,2022-12-22,2933,e764032577ba490b9667c641c2abedae,True,3
amcu:2537,amcu,450-р,2022-12-22,2933,7eb47b4c245ff6465635a0b753eec9ab,True,3
amcu:2538,amcu,451-р,2022-12-22,2933,cca6520c3d7012f1abc661a7e24b7027,True,3
amcu:2539,amcu,452-р,2022-12-22,2984,85baf70123f2ad1d38b327a9503e89b1,True,3
amcu:254,amcu,786-р,2019-12-10,36554,2c7c6beb10c6372c843aa732f104927e,True,37
amcu:2540,amcu,453-р,2022-12-22,2933,cb19770b56185cad6507d5f0b23e205d,True,3
amcu:2541,amcu,454-р,2022-12-22,2933,31ffc7b52c45f9b1f8fc1ae6ed97e7a2,True,3
amcu:2542,amcu,455-р,2022-12-22,2984,836b9aeaf5e5009adef4bda40ac6013d,True,3
amcu:2543,amcu,456-р,2022-12-22,2933,dfa84410885c3b021315e3765c0e29a0,True,3
amcu:2544,amcu,457-р,2022-12-22,24376,87c895bb411206dd12213cdc00c137af,True,24
amcu:2545,amcu,458-р,2022-12-22,5069,ae0922a8d256719a9a666ba1e1d5d6fd,True,5
amcu:2546,amcu,459-р,2022-12-22,43818,ae8944265dc6cbf73d23b6d4caa33c7e,True,44
amcu:2547,amcu,460-р,2022-12-22,5961,a8a623fef83197ef4b30027f226183c7,True,6
amcu:2548,amcu,461-р,2022-12-27,128259,01fc0dce8e66b8d07e7e18b882e30332,True,120
amcu:2549,amcu,462-р,2022-12-29,5935,84f627454141edef190a6acdf3181e61,True,6
amcu:255,amcu,787-р,2019-12-10,133273,90ffac90b003083156bcef8ee99c4e29,True,131
amcu:2550,amcu,463-р,2022-12-29,11366,61e4e8120447df070df007912f7b8d18,True,11
amcu:2551,amcu,464-р,2022-12-29,13943,f3915af78d59f20e5e85f9474bc62953,True,14
amcu:2552,amcu,465-р,2022-12-29,15205,403357fc073b7eb87a3a57056fa5bfb3,True,15
amcu:2553,amcu,466-р,2022-12-29,47114,706ba027e517aa5ea46de2648679cac3,True,46
amcu:2554,amcu,467-р,2022-12-29,40521,630b01c6b30a5d934af15288933a3c4f,True,40
amcu:2555,amcu,468-р,2022-12-29,85226,57b2647639a6346889ea59083b679028,True,85
amcu:2556,amcu,469-р,2022-12-29,35977,419463e40d4eec20cbad7009432f0793,True,36
amcu:2557,amcu,331-р,2019-05-15,16803,e41a5977da4833d02d21d6dc29405f5b,True,17
amcu:2558,amcu,332-р,2019-05-15,15078,ea131b325f8036f1a475bb46543a059f,True,15
amcu:2559,amcu,333-р,2019-05-15,26985,86e6419113a8352ad71f806777edd7be,True,27
amcu:256,amcu,787-р,2019-12-10,36555,b1ea2ec971e7cf22bfa23d55ae1b2167,True,37
amcu:2560,amcu,334-р,2019-05-15,58503,a437f0d5d350db5efa9795b1d01bc04b,True,58
amcu:2561,amcu,335-р,2019-05-15,40700,773146120c4733a92aace888ad6dd374,True,40
amcu:2562,amcu,336-р,2019-05-15,28696,21471051795df26d8a31d602351c444c,True,28
amcu:2563,amcu,451-р,2019-06-27,3116,8998c67043e98f4d1fe8586d6d740533,True,3
amcu:2564,amcu,452-р,2019-06-27,2521,5a2708d8752a320d7eb86cd093a797f9,True,3
amcu:2565,amcu,453-р,2019-06-27,2441,27a8c74af621c25ad064aa86bf159398,True,2
amcu:2566,amcu,454-р,2019-06-27,3516,f9d16774c420413e6ff4fcca194f6574,True,4
amcu:2567,amcu,455-р,2019-06-27,3303,c80ca8f59c5118f0d11b953eb70e2726,True,3
amcu:2568,amcu,456-р,2019-06-27,3324,4404279a8c0e45ea2a67a1c86aba50b2,True,3
amcu:2569,amcu,457-р,2019-06-27,2398,ccd00e6750cb54777c6f2fd7ed4c0562,True,2
amcu:257,amcu,788-р,2019-12-10,126088,9d5a1fe6c2fbc125097b9c7391670a5f,True,122
amcu:2570,amcu,458-р,2019-06-27,2386,f0d059ff5e6253be975e90b2b538e5c0,True,2
amcu:2571,amcu,459-р,2019-06-27,2414,081984a75fedf0e5dc0de40aa7bb5ae7,True,2
amcu:2572,amcu,460-р,2019-06-27,2414,e93bfd6e34514089a95aa5d08b98fc08,True,2
amcu:2573,amcu,461-р,2019-06-27,5509,40afcbded7ecc704a825a049bf953b78,True,5
amcu:2574,amcu,462-р,2019-06-27,26908,a8b570fb9768739f95839be3ab1e7fba,True,26
amcu:2575,amcu,463-р,2019-06-27,32025,92342386a3877d7f720bd82ebc5afc48,True,31
amcu:2576,amcu,464-р,2019-06-27,12730,e9e6e004972d471197f0839db0198891,True,13
amcu:2577,amcu,465-р,2019-06-27,74253,06e1e3937969f764bf8d7c07dfe4aa94,True,74
amcu:2578,amcu,194-р,2022-09-08,3768,c59c86180b6f5184c6ff526733da786e,True,4
amcu:2579,amcu,195-р,2022-09-08,3786,fb804a871dd8881b5247d31df76038af,True,4
amcu:258,amcu,788-р,2019-12-10,36642,4868f5549a739d3e2ef5e6c8d81bcc1b,True,37
amcu:2580,amcu,196-р,2022-09-08,3563,43877fa2f6aa730d76bd40a9b6339ab8,True,4
amcu:2581,amcu,197-р,2022-09-08,3686,364f0b74e89fc6ca81c30710cc4871e9,True,4
amcu:2582,amcu,198-р,2022-09-08,3648,53f4802e43e6e9865bcc381fa44f17ab,True,4
amcu:2583,amcu,199-р,2022-09-08,16058,3767f97981999464d462cd7c6f58fe63,True,16
amcu:2584,amcu,200-р,2022-09-08,30802,48a68a405758e2bbdd5d54b72cae6b4d,True,31
amcu:2585,amcu,201-р,2022-09-15,4400,e1c81caf36157a3aef690585bcfb0b5b,True,4
amcu:2586,amcu,202-р,2022-09-15,66968,551fd1b9ce5a9e452bdbed5990b029f3,True,67
amcu:2587,amcu,203-р,2022-09-15,5369,a58330763e9d1a3bfa2641f74c6b9c78,True,5
amcu:2588,amcu,204-р,2022-09-22,3329,755b8e3c9f2f9d1c4d0c108083f43293,True,3
amcu:2589,amcu,205-р,2022-09-22,3407,717dca95e5961647c2f01b64b290db73,True,3
amcu:259,amcu,789-р,2019-12-10,122778,225ee517f2932f418c1432c308f0b00e,True,120
amcu:2590,amcu,206-р,2022-09-22,3442,8ef0febefb60be3a025b52d95791e46e,True,3
amcu:2591,amcu,207-р,2022-09-22,3989,0074c3ff6ca7369473117ddc2bb1c3f1,True,4
amcu:2592,amcu,208-р,2022-09-22,4256,85f13d3dca6382c8be49523ff7185f1e,True,4
amcu:2593,amcu,209-р,2022-09-22,3527,dcc415f924f5bfbb1233007ac6737e2a,True,4
amcu:2594,amcu,210-р,2022-09-22,9468,e468f1f4cf66b38f6b16dde48f0bbfc2,True,8
amcu:2595,amcu,211-р,2022-09-22,4860,2d18b5b5b609a676e73e66167fb6e0dc,True,5
amcu:2596,amcu,212-р,2022-09-22,4805,457c9c0889785d3f7b572220203fedcb,True,5
amcu:2597,amcu,213-р,2022-09-22,7207,2e12bbdf16ddf8dbda4b29954a064a57,True,7
amcu:2598,amcu,214-р,2022-09-29,63758,a2234c0fd1701feb066f3e8265d63306,True,63
amcu:2599,amcu,215-р,2022-09-29,11952,d2cb92c6e52270e8d97c5e0dbeda231a,True,12
amcu:26,amcu,945-р,2025-12-04,39113,d53a5d157fa6550350507bdcee4635c0,True,39
amcu:260,amcu,789-р,2019-12-10,36549,ed3e708ef900402f378d056948c18dda,True,37
amcu:2600,amcu,216-р,2022-09-29,11622,1a7ae4484237e593998824f2747e812c,True,11
amcu:2601,amcu,217-р,2022-09-29,11771,de749573700183e38669fac2c8e471b7,True,12
amcu:2602,amcu,10,,2291,376034ea58c465de4baa88515795c64e,True,2
amcu:2603,amcu,3-рк,2020-02-13,25307,9a0b4dc48bc4baba5255b5f6c412d4c6,True,26
amcu:2604,amcu,4-рк,2020-02-20,29548,95ca42fd9148791b06868ae78af0a76b,True,30
amcu:2605,amcu,9,,52295,bb7e71cd1e01771d1322a5a7f5b47dc8,True,51
amcu:2606,amcu,488-р,2019-07-11,2203,508454342da8737b220be75a40dabc21,True,2
amcu:2607,amcu,489-р,2019-07-11,2180,45ad7de04d07000472f4b85a0ec58809,True,2
amcu:2608,amcu,490-р,2019-07-11,2308,33620a27458d6de5cc70cbf6c4ebe12d,True,2
amcu:2609,amcu,491-р,2019-07-11,4382,96ed6f244a592ce8d8ae844839561641,True,4
amcu:261,amcu,790-р,2019-12-10,122768,a2bb0f1826b9c475dab7b3249848562e,True,120
amcu:2610,amcu,492-р,2019-07-11,3915,0f16811afcc416f4f8690d00a3296435,True,4
amcu:2611,amcu,493-р,2019-07-11,21323,0a1f02eeae1e6c6dbaf72e96acfa5fbc,True,21
amcu:2612,amcu,8-rk,,18987,c5a373e84a591a3a65d9f391e8207214,True,19
amcu:2613,amcu,5-рк,2024-07-11,62397,74bde257fe69e9081e568413db4d8c77,True,62
amcu:2614,amcu,6-рк,2024-07-25,68091,29df9c350b2d8ccec5736e14b84297d5,True,67
amcu:2615,amcu,583-р,2019-09-03,57702,b8b4ff3c1a499cfb1ee455d0ca3a52a1,True,55
amcu:2616,amcu,54,2019-09-12,35438,8a67432eb02aa8055ae0a3751030ea0f,True,35
amcu:2617,amcu,15,,21715,f7d8766a571fa018d7558e353eaa0155,True,21
amcu:2618,amcu,8,,2122,f20813458745dbdf301ebc4f139ddc0e,True,2
amcu:262,amcu,790-р,2019-12-10,15101,fc5bc0294f8802193f4d243ed46dd371,True,10
amcu:2620,amcu,7,,25250,79c75d2ce727f0a7dbf3a7564b841737,True,25
amcu:2621,amcu,481-р,2024-12-05,303066,5549e8c159d2c6eed9d0b577ad7ef750,True,269
amcu:2622,amcu,482-р,2024-12-05,3165,1da53ed0d4d7a25e73091538529a114f,True,3
amcu:2623,amcu,483-р,2024-12-05,3214,8e7882ebea84bd4162f10cb143fea012,True,3
amcu:2624,amcu,484-р,2024-12-05,3771,dc5e1cef0eef0dee682af36ffe142787,True,4
amcu:2625,amcu,485-р,2024-12-05,3770,5174f118f6d5bd1323e8a75179c9d0d3,True,4
amcu:2626,amcu,486-р,2024-12-05,143313,d778373a9bd18a69c349a3698315bead,True,119
amcu:2627,amcu,487-р,2024-12-12,3745,26441830c59748a3578d2d89d9d12f33,True,4
amcu:2628,amcu,488-р,2024-12-12,3826,37bf06220126ef68b1ec1a08f4428ef8,True,4
amcu:2629,amcu,489-р,2024-12-12,8520,c173845a6d4abe7c32da2ddc32c055a9,True,8
amcu:263,amcu,790-р,2019-12-10,36555,9ede647b64bc00cb4fe073bf5e826bdb,True,37
amcu:2630,amcu,490-р,2024-12-12,9780,60c64f14382da2dfeddef61313cea0d9,True,10
amcu:2631,amcu,491-р,2024-12-12,13111,f0f0b4f3df9f2ce5d50b688119c241f5,True,13
amcu:2632,amcu,492-р,2024-12-12,13322,05949dd2d915b31bf33d8a33d15a4e44,True,13
amcu:2633,amcu,493-р,2024-12-12,13010,369165d5fc51830477677c1f83064bae,True,13
amcu:2634,amcu,494-р,2024-12-12,13099,9570ad66acf7f86f68f4f5ef25f90e5d,True,13
amcu:2635,amcu,495-р,2024-12-12,44035,2e23a3389bbdb5f4d427e5d69fcb55d4,True,44
amcu:2636,amcu,496-р,2024-12-12,49514,9f65497d1f586d759e3c86e27b75b508,True,49
amcu:2637,amcu,497-р,2024-12-17,3095,fbfa99a8fd43295a3aba3f944046edbf,True,3
amcu:2638,amcu,498-р,2024-12-17,3525,b64f2091eb0fba12fb010e8cefc43ae7,True,4
amcu:2639,amcu,499-р,2024-12-17,3004,55902d405b01400a1b2933bcbc17ab4f,True,3
amcu:264,amcu,791-р,2019-12-10,146589,cd2407d5a7a103414144eaa6cd81b7f8,True,143
amcu:2640,amcu,500-р,2024-12-17,3005,5be4e13d3ba3161be511506dbf463d34,True,3
amcu:2641,amcu,501-р,2024-12-17,3004,c2c8e6f25a4d3467a0537c04aab0bf1e,True,3
amcu:2642,amcu,502-р,2024-12-17,3004,1ce64dba6dd5946a11a269a8068a5765,True,3
amcu:2643,amcu,503-р,2024-12-17,3119,d88e0bfbdcfeab8a20656431eaab2207,True,3
amcu:2644,amcu,504-р,2024-12-17,16348,6206e6e4122f452cda06da159b1c2dac,True,16
amcu:2645,amcu,505-р,2024-12-17,22165,3c00e1a6f5cc96f2a0ef2029addfa756,True,22
amcu:2646,amcu,506-р,2024-12-17,137843,bb61772a744b88cdbfb76f5d979103ab,True,137
amcu:2647,amcu,507-р,2024-12-17,108594,d35c7cc24521d71fc343019aaf622642,True,108
amcu:2648,amcu,508-р,2024-12-17,7300,656ef8a6f3c31d52d2ae879aeec8e982,True,7
amcu:2649,amcu,509-р,2024-12-19,12311,698edf32b2d1e1d01530b507b95b0165,True,12
amcu:265,amcu,791-р,2019-12-10,36666,72dae784885735c8f738a6ff664d6c1d,True,37
amcu:2650,amcu,510-р,2024-12-19,12300,b52503da07235c8c74aac3d775308e7c,True,12
amcu:2651,amcu,511-р,2024-12-19,3406,87dce651ab965eb8c8807287c0f35349,True,3
amcu:2652,amcu,512-р,2024-12-19,3409,9602d2570117a0460ec2240073588651,True,3
amcu:2653,amcu,513-р,2024-12-19,3381,112ff25acfc4720f369406714c4d017c,True,3
amcu:2654,amcu,514-р,2024-12-19,5379,057cc674c1c4388d288b007749cec03a,True,5
amcu:2655,amcu,515-р,2024-12-19,5846,76d510eff724bad0992ff14ffec47c61,True,6
amcu:2656,amcu,516-р,2024-12-19,2740,563c65aed1cd63e0144c20cf22ca4160,True,3
amcu:2657,amcu,517-р,2024-12-19,32671,36731e731c8b9e16b8fac8d46ff8b553,True,32
amcu:2658,amcu,518-р,2024-12-19,248686,c987bc2f640ca3fd82b423dd3d6e6958,True,208
amcu:2659,amcu,519-р,2024-12-19,90989,c8cd4391ba1239d57d0dce4ca2a0a096,True,90
amcu:266,amcu,792-р,2019-12-10,124183,489b2618efebb69b1b008880f744f2d2,True,121
amcu:2660,amcu,520-р,2024-12-24,3068,5903fd8dcfd2071bcfabb20294d6eebd,True,3
amcu:2661,amcu,521-р,2024-12-24,3044,a0a4eaeb9df1471b441cd1e9f4c2934b,True,3
amcu:2662,amcu,522-р,2024-12-24,15868,5b941123efefbe790beb40b5e068c954,True,15
amcu:2663,amcu,523-р,2024-12-24,11618,448017a481cfbee63c2f74a7f923d8b1,True,12
amcu:2664,amcu,524-р,2024-12-24,11876,51b6cbe0baeaccd76abde8dbc707dd22,True,12
amcu:2665,amcu,525-р,2024-12-24,16192,2945ed528911e7814831cc402a4ccea2,True,16
amcu:2666,amcu,526-р,2024-12-24,153370,7ad1d8d5afa127d0f9e590e5a4ad1d14,True,148
amcu:2667,amcu,527-р,2024-12-24,389727,6f8fe29b23b174d29b1ed9fc41cf81a6,True,385
amcu:2668,amcu,528-р,2024-12-24,116710,eadc8d2f2a92aaa4621648da6fcc7194,True,116
amcu:2669,amcu,529-р,2024-12-24,136931,d3e79814acd9684cce3ee52849902942,True,137
amcu:267,amcu,792-р,2019-12-10,36538,33da07f059145e77ae8f33110c7783c5,True,37
amcu:2670,amcu,530-р,2024-12-24,223331,2dbe48324f0035ecacd661f8e6be420d,True,221
amcu:2671,amcu,531-р,2024-12-26,6426,76c4475d040893ccb633a0d5fd2ba57a,True,6
amcu:2672,amcu,532-р,2024-12-26,3277,409bea7b9f29af367a4b1747e73fca1a,True,3
amcu:2673,amcu,533-р,2024-12-26,3603,c367b6f5c2b59a1d8492384f5c8e7305,True,4
amcu:2674,amcu,534-р,2024-12-26,4849,24864abed10a962f6c8d886ac72b4155,True,5
amcu:2675,amcu,535-р,2024-12-26,4923,4a3ea07f9e44dc2387fcc7443ac6f488,True,5
amcu:2676,amcu,536-р,2024-12-26,3847,bffa76f79affe5959664f5e60802fc9c,True,4
amcu:2677,amcu,537-р,2024-12-26,39598,e868aff31b8bd93666643297a72ffdd6,True,38
amcu:2678,amcu,538-р,2024-12-26,17719,785caab9134c45c40cd04b66796e8012,True,17
amcu:2679,amcu,539-р,2024-12-26,48716,4c77e9196d7987bfbadaa1e916adbb4a,True,46
amcu:268,amcu,793-р,2019-12-10,131481,a4924259899a5778e27bdfc8e193423a,True,130
amcu:2680,amcu,540-р,2024-12-26,124320,1215ea99d7220d51a1aa88eb28ed5c2c,True,124
amcu:2681,amcu,541-р,2024-12-26,111125,0bfe67c79541bc5d16ecdb9235b03266,True,111
amcu:2682,amcu,542-р,2024-12-26,511634,18c09bc66b794d91e1a028eac1b2b531,True,416
amcu:2683,amcu,543-р,2024-12-26,68067,e17f105118818817ccd4c157ca6ef543,True,60
amcu:2684,amcu,544-р,2024-12-26,57446,0e6f88e1a6f2b465d0f59d139f76e2e3,True,55
amcu:2685,amcu,545-р,2024-12-26,7346,b8b9b77b0998031edd00d621c64024ef,True,7
amcu:2686,amcu,1-р,2026-01-08,3266,47c7e2de4eec2a506ba1e10be93e2a59,True,3
amcu:2687,amcu,10-р,2026-01-08,3641,89b5d95d678fe7ace7ee628f4b03b1df,True,4
amcu:2688,amcu,11-р,2026-01-08,3634,c263033b6ea478d8e811ec53937fca1e,True,4
amcu:2689,amcu,2-р,2026-01-08,2824,8fcf7d6abfb8397efeb5e6db6197e126,True,3
amcu:269,amcu,793-р,2019-12-10,36572,5c8a2a777fa129cac4bb5c3142f37a9c,True,37
amcu:2690,amcu,3-р,2026-01-08,2831,f2f7a3e9c1ed8de4a5e5fdf63d37c6cc,True,3
amcu:2691,amcu,4-р,2026-01-08,2841,8da26aea3d8d1ad93cf9653ad0ead62f,True,3
amcu:2692,amcu,5-р,2026-01-08,2819,3ff069e42f677ab05b995cd4b041a815,True,3
amcu:2693,amcu,6-р,2026-01-08,2816,8e420e22113156eaa300c66a05b38ba4,True,3
amcu:2694,amcu,7-р,2026-01-08,3048,56f1e12d95066247ee77685701145a0e,True,3
amcu:2695,amcu,8-р,2026-01-08,2832,09828c4cd7b0842d817c39ad26d38546,True,3
amcu:2696,amcu,9-р,2026-01-08,2809,189358bfd57e28172c555919d5e1bd12,True,3
amcu:2697,amcu,12-р,2026-01-15,3269,31c3fa7a11d867c286fc38b437180165,True,3
amcu:2698,amcu,13-р,2026-01-15,3307,5b990337b0a4fc737ed5df10c33681a0,True,3
amcu:2699,amcu,14-р,2026-01-15,3815,666d5bdd352bf05eba52cd01b514af61,True,4
amcu:27,amcu,946-р,2025-12-04,51364,0e4f5b1f3497e47166174b5ca82e5376,True,49
amcu:270,amcu,794-р,2019-12-10,123598,6b7f43dd96a0a53089ada5bbbeddc67f,True,121
amcu:2700,amcu,15-р,2026-01-15,3851,ca998db3bd869c2647c2145e001159cd,True,4
amcu:2701,amcu,16-р,2026-01-15,3907,6c54f2035c5e24cbccc8350c5497d200,True,4
amcu:2702,amcu,17-р,2026-01-15,4000,d011b1f220c2775f31cf4999da9c15e8,True,4
amcu:2703,amcu,18-р,2026-01-15,3968,7a4920d71a9ef9184ce9dcc359571fed,True,4
amcu:2704,amcu,19-р,2026-01-15,3972,3bf94121f6cef16df020c7088a3295d5,True,4
amcu:2705,amcu,20-р,2026-01-15,3822,897397d3f1d31192eb552daff7bf90c2,True,4
amcu:2706,amcu,21-р,2026-01-15,3911,cab28fca64a20e9b779052a8ad89d930,True,4
amcu:2707,amcu,22-р,2026-01-15,3859,cf6e9f24d2719698229c70de068aa680,True,4
amcu:2708,amcu,23-р,2026-01-15,3942,4bb3263f8aea89566de27f92053a9728,True,4
amcu:2709,amcu,24-р,2026-01-15,3899,2c8cfa2e38205a33704e53012a4592d3,True,4
amcu:271,amcu,794-р,2019-12-10,36538,c1e57f8316e76f4cb6357e6188302d5e,True,37
amcu:2710,amcu,25-р,2026-01-15,3948,89114697d07a004a481e9b30432ba509,True,4
amcu:2711,amcu,26-р,2026-01-15,3941,4910e8e31de1c9ab7bb451696c9b220c,True,4
amcu:2712,amcu,27-р,2026-01-15,3884,5b16673d010d599383cae659007c7b4c,True,4
amcu:2713,amcu,28-р,2026-01-15,3945,b06340affbde27d7013cecb2f03cb023,True,4
amcu:2714,amcu,29-р,2026-01-15,3944,84da5eecae88267589d2a12fc91bd394,True,4
amcu:2715,amcu,30-р,2026-01-15,3944,cdacae5a24246ededd2f181e65f9a350,True,4
amcu:2716,amcu,31-р,2026-01-15,4114,f120edbbfc3ddffc81a84c63f54b9a5a,True,4
amcu:2717,amcu,32-р,2026-01-15,3803,bf60f7a95591a3267e52485c5db2a91d,True,4
amcu:2718,amcu,33-р,2026-01-15,3902,41ca4505232630c56b72483048c94c1a,True,4
amcu:2719,amcu,34-р,2026-01-15,3839,34d6fe2ac8b70bed6e1d3a86bcc1e072,True,4
amcu:272,amcu,795-р,2019-12-10,123309,2b6b35c845ee7acf4ac055070441a4ac,True,122
amcu:2720,amcu,35-р,2026-01-15,3975,a02f76a788a274a158f47a7d00e879ae,True,4
amcu:2721,amcu,36-р,2026-01-15,3823,51bf62c72a3da08161f9749ba3d7b750,True,3
amcu:2722,amcu,37-р,2026-01-15,3146,7f9631f1676d65c3ca641847b035e68d,True,3
amcu:2723,amcu,38-р,2026-01-15,2811,6d60982f2fc59031e2b6ca7380613d6f,True,3
amcu:2724,amcu,39-р,2026-01-15,3531,30c578405296ff7ee32272b9af669fa5,True,4
amcu:2725,amcu,40-р,2026-01-15,2480,bf75252c49a71764996009754fbef7a9,True,2
amcu:2726,amcu,41-р,2026-01-15,3149,9a11419f58f4a92fefbfeae7954f7739,True,3
amcu:2727,amcu,42-р,2026-01-15,2871,20a2cfbecdc2bbce516a68c8089c275b,True,3
amcu:2728,amcu,43-р,2026-01-15,17625,af4c38ad87bdbf742bbc332ae2cc0082,True,18
amcu:2729,amcu,44-р,2026-01-22,3038,e1459a006c4460204cd6a8038c6d3825,True,3
amcu:273,amcu,795-р,2019-12-10,36532,4323c452a047acd4afdef9e98b10b6bd,True,37
amcu:2730,amcu,45-р,2026-01-22,3408,4515f5beb8c14cc9757a837e3e804a9c,True,3
amcu:2731,amcu,46-р,2026-01-22,3004,59b0f6f13b58456f89c4baabb33c3032,True,3
amcu:2732,amcu,8,,2358,723e8d87442ea06ac88e8a41604774bb,True,2
amcu:2733,amcu,8,2024-12-19,40316,d200ae479a5f05384fea35810a3f4566,True,40
amcu:2734,amcu,9,2024-12-24,168613,094ccdea178f5c5aadd83072372343b4,True,168
amcu:2735,amcu,10,2024-12-26,18563,e1654fc72f858245954be4f09b0292e0,True,19
amcu:2736,amcu,422-р,2019-06-13,2377,8b0aa715c60cc30e4452cc5f927e22ac,True,2
amcu:2737,amcu,423-р,2019-06-13,2651,82c2835ff3cbcce8343c27f9201367a2,True,3
amcu:2738,amcu,424-р,2019-06-13,40444,7b22a2bf351f4bcb65f83540d9b506ba,True,40
amcu:2739,amcu,425-р,2019-06-13,37799,4061ae1a3ddb85b113bb183f90529766,True,38
amcu:274,amcu,796-р,2019-12-10,142167,3836fd7cfd85c12eca66a22f00505dca,True,138
amcu:2740,amcu,426-р,2019-06-13,51491,bcd7e62f2d4e5422fb63cfec858ffaa4,True,51
amcu:2741,amcu,427-р,2019-06-13,31951,cd348a146d7753c75033d03d80a12cec,True,32
amcu:2742,amcu,428-р,2019-06-13,2164,9ada85b3f0e17f8c04f4807749806dd5,True,2
amcu:2743,amcu,429-р,2019-06-13,3020,e3395633b04149a9f47b8d70bdb36e54,True,3
amcu:2744,amcu,430-р,2019-06-13,4319,a706f588792eeb76b3eb15d653eb0ecf,True,4
amcu:2745,amcu,431-р,2019-06-13,4534,41b5213b162858416c84b539fba6b720,True,5
amcu:2746,amcu,432-р,2019-06-13,40839,9f590e6bf3af42b50acb03dfe76bae79,True,41
amcu:2747,amcu,433-р,2019-06-13,36930,d68a223626da7e3e0e7204e1e2303f4b,True,37
amcu:2748,amcu,171-р,2019-03-21,2445,0a21eb1caf0cdaefcd38fc91ef00639d,True,3
amcu:2749,amcu,172-р,2019-03-21,4289,162f2dcdb3e2a36de8f945702874fc61,True,4
amcu:275,amcu,796-р,2019-12-10,36646,4dae0769710bb73a171240cb8bdd1457,True,37
amcu:2750,amcu,173-р,2019-03-21,4146,9ae345fc7b92c0ce5219da78de9d2dee,True,4
amcu:2751,amcu,174-р,2019-03-21,4380,67090d09de47fdaba1424868efbfe466,True,4
amcu:2752,amcu,175-р,2019-03-21,77683,5afa8a00e37b5ddd293ea763b2388b0d,True,77
amcu:2753,amcu,176-р,2019-03-21,28409,e83d6c09fc43363e37a9151a5542c664,True,28
amcu:2754,amcu,177-р,2019-03-21,20375,3906f747202d65fa14c1c1418836fa59,True,20
amcu:2755,amcu,43,,30084,8664e0e4378560e90cb196835356a922,True,30
amcu:2756,amcu,37-рк,2020-09-17,20828,d0fba079f09f21fe5b28cc8560cc7d4a,True,21
amcu:2757,amcu,38-рк,2020-09-24,62820,8a291a0dfe5b158258e5d0391cc02bec,True,63
amcu:2758,amcu,1-р,2021-01-11,3486,9362159482fe8867440b82704b9b2f1d,True,3
amcu:2759,amcu,2-р,2021-01-11,3491,9937487c5fd9c09a100cdbc84cb52d13,True,3
amcu:276,amcu,797-р,2019-12-10,146856,c9b906e1c99643c86c2f6f1fe8ace897,True,140
amcu:2760,amcu,3-р,2021-01-11,3437,ca5ec91ff9775a721014553a8c82814b,True,3
amcu:2761,amcu,4-р,2021-01-11,3141,c67d25482095c493f73aae2027608bab,True,3
amcu:2762,amcu,10-р,2021-01-14,3703,fcc6e6e0fbbecd1f390c5a8a899b2ac6,True,4
amcu:2763,amcu,11-р,2021-01-14,3790,19ee90c52c7013d6cc8e9536fe095433,True,4
amcu:2764,amcu,12-р,2021-01-14,3737,28b3af4eafdcf4a8908d57568f9195f1,True,4
amcu:2765,amcu,13-р,2021-01-14,3795,4acaf513eb8ccbe56b3128f5848866ed,True,4
amcu:2766,amcu,14-р,2021-01-14,3089,74cbbb83c6f8b9aea5b887b886024408,True,3
amcu:2767,amcu,15-р,2021-01-14,4248,a744b0d1a63dbfafa1f8ad8d472e4a0e,True,4
amcu:2768,amcu,5-р,2021-01-14,3747,edd3672262a399824dc906140a83bc54,True,4
amcu:2769,amcu,6-р,2021-01-14,3728,3b6643efcd32dc0199d6473eb326cfa8,True,4
amcu:277,amcu,797-р,2019-12-10,36587,ae696db106209d31e7df677c88a3d921,True,37
amcu:2770,amcu,7-р,2021-01-14,3756,4c156f1330166eac22ba1ea72444f040,True,4
amcu:2771,amcu,8-р,2021-01-14,3716,46fb20dd0454a50ff651f7769716c303,True,4
amcu:2772,amcu,9-р,2021-01-14,3729,fd2a0e04ff8d29eb80d5173c9763833e,True,4
amcu:2773,amcu,16-р,2021-01-21,2189,408814ac18cef8b14d1d21930d181831,True,2
amcu:2774,amcu,17-р,2021-01-21,2074,8909c923e73bb613107d7d35e2882107,True,2
amcu:2775,amcu,18-р,2021-01-21,2411,e00d803bb857f0c207c760b372f88e7c,True,2
amcu:2776,amcu,19-р,2021-01-21,2562,ca79eec396b8dbe6fffbb960565cf5e4,True,3
amcu:2777,amcu,20-р,2021-01-21,3958,d106c7f814ffec71d0392c8305972f36,True,4
amcu:2778,amcu,21-р,2021-01-21,1947,1e0f296b727dd143c9c355d1d72b4e35,True,2
amcu:2779,amcu,22-р,2021-01-21,1922,ded8a6fe5da9dbaf8f08184828dfa627,True,2
amcu:278,amcu,798-р,2019-12-10,124288,bcd6bcf75cacc810b585fc1757a67f71,True,121
amcu:2780,amcu,23-р,2021-01-21,3069,abfe54d39ea6159d65d20f279b0aad98,True,3
amcu:2781,amcu,24-р,2021-01-21,2412,03452d6604832abc13c4fd45da9c9736,True,2
amcu:2782,amcu,25-р,2021-01-21,4218,a6571f9a66fb18843b730ca8cf0f27a7,True,4
amcu:2783,amcu,26-р,2021-01-21,3891,c31cda9b97af0e9f567cad1196df8b07,True,4
amcu:2784,amcu,27-р,2021-01-21,3625,24be90f667d12af6cbbf56d9945ed894,True,4
amcu:2785,amcu,28-р,2021-01-21,3820,884d64d723e3c255531d448412269066,True,4
amcu:2786,amcu,29-р,2021-01-21,2640,4bc2185a512152838981148b188df800,True,3
amcu:2787,amcu,30-р,2021-01-21,2812,700084323e20ed0b542b7cfd72b981e7,True,3
amcu:2788,amcu,31-р,2021-01-21,71709,d3f432b0437386a0ef8afede94fab111,True,70
amcu:2789,amcu,32-р,2021-01-21,36270,0ac4eada68e38e9825dfbc8835b06f63,True,36
amcu:279,amcu,798-р,2019-12-10,36568,b32d6db813a635e0af1713b387eaca66,True,37
amcu:2790,amcu,33-р,2021-01-21,5029,62c236878294cef8897dd8c845e4e950,True,5
amcu:2791,amcu,34-р,2021-01-28,2755,0932dd23f1de1e282aa3fea01e0c72ad,True,3
amcu:2792,amcu,35-р,2021-01-28,2680,ec7704aca3edd4edc260320f054c7b73,True,3
amcu:2793,amcu,36-р,2021-01-28,3768,068af98012e80fda3b20ac2b613cff69,True,4
amcu:2794,amcu,37-р,2021-01-28,3631,adb8d7ec587a029d7c4322cef2f116bc,True,4
amcu:2795,amcu,38-р,2021-01-28,3834,0c92a8ad6336360dd796c785b2468805,True,4
amcu:2796,amcu,39-р,2021-01-28,3846,033dad084871340f651a38d9f4d0d1cf,True,4
amcu:2797,amcu,40-р,2021-01-28,3796,c6dfb13db8629758e562390484d6e373,True,4
amcu:2798,amcu,41-р,2021-01-28,4216,64823c2eee0284e40b6c95c20a423752,True,4
amcu:2799,amcu,42-р,2021-01-28,3881,6608996afcfc8707cffe71d5ff9b1a3b,True,4
amcu:28,amcu,947-р,2025-12-04,95625,b5be3b1781828773faf70c5819fb0362,True,61
amcu:280,amcu,799-р,2019-12-10,127971,0800780416bedea2950853625882b81b,True,124
amcu:2800,amcu,43-р,2021-01-28,4419,66e5e43c0d621449cb9aa28882745f2f,True,4
amcu:2801,amcu,44-р,2021-01-28,4419,1563ae856cbd5e2ffd9c5c1d8b57e73b,True,4
amcu:2802,amcu,45-р,2021-01-28,4026,f5a385fa33e1e862c7e10a4ff7005d01,True,4
amcu:2803,amcu,46-р,2021-01-28,3907,022fffafd223914b563e4c4aeb15e381,True,4
amcu:2804,amcu,47-р,2021-01-28,3907,f226eaf378117225666abd6c41fb7773,True,4
amcu:2805,amcu,48-р,2021-01-28,4500,2d682cedb8e9de69c6fae03300246892,True,5
amcu:2806,amcu,49-р,2021-01-28,4503,dfc9c13fd6b2c9042c1695b8891806d0,True,5
amcu:2807,amcu,50-р,2021-01-28,10970,f7931c332641155ff1e3cf03fea7a41f,True,11
amcu:2808,amcu,51-р,2021-01-28,10907,438812b15ba71dedc57a4b7a4a8ae2a7,True,11
amcu:2809,amcu,52-р,2021-01-28,20495,fb391641b4328c5470e5fe37b3bb0348,True,21
amcu:281,amcu,799-р,2019-12-10,36561,56f13f37243b3131ea3a7dc1f4bd1b3a,True,37
amcu:2810,amcu,1-рп,2021-01-28,1509,62314a5201ce6151cf96aa8a03698fd3,True,2
amcu:2811,amcu,2-рп,2021-01-28,2409,5cc4afb5d00c0e89620a0b499e22ad73,True,2
amcu:2812,amcu,769-р,2019-11-22,7946,d727ff1f69db95ddb831d940ce3198ba,True,8
amcu:2813,amcu,770-р,2019-11-22,7446,f6cd491f7b5492bc59366e5ecced324c,True,8
amcu:2814,amcu,1-р,2023-01-05,3976,1327ee0185b96f404b2010bb93d82f40,True,4
amcu:2815,amcu,2-р,2023-01-05,3911,a6e5cce0dbe4b05289fddcc588842346,True,4
amcu:2816,amcu,3-р,2023-01-05,3931,c0f32427eb8bd2356801d001c927ceae,True,4
amcu:2817,amcu,4-р,2023-01-05,4025,022d6658fbc8211a10e8f328cf633ab8,True,4
amcu:2818,amcu,5-р,2023-01-05,4155,4363e90fafa402ecff3c1aafdfc8346d,True,4
amcu:2819,amcu,6-р,2023-01-05,4162,bcf9121ef88411fa96b85e19ab1b6a8d,True,4
amcu:282,amcu,800-р,2019-12-10,130142,8e3961e81e1c8536113d1aba56c3a67d,True,127
amcu:2820,amcu,7-р,2023-01-05,3917,689cfba981fcf43c31feb07e417839c6,True,4
amcu:2821,amcu,8-р,2023-01-05,3421,ad9ea79b54614df61b3a23f377c4cb5c,True,3
amcu:2822,amcu,10-р,2023-01-12,2888,3b4c683dc155ae05514798a3c0b37a95,True,3
amcu:2823,amcu,11-р,2023-01-12,2901,b7485f88881e5c84d29321270107480b,True,3
amcu:2824,amcu,12-р,2023-01-12,2897,bb42856b0f0b59826e418d82d26364bd,True,3
amcu:2825,amcu,13-р,2023-01-12,2881,1250db624be79634ce3d08b87990257b,True,3
amcu:2826,amcu,14-р,2023-01-12,2927,2bf0fb7ace83550eead4ddbce46c980f,True,3
amcu:2827,amcu,15-р,2023-01-12,2888,46b8ae4ba9e9cb973c29dc42458d9fa7,True,3
amcu:2828,amcu,16-р,2023-01-12,2977,8ef75936b2d9898a2832d0c4eadb2efc,True,3
amcu:2829,amcu,17-р,2023-01-12,3027,54236ff28072cc497448375e77f6211a,True,3
amcu:283,amcu,800-р,2019-12-10,36572,f6a9ef6fb26381276143817d47c56c7c,True,37
amcu:2830,amcu,18-р,2023-01-12,2889,4b1014725a8400b1a796d79239e69a34,True,3
amcu:2831,amcu,19-р,2023-01-12,2938,ab5abed1955236cd00f73af924cc2f64,True,3
amcu:2832,amcu,20-р,2023-01-12,2930,7655d7bd1c7dbc71f98317a26b444553,True,3
amcu:2833,amcu,21-р,2023-01-12,2963,d4e6e1e28adf99e96c121bd5db767de4,True,3
amcu:2834,amcu,22-р,2023-01-12,3078,ac08fb43d67f1d9425cddf835e974cd8,True,3
amcu:2835,amcu,23-р,2023-01-12,2949,248f05781fc39a5c36896cf6995d3601,True,3
amcu:2836,amcu,24-р,2023-01-12,2875,0f6f8792042cb21811a97d34f2e9b10d,True,3
amcu:2837,amcu,25-р,2023-01-12,2901,78d218bf13caf7fa0c357ccb4c1a12ae,True,3
amcu:2838,amcu,26-р,2023-01-12,3679,814b8c629d08ddd8c6d052af41bd8d8d,True,3
amcu:2839,amcu,27-р,2023-01-12,24140,8ab94fe6fcae3c1303de85a7168cd91d,True,24
amcu:284,amcu,801-р,2019-12-12,2289,b50f82a628aaa066ea266e72bb93fbb0,True,2
amcu:2840,amcu,9-р,2023-01-12,2842,3afec8f2b4208bcfcd9794f1ca4863e5,True,3
amcu:2841,amcu,28-р,2022-01-19,3767,3d5e0a8fb4a0d9b14df2cde538371757,True,4
amcu:2842,amcu,29-р,2022-01-19,3762,cde16ce5e1ed1b90fe129fc88ac33e20,True,4
amcu:2843,amcu,30-р,2022-01-19,4023,635b7f4015a0fe76ee9f86ed87750ce8,True,4
amcu:2844,amcu,31-р,2022-01-19,3774,50d6aea6d098990887a925c08c41fb5e,True,4
amcu:2845,amcu,32-р,2022-01-19,3866,89a54b05577dc836dc621015852a84cd,True,4
amcu:2846,amcu,33-р,2022-01-19,3674,f455d124792fa85b97759d007c05f9f1,True,4
amcu:2847,amcu,34-р,2022-01-19,3825,2163b3ff37f8c8af53702754dfa7af9a,True,4
amcu:2848,amcu,35-р,2022-01-19,3858,d5daf92827bed918b52adee192185685,True,4
amcu:2849,amcu,36-р,2022-01-19,3909,77086a4d94b84f437e49bf7dd400cec8,True,4
amcu:285,amcu,802-р,2019-12-12,2201,1a27fbf565ff1b6201e783283a6fee6c,True,2
amcu:2850,amcu,37-р,2022-01-19,3870,f7d15d35d0f2a417c4b252e7424420e3,True,4
amcu:2851,amcu,38-р,2022-01-19,3788,7271b48c55f199cd4e470353aa094f2d,True,4
amcu:2852,amcu,39-р,2022-01-19,3772,8323ad211d023ef0baae7a5024ebe9d2,True,4
amcu:2853,amcu,40-р,2022-01-19,3973,3132bad08cd8746a2230017deedd5d5d,True,4
amcu:2854,amcu,41-р,2022-01-19,3907,e29a7ffe056679f5b7fe821c1a0639b5,True,4
amcu:2855,amcu,42-р,2022-01-19,3863,a6a69e26ab202d7f4dfea06aa5d373e4,True,4
amcu:2856,amcu,43-р,2022-01-19,3960,b4941b21d8a1045f44f5beb5c20ec470,True,4
amcu:2857,amcu,44-р,2023-01-19,3647,29c1d5fbfbf46f2a0cfe99cfd84bd42e,True,4
amcu:2858,amcu,45-р,2023-01-19,4328,9330c679c0dcef737e43ec4d97ab35c5,True,4
amcu:2859,amcu,46-р,2023-01-19,4940,5d1e088f01cd8325ff3d419cefecedd2,True,5
amcu:286,amcu,803-р,2019-12-12,2293,435308bd6cd399c181f08e9101a434b5,True,2
amcu:2860,amcu,47-р,2023-01-19,3089,fd389d1e79eba854347af37e18f88c41,True,3
amcu:2861,amcu,48-р,2023-01-19,3429,a50a27f901eace2c0ec34021bc1dea13,True,3
amcu:2862,amcu,49-р,2023-01-26,3583,6135dce56bfa052a38397decfaef1565,True,4
amcu:2863,amcu,50-р,2023-01-26,3579,0a2ce4fef0725a31aee2b5d963c95c84,True,4
amcu:2864,amcu,51-р,2023-01-26,13367,3d717007043fc6f499b42dafa8dad95e,True,13
amcu:2865,amcu,52-р,2023-01-26,11066,f73a7187de20e07c85cd01843174533c,True,11
amcu:2866,amcu,3,,38961,6cd07e34508c1c0f4c6ff46264aa21b8,True,39
amcu:2867,amcu,,,47839,d9672a4329bfff640a253a7658608b55,True,47
amcu:2868,amcu,5,,11839,3531bd5cdc4b083c38d743c9f20088ec,True,12
amcu:2869,amcu,195-р,2020-04-02,1886,97db7e838f64b780c45ac76059df2d4e,True,2
amcu:287,amcu,804-р,2019-12-12,2281,f7e49e0bc1f2232a471251e9189da92f,True,2
amcu:2870,amcu,196-р,2020-04-02,2220,406192215e0f524483518dc3153d4e2e,True,2
amcu:2871,amcu,197-р,2020-04-02,2317,3c7310364ed9791baacc37cdee19eb2c,True,2
amcu:2872,amcu,198-р,2020-04-02,2319,106698ce2a7fdb8bdbe66166814cf981,True,2
amcu:2873,amcu,199-р,2020-04-02,3522,c2d5430b68c407c2a9de1620b4a09e6b,True,4
amcu:2874,amcu,200-р,2020-04-02,57293,6436802e66d6a052a00e2f6efc6a0e2f,True,57
amcu:2875,amcu,201-р,2020-04-09,1988,5bb1e1a83c6ed95e1ee8d6580e304331,True,2
amcu:2876,amcu,202-р,2020-04-09,2389,3ea16c7b0409aa9a41879c5f60b214d5,True,2
amcu:2877,amcu,203-р,2020-04-09,2396,7b1f7772c0cfc1ae172d118c6feb24a7,True,2
amcu:2878,amcu,204-р,2020-04-09,3234,bc0dee336ddaa14c6629e1480f2da297,True,3
amcu:2879,amcu,205-р,2020-04-09,3559,beeab66a4f97936afe2f98d1ef9dcc48,True,4
amcu:288,amcu,805-р,2019-12-12,2284,fa6af907fade97c4702bf26a531561fc,True,2
amcu:2880,amcu,206-р,2020-04-09,3391,70a98e99efd9c7cd3417d037c952e8ee,True,3
amcu:2881,amcu,207-р,2020-04-09,3373,d8872f2261f3c43ea5896177af8da5ed,True,3
amcu:2882,amcu,208-р,2020-04-09,3537,6e9dabc39f50436630b4dcbc1d111560,True,3
amcu:2883,amcu,209-р,2020-04-09,3477,aade9455f9b7ef551dcf8e7b3f2a7cc6,True,3
amcu:2884,amcu,210-р,2020-04-09,3370,97739aae69e83412e64312579041f98d,True,3
amcu:2885,amcu,211-р,2020-04-09,4436,737f324244a67308971eda9a185d4231,True,4
amcu:2886,amcu,212-р,2020-04-09,3012,fcb6f8f4c80dc3b0380a7ae07d0724eb,True,3
amcu:2887,amcu,213-р,2020-04-09,42582,58f334e5c1cf3d9aa6a3f498c70dd35d,True,42
amcu:2888,amcu,214-р,2020-04-09,3899,77d0c8d369f06d0ceec46ae202ac3d3f,True,4
amcu:2889,amcu,215-р,2020-04-09,4743,b7dfb8afac61bb9b9de45d41538835e2,True,5
amcu:289,amcu,806-р,2019-12-12,2319,e7ef99c3707abc2bc722a2e1abc2d73d,True,2
amcu:2890,amcu,216-р,2020-04-09,4723,a90f47ec7821dcaf6ae65d7a858e0fe0,True,5
amcu:2891,amcu,217-р,2020-04-09,4243,228a46afe4039c6e4e34ea6545f1322f,True,4
amcu:2892,amcu,218-р,2020-04-09,5412,15c97f23c9bea5afb2e49d4dd42b7386,True,5
amcu:2893,amcu,219-р,2020-04-09,4129,fc82ef447e0ef5820e41fecaaeb080c1,True,4
amcu:2894,amcu,220-р,2020-04-09,2761,682f68e7c06f138f2dba41d17ba744e5,True,3
amcu:2895,amcu,221-р,2020-04-09,2892,e1349c65f5ed4a6bc323cec3a0d2caf2,True,3
amcu:2896,amcu,222-р,2020-04-09,2895,c609ce7f8506188854587e28b1194f4b,True,3
amcu:2897,amcu,223-р,2020-04-09,2894,6ea5e2fc2630107cf3a7ceb1bbe9a4d2,True,3
amcu:2898,amcu,224-р,2020-04-09,2949,d32eb85a71a4d0a480d77bbac7675fee,True,3
amcu:2899,amcu,225-р,2020-04-09,2902,9f463715de4c237a9a7b187526eeec59,True,3
amcu:29,amcu,948-р,2025-12-04,97364,4a440f1434a555c00f18634908cf0477,True,94
amcu:290,amcu,807-р,2019-12-12,2332,e8f9342b0597ea61d51e00e1171e586d,True,2
amcu:2900,amcu,226-р,2020-04-09,2899,215db2a1155e42a31af65fb6e9b5926d,True,3
amcu:2901,amcu,227-р,2020-04-09,2895,1e487ee8aefa8a7da852daf134ac3a63,True,3
amcu:2902,amcu,228-р,2020-04-09,2891,633ba9382333f955dfd76c84ea346044,True,3
amcu:2903,amcu,229-р,2020-04-09,2908,aa3947f28200779f194941871071beff,True,3
amcu:2904,amcu,230-р,2020-04-09,2941,acc9bed0465e21c639ac6e346ee2f292,True,3
amcu:2905,amcu,231-р,2020-04-09,2902,cdc7e0a664f0fc813c31bed1e3905a46,True,3
amcu:2906,amcu,232-р,2020-04-09,2885,a43fa946ed819e76443fdfd0074a63dd,True,3
amcu:2907,amcu,233-р,2020-04-09,2893,98ed3d8e8203c9740cdd34e722fc4bfe,True,3
amcu:2908,amcu,234-р,2020-04-09,2903,f7de1d76aea881b28315e9b39a0adbac,True,3
amcu:2909,amcu,235-р,2020-04-09,134550,fec615b0730e2bcf1a01d63b802c54b6,True,134
amcu:291,amcu,808-р,2019-12-12,2250,e868a3d755078e8ee0c4cdc7e97b576e,True,2
amcu:2910,amcu,236-р,2020-04-09,37904,c3561072383be6bc2ed996755196c689,True,38
amcu:2911,amcu,237-р,2020-04-09,46426,d22edb84287c7a1df03dabdb517f121b,True,46
amcu:2912,amcu,238-р,2020-04-09,38795,4e1f19dc713832665a58bc4bb99e9772,True,38
amcu:2913,amcu,239-р,2020-04-09,39281,6ae1d12457609588a0637eedcb6ed808,True,39
amcu:2914,amcu,240-р,2020-04-15,47766,da36523e67caea9309ddbddde535af85,True,47
amcu:2915,amcu,241-р,2020-04-15,49605,2d485a4ee395e87e3b8cca6ab6fcd1ad,True,49
amcu:2916,amcu,242-р,2020-04-16,5934,26db0c69dcc87294d9beb8c9a2329f1e,True,6
amcu:2917,amcu,243-р,2020-04-16,122686,e0b07a9220425a309fbba58d07615666,True,122
amcu:2918,amcu,244-р,2020-04-16,70075,5ad2c34426ed53b470b1ddb88b8f4a6c,True,69
amcu:2919,amcu,245-р,2020-04-23,2247,0042b52ce1d3028b94ef76e721852a1b,True,2
amcu:292,amcu,809-р,2019-12-12,2391,e6018b8077fd8d697dc7bee3669ca76a,True,2
amcu:2920,amcu,246-р,2020-04-23,2263,febc493fed143778a199441c88bee54d,True,2
amcu:2921,amcu,247-р,2020-04-23,3353,766362aa2bf605e805f4145c89c812d6,True,3
amcu:2922,amcu,248-р,2020-04-23,2767,807862e165e727536827a7d07d014c95,True,3
amcu:2923,amcu,249-р,2020-04-23,3199,d304790c3dc9b4b2de5b1579df0bc2e5,True,3
amcu:2924,amcu,250-р,2020-04-23,2654,80171bf365c4cdc2e44ef9e29d4bb0c0,True,3
amcu:2925,amcu,251-р,2020-04-23,2568,3553b5b36387bcb915ff17fc89a6ab60,True,3
amcu:2926,amcu,252-р,2020-04-23,5790,0ec2b6821077dfed568b41e7513b81b8,True,6
amcu:2927,amcu,253-р,2020-04-23,31101,a7c7327b13171c0f0158d1eb7e78ae7b,True,31
amcu:2928,amcu,254-р,2020-04-23,20855,1cad933620988af176b8ea1d5d6c9810,True,21
amcu:2929,amcu,255-р,2020-04-23,46304,e7d5547ae828f1c3b00208d0422fe8b1,True,46
amcu:293,amcu,810-р,2019-12-12,3376,ad9e08ff1bf52f403cf3f604a01b14e9,True,3
amcu:2930,amcu,256-р,2020-04-23,46812,87f85f89ab76f95fb170fcd68d51368c,True,46
amcu:2931,amcu,257-р,2020-04-23,46188,8b3d3d71cdd99ebbb45ab194c2467e50,True,45
amcu:2932,amcu,258-р,2020-04-23,30354,406be1102ce80df9492d92d5302bc7de,True,30
amcu:2933,amcu,259-р,2020-04-28,131758,ee8eb843d188c6bdbb0d2cd1817804a8,True,131
amcu:2934,amcu,260-р,2020-04-30,3116,2f1051f42fadeeeda96a521dbd6e7a02,True,3
amcu:2935,amcu,261-р,2020-04-30,2747,17521a44558c3b53c4bd8a1756a3dd62,True,3
amcu:2936,amcu,262-р,2020-04-30,3400,d84babc6afecbacf1cafd81d41aaefd0,True,3
amcu:2937,amcu,263-р,2020-04-30,3269,a6af40e6e2127d45e5e8b9cd001c5445,True,3
amcu:2938,amcu,264-р,2020-04-30,19725,81785bd3e19f437ead1a626b0727b918,True,20
amcu:2939,amcu,265-р,2020-04-30,38948,d147ce59e4dc3dd3bb7ab04a9f608e09,True,39
amcu:294,amcu,811-р,2019-12-12,5125,b3d6192cbcb35c41ebf9cd157b71006e,True,5
amcu:2940,amcu,266-р,2020-04-30,74904,57cf7bbea4655ba2aef8d104d9d007c0,True,74
amcu:2941,amcu,267-р,2020-04-30,48669,c7fd0e870ed6603d8ac135022e91f2e2,True,49
amcu:2942,amcu,268-р,2020-04-30,41198,f7bc9875a57ce2d955c7f320178bdda3,True,41
amcu:2943,amcu,269-р,2020-04-30,79430,0af4b8b91718e47d5f72c55f41017626,True,78
amcu:2944,amcu,270-р,2020-04-30,42283,b0d4240620ffa8318a00f70fb11388f4,True,40
amcu:2945,amcu,536-р,2019-08-08,3794,5c6f5a0d362e953a0752d4b62ea97345,True,4
amcu:2946,amcu,537-р,2019-08-08,4015,c214577815949c78752ec12a7998d3ee,True,4
amcu:2947,amcu,538-р,2019-08-08,3268,b2caaab9a0f34193ab48626e95e7cc2a,True,3
amcu:2948,amcu,539-р,2019-08-08,3218,52e08007bbc241bda19bd732f2f3d95f,True,3
amcu:2949,amcu,540-р,2019-08-08,3300,5ee053a160adc87b81af1bbd52fe6d1c,True,3
amcu:295,amcu,812-р,2019-12-12,6639,1b8253f365175c2f25ad346588f6cba8,True,7
amcu:2950,amcu,541-р,2019-08-08,3698,6404f4fd3c5ca6d0ca4748e2edae14f3,True,4
amcu:2951,amcu,542-р,2019-08-08,5910,8b3af846507b3ff5dffaa479eac392dd,True,6
amcu:2952,amcu,543-р,2019-08-08,23333,f01a367ab991ee12a7b126eb4f13d349,True,23
amcu:2953,amcu,544-р,2019-08-08,22717,114eb6b2ad03d8be82a5ea7b09e3e8bb,True,23
amcu:2954,amcu,545-р,2019-08-08,27055,bcbc82b47af19832844eb5c79009205d,True,26
amcu:2955,amcu,546-р,2019-08-08,17497,bac72040f84d47992235fea913659caf,True,17
amcu:2956,amcu,547-р,2019-08-08,32139,300ac3e148f9ab8af7be150475fa67d8,True,32
amcu:2957,amcu,548-р,2019-08-08,91057,afd4c3ec32faa422b5b40b1098b2ab59,True,90
amcu:2958,amcu,56-р,2025-03-06,3345,297f6fde705e0117e29b31810f5a9c79,True,3
amcu:2959,amcu,57-р,2025-03-06,3119,e363a2ed992e4128c4847ffd5685d69c,True,3
amcu:296,amcu,813-р,2019-12-12,29268,559edaac5da5f3fbb8263dd8db0e73ed,True,28
amcu:2960,amcu,58-р,2025-03-06,3112,c4f537502e108f2c5b3fca29eb933bc5,True,3
amcu:2961,amcu,59-р,2025-03-06,2963,7c05a72a531f8f1211e450fcb0c99bed,True,3
amcu:2962,amcu,60-р,2025-03-06,3002,faaa36836128a4980078f484c09e8480,True,3
amcu:2963,amcu,61-р,2025-03-06,3019,8a1580aea07207f1463a27b495bb0308,True,3
amcu:2964,amcu,62-р,2025-03-06,9150,ad8319efb863598be58ee87c3c3472d1,True,9
amcu:2965,amcu,63-р,2025-03-06,13350,31fb1f9e3c8c02f440b1bd70cee851c4,True,13
amcu:2966,amcu,64-р,2025-03-06,8725,e7b8e96a9d4cb3ba2022cc7827108da9,True,9
amcu:2967,amcu,65-р,2025-03-13,2577,53ef47d579e55c498598fb1b873709a1,True,3
amcu:2968,amcu,66-р,2025-03-13,2609,c7cb4758eca5c3ee2416ccb5fad0e734,True,3
amcu:2969,amcu,67-р,2025-03-13,2829,5b201719a6f7b840b298dd968e65d7be,True,3
amcu:297,amcu,814-р,2019-12-12,64283,d04491ed75aef06dd2c798b565d6cdef,True,62
amcu:2970,amcu,68-р,2025-03-13,3636,6c5676286b96972122a585912b3b01dc,True,4
amcu:2971,amcu,69-р,2025-03-13,2807,de1849a13a7c43be4ba20a195b1d9bad,True,3
amcu:2972,amcu,70-р,2025-03-13,42214,459b53561f311ccc0408d369fe685861,True,42
amcu:2973,amcu,71-р,2025-03-20,130223,61f76ad44aaa37b2874e243cde2eb2a2,True,128
amcu:2974,amcu,72-р,2025-03-20,17461,7dfeaf8f036af7b0defc36684a0c8ab0,True,18
amcu:2975,amcu,73-р,2025-03-20,21461,5f63acf9a20d2dfffc2f100506c16d68,True,21
amcu:2976,amcu,74-р,2025-03-20,17444,3bb0d4cfe8741d40dc954c11e6a49c7d,True,17
amcu:2977,amcu,75-р,2025-03-20,4527,9c217650e78c1678115e1d88436a891b,True,5
amcu:2978,amcu,76-р,2025-03-20,4650,12497f7b83f8f5128ed16560ab8b9aac,True,5
amcu:2979,amcu,77-р,2025-03-20,3811,da8057b423f9ddd2f2d1c295d54c1075,True,3
amcu:298,amcu,814-р,2019-12-12,750,c569304a6e4427f8fc0c03181e1d8716,True,1
amcu:2980,amcu,78-р,2025-03-20,5207,570f4f1c06f843e8adf0fdd6ecf57cb9,True,5
amcu:2981,amcu,79-р,2025-03-20,2742,39f26a596ff9ee628806ac5e2a0d9da2,True,3
amcu:2982,amcu,80-р,2025-03-20,2200,590b415d3a603ed6e839d85431fb9075,True,2
amcu:2983,amcu,81-р,2025-03-20,2187,c27036c73429472d303ca251999b8a30,True,2
amcu:2984,amcu,82-р,2025-03-20,3435,732cb6e74e91dfbcd185b7ed9f4e6806,True,4
amcu:2985,amcu,83-р,2025-03-27,3398,43abb71f3e69ec7e2125ae3687c16c44,True,3
amcu:2986,amcu,84-р,2025-03-27,4354,5fd922f5276725959359099ebc53dcb0,True,4
amcu:2987,amcu,85-р,2025-03-27,4286,309deae8dc74d536ff88f03d7a5ba3a1,True,4
amcu:2988,amcu,86-р,2025-03-27,4473,c68c13259b3964e9f7c2e50758a1dd61,True,5
amcu:2989,amcu,87-р,2025-03-27,4255,ce07b636dba72e2dde581ad1a854b88d,True,4
amcu:299,amcu,815-р,2019-12-12,19863,87fe73c301abf10b5c2dad7e8c772d29,True,20
amcu:2990,amcu,88-р,2025-03-27,4291,f985358837b6de6a9d8dd12b3f721ed4,True,4
amcu:2991,amcu,89-р,2025-03-27,4180,4ac8131eeae4e6f01d5dbd97859114e3,True,4
amcu:2992,amcu,90-р,2025-03-27,4588,ac9f9381fe2dd22f49eb99171511834e,True,5
amcu:2993,amcu,91-р,2025-03-27,2836,2552ccdc68d5a6a9c71b419c9f2cc645,True,3
amcu:2994,amcu,92-р,2025-03-27,3915,802da2ca6dfc730012c53dbabd168e58,True,4
amcu:2995,amcu,93-р,2025-03-27,3242,7446ff9eeaa6fe8b2283c73490716d10,True,3
amcu:2996,amcu,94-р,2025-03-27,2486,1a23cf8f2e35c55bd5e07ff26ede244d,True,2
amcu:2997,amcu,95-р,2025-03-27,2498,89588e07b42ab84f72f5c27facfa46d0,True,2
amcu:2998,amcu,96-р,2025-03-27,16157,05d2d145fea107f0fa389671c55d7538,True,16
amcu:2999,amcu,97-р,2025-03-27,35071,92f02ee3317ab76a8ccadd12479733af,True,35
amcu:3,amcu,646-р,2025-12-04,51332,0e4f5b1f3497e47166174b5ca82e5376,False,0
amcu:30,amcu,949-р,2025-12-04,17940,210e58fa98124e682533fcdb2ec29f60,True,18
amcu:300,amcu,816-р,2019-12-12,45159,b34e6680fef773fa21ec41317e3b6310,True,45
amcu:3000,amcu,98-р,2025-03-27,37957,5f35d39cc77cff139011531367e5c0ef,True,38
amcu:3001,amcu,99-р,2025-03-27,12293,723eac067bbca73639b6d7630f651a41,True,12
amcu:3002,amcu,16-рк,2021-06-01,30818,0ec3a2ba1945b5d97b9f87e94a890261,True,31
amcu:3003,amcu,335-р,2020-06-03,16456,2c6a2bce3872cdfbc0302aea2e0c0464,True,16
amcu:3004,amcu,336-р,2020-06-03,18572,0b3e80a37510c7bf0d3bb7ffeaacb25c,True,18
amcu:3005,amcu,337-р,2020-06-03,75152,587c3ec48b2b9d54717b8d040d31c5ed,True,75
amcu:3006,amcu,338-р,2020-06-03,44635,ffff3478d3c2c5943e678a61b856b0d0,True,45
amcu:3007,amcu,339-р,2020-06-03,89469,deafc92ccdbede67a034b9ae25ef3b15,True,85
amcu:3008,amcu,340-р,2020-06-04,2655,140f650508e2d1dd8bc50f5c39fa1127,True,3
amcu:3009,amcu,341-р,2020-06-04,1978,ae5abf970a1ba1305fa8048074baa524,True,2
amcu:301,amcu,817-р,2019-12-12,29992,e6da72eba2b6b34f8c1650c69cea3752,True,30
amcu:3010,amcu,342-р,2020-06-04,2039,4317fa13c60e3ab2c40b2031b547e030,True,2
amcu:3011,amcu,343-р,2020-06-04,1797,77b3a714e34fc24d2830a4b400afd70a,True,2
amcu:3012,amcu,344-р,2020-06-04,1994,4e6a238271fdec6726bf204c1e2140e7,True,2
amcu:3013,amcu,345-р,2020-06-04,2082,441d4595767e819c16b933d30b680a83,True,2
amcu:3014,amcu,346-р,2020-06-04,2012,917253a8e51b5b73f09bc88e7ba44551,True,2
amcu:3015,amcu,347-р,2020-06-04,2031,12d724b75a06ed2fb5535e8b6fe3260c,True,2
amcu:3016,amcu,348-р,2020-06-04,2160,b5471bf3e71ba17275d4c58641bcf196,True,2
amcu:3017,amcu,349-р,2020-06-04,2095,506e23d5277265db0f6299425606467e,True,2
amcu:3018,amcu,350-р,2020-06-04,4552,a0e660158fd97d16db21ea553f3d906e,True,5
amcu:3019,amcu,351-р,2020-06-04,4459,5c00ef53ecdd80c89ddd4749e0749793,True,4
amcu:302,amcu,818-р,2019-12-12,2317,b3c0dfdedc87b82ce28a9eff46d733c7,True,2
amcu:3020,amcu,352-р,2020-06-04,11318,7f28bdc0f7fe7b123593ae64a595e67a,True,11
amcu:3021,amcu,353-р,2020-06-04,11353,9da1a20f5c0e7dedf9c2b65dfb727abc,True,11
amcu:3022,amcu,354-р,2020-06-04,11472,1efa896c73a04223a1b47f4ba8d26fea,True,11
amcu:3023,amcu,355-р,2020-06-04,12267,9ec1eedd31f05dd2e1e3f566cd6e27a2,True,12
amcu:3024,amcu,356-р,2020-06-04,11388,c1dc18ffd12e359977ef943a07bbce72,True,11
amcu:3025,amcu,357-р,2020-06-04,11518,b25d9069f8d5b3b4536fa2013865b9bc,True,11
amcu:3026,amcu,358-р,2020-06-04,11458,63a8b9973f7534aedd9a4acd2304e1f8,True,11
amcu:3027,amcu,359-р,2020-06-04,11643,0a2c11f95becb9a83cc94ec8608701bd,True,11
amcu:3028,amcu,360-р,2020-06-04,11104,f389cfd5e7362068ac461c8d405d0ac9,True,11
amcu:3029,amcu,361-р,2020-06-04,11206,78c009d8f4d1730d6fb4055284a81640,True,11
amcu:303,amcu,819-р,2019-12-13,3847,ec56aa101424d4b2b5d51af87ff55959,True,4
amcu:3030,amcu,362-р,2020-06-04,11452,08cd60998de5dd03cde99820545ab0c6,True,11
amcu:3031,amcu,363-р,2020-06-04,11417,14ed6c76b874765a86eebe44496923d8,True,11
amcu:3032,amcu,364-р,2020-06-04,11374,be453b6115c6aa7a2d04308bdb247bf3,True,11
amcu:3033,amcu,365-р,2020-06-04,11514,b0f9c08014ffa99151af69db99a115ed,True,11
amcu:3034,amcu,366-р,2020-06-04,11492,a693431a91fc82fd00157b06f0dabc80,True,11
amcu:3035,amcu,367-р,2020-06-04,11478,1943199ad7a61013e3ca176a2d547d06,True,11
amcu:3036,amcu,368-р,2020-06-04,11401,378bc9a27a2abe30138dd55e021f124c,True,11
amcu:3037,amcu,369-р,2020-06-04,10720,d3f2fc0c343c1b8cd9d95a8f74b1c12d,True,10
amcu:3038,amcu,370-р,2020-06-04,7134,19a3d90fc2d8aaa277130600f05cc65f,True,7
amcu:3039,amcu,371-р,2020-06-11,14170,13209379ec85b18e4d321977f9df3036,True,14
amcu:304,amcu,820-р,2019-12-13,4908,cbfe3a62ea99946e451e3e5f592133c1,True,5
amcu:3040,amcu,372-р,2020-06-11,13926,f7d05d9b3903adc06234e7d23ff03d13,True,14
amcu:3041,amcu,373-р,2020-06-18,3752,585691b25760e34f809462862ea817a2,True,4
amcu:3042,amcu,374-р,2020-06-18,5016,8192c34d2b5334fdc59f567a4664cddf,True,5
amcu:3043,amcu,375-р,2020-06-18,34747,136603eae9edb026f386c0dc768fd5fb,True,35
amcu:3044,amcu,376-р,2020-06-18,86596,9dfb19be4454fdfc5a1ccdc0d815473a,True,86
amcu:3045,amcu,377-р,2020-06-18,129391,22ef76398ad91e75cee2bd526a8b4bbc,True,129
amcu:3046,amcu,378-р,2020-06-18,66111,f22a1dac2975d7f10d319e13c9e62a22,True,66
amcu:3047,amcu,379-р,2020-06-18,39063,09ed37f9fbc7ab5acafb6bfce2cf0971,True,39
amcu:3048,amcu,380-р,2020-06-23,35962,c6b69fd64093d832e389dc5f83f2d461,True,35
amcu:3049,amcu,381-р,2020-06-24,2318,c4a27653d73136c1440d20e25392c942,True,2
amcu:305,amcu,821-р,2019-12-16,4367,0b1d7b5086d0e87e49e6f1ba14dabf5d,True,4
amcu:3050,amcu,382-р,2020-06-24,2313,c8b5f7acd3a581f71f9d46c46eb80f77,True,2
amcu:3051,amcu,383-р,2020-06-24,2312,598822da59164d6dced9340e319ad4c4,True,2
amcu:3052,amcu,384-р,2020-06-24,2324,2bd61866ae9771a1885a2581a9167a7a,True,2
amcu:3053,amcu,385-р,2020-06-24,2305,dcf6c1d18958dc75bea332e1ebacba10,True,2
amcu:3054,amcu,386-р,2020-06-24,2415,c41fc9ba64516f40773aae6ee91ac6e0,True,2
amcu:3055,amcu,387-р,2020-06-24,2353,65a1eccbcc18a3f7efc5ceae59d8716c,True,2
amcu:3056,amcu,388-р,2020-06-24,2386,5441ef64f0d133d2c318f88b8d0cb7f2,True,2
amcu:3057,amcu,389-р,2020-06-24,2396,82ac76547e3b2b5e46d406ed652f095c,True,2
amcu:3058,amcu,390-р,2020-06-24,2390,1468daddb15be6f493c4851522a99a05,True,2
amcu:3059,amcu,391-р,2020-06-24,2443,3d5034c4ad6cab789eb4ac6c0098009e,True,2
amcu:306,amcu,822-р,2019-12-16,5007,b352678710a7d835931d8bf191509558,True,5
amcu:3060,amcu,392-р,2020-06-24,2364,aa5fac4ab2d565c456d889bedc4a07f8,True,2
amcu:3061,amcu,393-р,2020-06-24,2444,4b73e5399c62827146bc5f09b51a40db,True,2
amcu:3062,amcu,394-р,2020-06-24,2356,3b73742190fd0f6eee8c58c678b0c28b,True,2
amcu:3063,amcu,395-р,2020-06-24,2372,5acc0f1262096f580017d204b8c83084,True,2
amcu:3064,amcu,396-р,2020-06-24,2374,d336a05d1bc3d445f69fe9af5e9c0909,True,2
amcu:3065,amcu,397-р,2020-06-24,2363,de5666a4f5cd68fcc1a1bc48c6c77d5c,True,2
amcu:3066,amcu,398-р,2020-06-24,2571,a0de7e31abf6b7b2ca920e6d255d6265,True,3
amcu:3067,amcu,399-р,2020-06-24,3396,a5d867095bb957c61df223d6eb6194ad,True,3
amcu:3068,amcu,400-р,2020-06-24,3376,4fabaa4492380d0f21733a79ea583d00,True,3
amcu:3069,amcu,401-р,2020-06-24,3408,334ff4e8f86cc253d78b015107d58d51,True,3
amcu:307,amcu,823-р,2019-12-16,5910,4c8d551baa4b3c5e29b575649cdff85e,True,6
amcu:3070,amcu,402-р,2020-06-24,3593,4eb1cbc4b4bd6f9737055ced25b6452e,True,4
amcu:3071,amcu,403-р,2020-06-24,3358,21ea814d658d36c25a270de222f92bfa,True,3
amcu:3072,amcu,404-р,2020-06-24,3360,5842afe8adec4289b6aac5d9dbba5b8f,True,3
amcu:3073,amcu,405-р,2020-06-24,3341,9d5aa2f3d03cd145b5b471d689bb018a,True,3
amcu:3074,amcu,406-р,2020-06-24,3253,305e92e2c883cacd5999fc70bb451768,True,3
amcu:3075,amcu,407-р,2020-06-24,3483,29923a81a05cc281412aab1b6e8c05f5,True,3
amcu:3076,amcu,408-р,2020-06-24,3355,74226326306bf85fc9cfe15ddc36e7f6,True,3
amcu:3077,amcu,409-р,2020-06-24,5636,7110450c73342539eb94389e1af3c20f,True,6
amcu:3078,amcu,410-р,2020-06-24,5558,0fdee7c78438e8d420ab13e09c064605,True,5
amcu:3079,amcu,411-р,2020-06-24,4159,e435b8f31fd44b2b112e3f2338f5ff99,True,4
amcu:308,amcu,824-р,2019-12-16,4170,b474b96863aa1db3736b4c8ead0c8e06,True,4
amcu:3080,amcu,412-р,2020-06-24,3092,b1a873db7375aff9b2af7745e42ddc16,True,3
amcu:3081,amcu,413-р,2020-06-24,27923,85999ede2cb58ba45ee414da9bdcd582,True,28
amcu:3082,amcu,414-р,2020-06-24,90277,7ed33afb94aa62be6556f42707f50bbb,True,89
amcu:3083,amcu,415-р,2020-06-30,5547,52e26564a77e0396d6533db532573054,True,5
amcu:3084,amcu,77-р,2023-03-02,2722,47b4d15f903137c8de7e0a3134962475,True,3
amcu:3085,amcu,78-р,2023-03-02,2529,01b3d2f7d9dd0d876e219961c2355e4f,True,3
amcu:3086,amcu,79-р,2023-03-09,2927,81053e2c0f764413b909719fd3561bca,True,3
amcu:3087,amcu,80-р,2023-03-09,29221,c903e93f2736d46504c7ba2eac9c506e,True,29
amcu:3088,amcu,81-р,2023-03-16,3711,cda1e10885820795469b3ce8ae4d4513,True,4
amcu:3089,amcu,82-р,2023-03-16,3663,473742489ba1a3c7c296fcca6dda236c,True,4
amcu:309,amcu,825-р,2019-12-17,3916,241138d24ed34e7d4277018053442ee4,True,4
amcu:3090,amcu,83-р,2023-03-16,3132,068dc247cc4a0ad08e8e4bfd31e6da94,True,3
amcu:3091,amcu,84-р,2023-03-23,3069,2b4cf9b1268b0cdaa119b2978268b167,True,3
amcu:3092,amcu,85-р,2023-03-23,3629,1946b93094c0598a185cfe9a92120df6,True,4
amcu:3093,amcu,86-р,2023-03-23,3507,f9c852998560b0244ea8ce4abdd16d88,True,4
amcu:3094,amcu,87-р,2023-03-23,16264,c8c98fdd1ad06f582f6962fcf308b22b,True,16
amcu:3095,amcu,88-р,2023-03-30,3640,642e6653f2905fe280a31520eb0f843f,True,4
amcu:3096,amcu,89-р,2023-03-30,2746,266bc66a3760b4c29f33a9dc04d7ddd6,True,3
amcu:3097,amcu,90-р,2023-03-30,27383,c77f4a1f42650edad8555e558f0014d4,True,28
amcu:3098,amcu,165-р,2019-03-20,22074,ee07034a06652b639233dc6fdfae826f,True,22
amcu:3099,amcu,166-р,2019-03-20,23019,af70df808541feebb18574aca4178675,True,23
amcu:31,amcu,950-р,2025-12-04,100185,bdff8d1b70d4baae559de9a0702dfe29,True,100
amcu:310,amcu,826-р,2019-12-17,4405,139b74c83a318b265dc0cb13bb9c67ac,True,4
amcu:3100,amcu,167-р,2019-03-20,18579,7ff9c2fcc0d46f39130d1410898159c5,True,18
amcu:3101,amcu,168-р,2019-03-20,51671,378dcbafaa9061cd21f489e98f33498c,True,51
amcu:3102,amcu,169-р,2019-03-20,40407,c005a338fc53503f03450dfee1de50af,True,40
amcu:3103,amcu,170-р,2019-03-20,66185,380fe21248d665d035319e3ba6a3d8b0,True,66
amcu:3104,amcu,243-р,2021-05-07,2869,ad65c8f5f395e43d140bc7a159a18039,True,3
amcu:3105,amcu,244-р,2021-05-07,2899,dae007764d8543c4a80d14cd20024bb5,True,3
amcu:3106,amcu,245-р,2021-05-07,2903,7c95eaf575101a8ae3a1a672df7b5ab9,True,3
amcu:3107,amcu,246-р,2021-05-07,2885,b6f733d948a942e337373867a02477a5,True,3
amcu:3108,amcu,247-р,2021-05-07,4059,7346f0861bd9d9efc436332d15b36ae8,True,4
amcu:3109,amcu,248-р,2021-05-07,3794,e60fc44a8da49810231703b82b3db925,True,4
amcu:311,amcu,827-р,2019-12-17,5259,c9fd3415bed68163f5075bb1d3ac60c1,True,5
amcu:3110,amcu,249-р,2021-05-13,5372,cc6b79ac7e7af7e0b5d843a2d32c3edf,True,5
amcu:3111,amcu,250-р,2021-05-13,2609,180d5d14fa8578bf10aa450f0e781aed,True,3
amcu:3112,amcu,251-р,2021-05-13,3927,97db0afcf34ec15e03a044d717a4e752,True,4
amcu:3113,amcu,252-р,2021-05-13,4703,55ec34876104bac94e7d96b951b81954,True,5
amcu:3114,amcu,253-р,2021-05-13,4812,374e43689c2865c4cbc4afa5e32a5d25,True,5
amcu:3115,amcu,254-р,2021-05-13,4758,e0d7ca201c0f80b4d34dea9abd6a0d41,True,5
amcu:3116,amcu,255-р,2021-05-13,69321,364aadfe1ea648d989ff83e5781da2ad,True,69
amcu:3117,amcu,256-р,2021-05-13,56107,cecdb9c6b1532ee492b188f910508280,True,56
amcu:3118,amcu,257-р,2021-05-13,66443,00eecbcfab9d2a90867d94b6b7ac4114,True,66
amcu:3119,amcu,258-р,2021-05-13,75802,d25b37f67cae1463f39ccabd1f0f8738,True,75
amcu:312,amcu,828-р,2019-12-17,3239,3fba18ca6d8c9fc7bd951e15f159d6f3,True,3
amcu:3120,amcu,259-р,2021-05-20,93558,4eff1710ea3d7b8672fea4152ec1e3b7,True,93
amcu:3121,amcu,260-р,2021-05-20,2836,4dc8a714ff43897b56a3633324889f94,True,3
amcu:3122,amcu,261-р,2021-05-20,2405,f88eddd551e2ffd9c1cadd501d80a118,True,2
amcu:3123,amcu,262-р,2021-05-20,2420,272fd6e4eaf40077ac43e13c8b718f50,True,2
amcu:3124,amcu,263-р,2021-05-20,2433,6ce3464f9e3bb321ef3332a34f1319aa,True,2
amcu:3125,amcu,264-р,2021-05-20,2437,5032366b0d68dac807b6fbd2d32218f2,True,2
amcu:3126,amcu,265-р,2021-05-20,2484,95a8ed790d2df793115111b52c3b7124,True,2
amcu:3127,amcu,266-р,2021-05-20,2519,5455d13049adc2fcc2979b5cb221abad,True,3
amcu:3128,amcu,267-р,2021-05-20,2504,830cb957567df705bff366efa1c7fcc0,True,2
amcu:3129,amcu,268-р,2021-05-20,2560,30295dae90ac824a63e1c79851029fab,True,3
amcu:313,amcu,829-р,2019-12-19,186906,b33f6573f548cb99d4d7edf1f33cb3b9,True,177
amcu:3130,amcu,269-р,2021-05-20,2486,bcbec35b7886aa6d11b13333d251a1ff,True,2
amcu:3131,amcu,270-р,2021-05-20,2528,9571ebdf61604e86dd533eb9ec9e3e15,True,2
amcu:3132,amcu,271-р,2021-05-20,2615,ece716bd548ab2e5963def530f00e489,True,3
amcu:3133,amcu,272-р,2021-05-20,2537,647c66a15df169e5020219aede79e592,True,3
amcu:3134,amcu,273-р,2021-05-20,2528,1a3820dc6be6ee99fc9d0f52c828df99,True,2
amcu:3135,amcu,274-р,2021-05-20,2540,d8ad58509d566c500ff37f105f185761,True,2
amcu:3136,amcu,275-р,2021-05-20,2410,7a12834d09db6033643733144ea19075,True,2
amcu:3137,amcu,276-р,2021-05-20,2521,d7e65111e2f6f92b6eec1c7e436751e7,True,2
amcu:3138,amcu,277-р,2021-05-20,2455,f1b1c0058100d1da6ee8b729af49c118,True,2
amcu:3139,amcu,278-р,2021-05-20,2415,9887c3e99e43e7d72acec7dadd384360,True,2
amcu:314,amcu,830-р,2019-12-19,301092,891c4dffbc4bad9bae2852df91b2f75a,True,284
amcu:3140,amcu,279-р,2021-05-20,2507,2dfea23e4232174b96c3ae550722ebb2,True,2
amcu:3141,amcu,280-р,2021-05-20,2417,ffc87343c211bb0f3ea6f8b65d0c5c74,True,2
amcu:3142,amcu,281-р,2021-05-20,2546,3b64871d182d0935c66b6bb47f987d1a,True,3
amcu:3143,amcu,282-р,2021-05-20,2529,020de75b6866a143d7dd16e2530be217,True,2
amcu:3144,amcu,283-р,2021-05-20,2530,ed0b869ff58d9f5e0b29f42a749c1f66,True,3
amcu:3145,amcu,284-р,2021-05-20,2551,68e92360cd8113014da97332b55558c5,True,3
amcu:3146,amcu,285-р,2021-05-20,2403,d28ab3eba67d9060af03198a105ef8ba,True,2
amcu:3147,amcu,286-р,2021-05-20,2422,71a66491b17853d41ea3c076fb6d1dbe,True,2
amcu:3148,amcu,287-р,2021-05-20,3771,50a993072e89f7389d36939609d8052c,True,4
amcu:3149,amcu,288-р,2021-05-20,3601,7f55bc7e31ec5c973794eaede1ed0147,True,4
amcu:315,amcu,831-р,2019-12-19,102036,fac1d9aa0cd4302e75357b9e2457c0fb,True,79
amcu:3150,amcu,289-р,2021-05-20,3098,4ec65e3fce35b1c7cdf8825eb26b07c9,True,3
amcu:3151,amcu,290-р,2021-05-20,74764,e16e06d44d21be431dbba11c7b180349,True,74
amcu:3152,amcu,291-р,2021-05-24,2518,fe312f96eeceaf46d1b4086156b4fd68,True,3
amcu:3153,amcu,292-р,2021-05-27,44589,6320b8371c52b058ef78ff4e730bc3d4,True,45
amcu:3154,amcu,293-р,2021-05-27,1981,2ddab203d46953a98dfbb9835266be8f,True,2
amcu:3155,amcu,294-р,2021-05-27,1980,6abd181e985f7c338a4e2b9a0e129ace,True,2
amcu:3156,amcu,295-р,2021-05-27,1977,f67a1e85c542f3b0fd48e59cc6539384,True,2
amcu:3157,amcu,296-р,2021-05-27,2102,d68103057e32b1ccd9b33414de2c1358,True,2
amcu:3158,amcu,297-р,2021-05-27,3189,1d7d6ad66512dd55b484cae5b06f8cae,True,3
amcu:3159,amcu,298-р,2021-05-27,4066,4731177d5375061c2e46437299c9b612,True,4
amcu:316,amcu,832-р,2019-12-19,77842,3068e446e8a891417b2a1d4d56de2ce0,True,67
amcu:3160,amcu,299-р,2021-05-27,13515,5b7fdf4c84279881161b4ee12a579933,True,14
amcu:3161,amcu,300-р,2021-05-27,15560,941b943ea5e2a0ff7bb9845da6e64d59,True,15
amcu:3162,amcu,301-р,2021-05-27,15622,35d5962e8cc8503ab55cc146b54c31e7,True,16
amcu:3163,amcu,302-р,2021-05-27,99103,37c8732acfdf3fd7f2c27f7168340aaa,True,99
amcu:3164,amcu,303-р,2021-05-27,47076,a5562ca530fdbcfec9217a40123a94af,True,46
amcu:3165,amcu,11-рп,2021-05-20,4813,16c4234530c1ba4b30c6987eed6fdb9e,True,5
amcu:3166,amcu,64-rk,2019-11-29,6384,b4d2bade1242c58da0e9dad6937cbd1b,True,6
amcu:3167,amcu,271-р,2020-05-07,2100,a7ec5010a1c9f19fa8a631531ebb0bbd,True,2
amcu:3168,amcu,272-р,2020-05-07,2107,8b97f00475f89474b0292b9e25404155,True,2
amcu:3169,amcu,273-р,2020-05-07,2296,7c5d9a175ded37f5c60fa007194627b9,True,2
amcu:317,amcu,833-р,2019-12-19,3686,2a993114c4106405a4f7905b49a45912,True,4
amcu:3170,amcu,274-р,2020-05-07,2182,162f5cf4898c1953c8e3ec89990565e6,True,2
amcu:3171,amcu,275-р,2020-05-07,2902,8eea17a2efcfd21219b95e682e07bf5e,True,3
amcu:3172,amcu,276-р,2020-05-07,5380,e157a8c88c303373d6faf3aa55ad0409,True,5
amcu:3173,amcu,277-р,2020-05-07,74614,a92b854e460f66510bffc7af7e44d0dc,True,74
amcu:3174,amcu,278-р,2020-05-12,41141,2e5d74ffe5af191748f4fc3d44f093d8,True,40
amcu:3175,amcu,279-р,2020-05-14,2517,685c605809644d15ed8efae6ffd721d2,True,3
amcu:3176,amcu,280-р,2020-05-14,4247,a19efbeef04ae0b53a129ffb0d2a678c,True,4
amcu:3177,amcu,281-р,2020-05-14,4008,f3cdd98b004985b097033d972b5e6a0b,True,4
amcu:3178,amcu,282-р,2020-05-14,3719,4ee0d785215986a837dfafbaef63ff38,True,4
amcu:3179,amcu,283-р,2020-05-14,4057,68906ed5eb64ce1a7fc641d2b6160c6d,True,4
amcu:318,amcu,834-р,2019-12-19,4837,c08be8e3d59cfec2753e6020a3c0d618,True,5
amcu:3180,amcu,284-р,2020-05-14,3784,7c2446cbb740506aba639a78bf1d297d,True,4
amcu:3181,amcu,285-р,2020-05-14,3929,10f1184155c08c1634f00f9f8da95ca2,True,4
amcu:3182,amcu,286-р,2020-05-14,4052,c33ce3f08a17f127cdaa3666ed4dc15d,True,4
amcu:3183,amcu,287-р,2020-05-14,3934,d2f8c57b474cb467f30dd3c9da029240,True,4
amcu:3184,amcu,288-р,2020-05-14,3947,02253e0901049f984bbcfee57b92c073,True,4
amcu:3185,amcu,289-р,2020-05-14,3728,e0db59a4431f0b9e3cf6237c36817d61,True,3
amcu:3186,amcu,290-р,2020-05-14,63569,dc0dfdf12f3f3979e46e7ba37b4c35bd,True,62
amcu:3187,amcu,291-р,2020-05-14,41339,e501a153a7c1f27327ecedf1edafeaec,True,41
amcu:3188,amcu,292-р,2020-05-14,29637,9e5775a4f32214527d6f491b73b1c0e7,True,30
amcu:3189,amcu,293-р,2020-05-14,38464,6779b45d97daab3237aa7feac9f83303,True,38
amcu:319,amcu,835-р,2019-12-19,3200,48460a3e1fce881e86e576a0a6310b64,True,3
amcu:3190,amcu,294-р,2020-05-14,30068,c44565720ec06e95d71d1d69a380547f,True,30
amcu:3191,amcu,295-р,2020-05-14,78038,662ace3acdb6b2766a3edfa550159f85,True,77
amcu:3192,amcu,296-р,2020-05-14,35385,d3de2592cfc86a26b5e71bb0fdff84b8,True,35
amcu:3193,amcu,297-р,2020-05-14,56313,5f87adcfc89799f9e7044f482e818f70,True,55
amcu:3194,amcu,298-р,2020-05-14,88383,dc9f165798cff9975741fe32ad190c67,True,88
amcu:3195,amcu,299-р,2020-05-14,2037,e9307d07aad554dbe656f31c258924ac,True,2
amcu:3196,amcu,300-р,2020-05-21,2377,b3c5da3a37a48cf75b929c27dd2bdd0b,True,2
amcu:3197,amcu,301-р,2020-05-21,5204,8a46edbdc0d98c648614b6375faa6405,True,5
amcu:3198,amcu,302-р,2020-05-21,4245,fb4d0da66be4ee617726caac9de4cacd,True,4
amcu:3199,amcu,303-р,2020-05-21,4430,23b22c9679f9416c919c2954d9d73cc5,True,4
amcu:32,amcu,951-р,2025-12-04,7865,112b52f7fa5cb5fcf482ac39e649ed8c,True,8
amcu:320,amcu,836-р,2019-12-19,46664,cb8d5f26a5415fd05deb318c505374ad,True,46
amcu:3200,amcu,304-р,2020-05-21,10699,3c71f960a30339e0f5ca68c1791aad83,True,11
amcu:3201,amcu,305-р,2020-05-21,15712,5365096fdc2b9d48001e4525dda0169d,True,16
amcu:3202,amcu,306-р,2020-05-21,24538,78fa65bdb2a9e9ac03276a95f815ea1b,True,25
amcu:3203,amcu,307-р,2020-05-21,31851,2f7d7f7b45dd601871232079c388a1be,True,32
amcu:3204,amcu,308-р,2020-05-21,74516,2420f77faa67c9828ca778b4458fc219,True,73
amcu:3205,amcu,309-р,2020-05-21,56698,eeaa4939b0c3c30c73ac990ca16b87e9,True,56
amcu:3206,amcu,310-р,2020-05-21,17427,81155fa40e0939372bfb9313b8cb738c,True,18
amcu:3207,amcu,311-р,2020-05-21,6814,e6b308b82a2f752cdeab20ba2dabfb10,True,7
amcu:3208,amcu,312-р,2020-05-21,37709,24ede2c25e113175566ba84e7fce0a56,True,38
amcu:3209,amcu,313-р,2020-05-21,36488,77b317858ebf0b802b5781d394a4204b,True,36
amcu:321,amcu,837-р,2019-12-19,55736,07fcd21c0c50acab793d10284aeb0428,True,54
amcu:3210,amcu,314-р,2020-05-21,40272,a332801e5435888ec21ac4790ead69b0,True,40
amcu:3211,amcu,315-р,2020-05-21,40774,4525ba92da11d823c77acc79cb29ac5c,True,41
amcu:3212,amcu,316-р,2020-05-21,36484,54376fce56edf070ce3f42b7e2639e06,True,36
amcu:3213,amcu,317-р,2020-05-21,35618,974b4fd07731eb6e3e20710eb018051f,True,35
amcu:3214,amcu,318-р,2020-05-21,35720,b1929d64573857e76126478a7777972f,True,35
amcu:3215,amcu,319-р,2020-05-21,28959,615b5af88b04dd938ed12577ed02319c,True,29
amcu:3216,amcu,320-р,2020-05-21,85124,3b0530a2a400a1634fdcb569698ffd66,True,84
amcu:3217,amcu,321-р,2020-05-21,68881,be6f5cc98f125214f662fbfd77566b45,True,68
amcu:3218,amcu,322-р,2020-05-21,46996,70739d25dc9fa98fa32d987f902fb90d,True,47
amcu:3219,amcu,323-р,2020-05-21,73156,6b21433070854c3ae13b640a762da631,True,73
amcu:322,amcu,838-р,2019-12-19,48625,4165f1639617f2f1c9a860d09edb5a46,True,49
amcu:3220,amcu,324-р,2020-05-28,4403,afab78f5d323f733232601ed403bed9a,True,4
amcu:3221,amcu,325-р,2020-05-28,3879,aef7a0fb88ff9da83537f143764d56a1,True,4
amcu:3222,amcu,326-р,2020-05-28,3817,80ad1ac5535f31d089ee79ccd090d865,True,4
amcu:3223,amcu,327-р,2020-05-28,3303,7be96cfadc72f25894b409aee7d5dcda,True,3
amcu:3224,amcu,328-р,2020-05-28,10562,7ae6a92955814a0bd6386b2c233ec87a,True,11
amcu:3225,amcu,329-р,2020-05-28,32193,099f280f22319547f555e9dd64020bf7,True,32
amcu:3226,amcu,330-р,2020-05-28,44175,7bb234263f720551818d6b595ad1f9ef,True,44
amcu:3227,amcu,331-р,2020-05-28,51782,f369c047575b872fca349661acaa3c46,True,51
amcu:3228,amcu,332-р,2020-05-28,17925,61188015380c6313a90bc768429665e7,True,17
amcu:3229,amcu,333-р,2020-05-28,35376,77d5c2774b8824023fb052d3f6940249,True,35
amcu:323,amcu,839-р,2019-12-24,14205,fce9d4732195ad5f79466a284f9b5bbf,True,14
amcu:3230,amcu,334-р,2020-05-28,29610,34bfa2f8172f492c2ecfc14f4adf327f,True,29
amcu:3231,amcu,3,,2371,1086c01bfdc9b6f93ce2b024168615a4,True,2
amcu:3232,amcu,412-р,2024-11-07,20181,6ca68805bfc2f929ec840f989a5bbe0d,True,20
amcu:3233,amcu,415-р,2024-11-07,2420,04617bcccc2bb59fb99c0bbf94a2cef8,True,3
amcu:3234,amcu,416-р,2024-11-07,2178,0726f099c539a1a9593d9ab115c2fa2d,True,2
amcu:3235,amcu,417-р,2024-11-07,2422,37bc1b6092f9e97c7a324b6ed0386061,True,3
amcu:3236,amcu,418-р,2024-11-07,4409,e9eed4aedc253d9ceb6cc4259de641af,True,4
amcu:3237,amcu,419-р,2024-11-07,4088,2d0d9e57c24ce7a18622b9af8585b61d,True,4
amcu:3238,amcu,420-р,2024-11-07,4064,1dc05f6d08efd341c063f1ac28af31f7,True,4
amcu:3239,amcu,421-р,2024-11-07,4374,2e79c2ee6e31f2d4cd4813024b801fdd,True,4
amcu:324,amcu,840-р,2019-12-24,13669,0157685814a0ccf162aab094de00cd7a,True,13
amcu:3240,amcu,422-р,2024-11-07,3950,cceb6b3c2472b7dbcf7ca85adc869f57,True,4
amcu:3241,amcu,423-р,2024-11-07,2056,65d6350ccd1415948b638bb7cfab5b7b,True,2
amcu:3242,amcu,424-р,2024-11-07,2175,75fb797b8f3387e93f2e8152656d1959,True,2
amcu:3243,amcu,425-р,2024-11-07,2853,f74aa70cb637e739fef28565482d99b6,True,3
amcu:3244,amcu,426-р,2024-11-07,3082,350c6c083d48e744db248e69e6895c71,True,3
amcu:3245,amcu,427-р,2024-11-07,78649,b8a984bd8adf01ea4339c5a40d3da16e,True,78
amcu:3246,amcu,428-р,2024-11-07,7626,5552112f32ebce0adad1ca76966289a8,True,8
amcu:3247,amcu,429-р,2024-11-07,7833,b41d645effb01ef904b216f9ecffe082,True,8
amcu:3248,amcu,430-р,2024-11-14,3469,baac3e2577e06a79673c46bdad3491cb,True,4
amcu:3249,amcu,431-р,2024-11-14,3506,e120c6803f4c725a889680c4271c1c56,True,4
amcu:325,amcu,841-р,2019-12-24,12584,1c425f2557fec780c2f17aa2964cffe7,True,12
amcu:3250,amcu,432-р,2024-11-14,2174,dc2596bd65b0175afcb62be91e240969,True,2
amcu:3251,amcu,433-р,2024-11-14,2282,daf08a4f17037ccb1de6327cd1abc2a0,True,2
amcu:3252,amcu,434-р,2024-11-14,3362,231becb6f1f87842528b86476dfd6b0b,True,3
amcu:3253,amcu,435-р,2024-11-14,4001,aaf36df9bf522a95051cbf9bda8c98ca,True,4
amcu:3254,amcu,436-р,2024-11-14,4038,3f2e4ad59f49f01a324fb6435ca191f7,True,4
amcu:3255,amcu,437-р,2024-11-14,4043,501e3c2d40afb6c08491ed8e2fcb9b76,True,4
amcu:3256,amcu,438-р,2024-11-14,4138,9bfcfe1eb92c4c6710da4b525c8119da,True,4
amcu:3257,amcu,439-р,2024-11-14,3889,d9e5190c13a5a46202e4104c1de6d445,True,4
amcu:3258,amcu,440-р,2024-11-14,4268,ed25f33fb64c895e9d00a54545d6e00e,True,4
amcu:3259,amcu,441-р,2024-11-14,3954,993f2ac90a4bab87cfbf12309a492099,True,4
amcu:326,amcu,842-р,2019-12-24,17665,14626c04af5bdad01628e17361636173,True,18
amcu:3260,amcu,442-р,2024-11-14,5034,175217aa1f4934769d5277346d3ea670,True,5
amcu:3261,amcu,443-р,2024-11-14,3704,fbae1b8e32262892d23ce6eb7bb336cb,True,4
amcu:3262,amcu,444-р,2024-11-14,1990,85cd4b631aa82748e4b7c5985ea5282f,True,2
amcu:3263,amcu,445-р,2024-11-14,3867,70bedf4763f2f326c4b20d42ffe2bc98,True,4
amcu:3264,amcu,446-р,2024-11-14,20966,1100608d7eb14d0e0ffa09b052c8a332,True,20
amcu:3265,amcu,447-р,2024-11-14,20338,6f03bcb9cc22426855750ff9c9e277d5,True,20
amcu:3266,amcu,448-р,2024-11-14,8445,d1c7c8cae6473d1e012fc3f9cfc8378e,True,6
amcu:3267,amcu,449-р,2024-11-14,29264,12d76db13ac925d264fef3fba94ba331,True,29
amcu:3268,amcu,450-р,2024-11-14,44915,6cc5512f6e5cee1db9917fd53612bad7,True,45
amcu:3269,amcu,451-р,2024-11-14,87393,9b616eee8af653d1d1fe1f5b6a35bded,True,85
amcu:327,amcu,843-р,2019-12-24,68656,65536782caf354b2741263a97b34536b,True,68
amcu:3270,amcu,452-р,2024-11-14,57811,af424c4ba8885823f7067a9dbf187e9e,True,58
amcu:3271,amcu,453-р,2024-11-14,30432,58435ae79aabc6b14581773176dc6717,True,31
amcu:3272,amcu,454-р,2024-11-14,14400,a5cf4a1e5a8f77683ccab31dfa614550,True,15
amcu:3273,amcu,455-р,2024-11-14,17452,ebe444e6e1a0a2475a067876cd020591,True,17
amcu:3274,amcu,456-р,2024-11-21,3215,0dfad66f26d9dd490c94f54861002d7a,True,3
amcu:3275,amcu,457-р,2024-11-21,5600,46a783ab505fad3a7fa6a4caa4f896b6,True,6
amcu:3276,amcu,458,2024-11-21,2449,6ecb5ab23b269fa348517d91a14fe457,True,3
amcu:3277,amcu,459-р,2024-11-21,4109,c73c141c9dea22e11d9169b573e4de87,True,4
amcu:3278,amcu,460-р,2024-11-21,3039,8f50d4feac94166e9ddaa601b1437102,True,3
amcu:3279,amcu,461-р,2024-11-21,3529,0e176634214d0e036a8d275d3bfdedab,True,4
amcu:328,amcu,844-р,2019-12-24,46212,f4cdd5e8ebd492c112bc3f1aa48828fe,True,46
amcu:3280,amcu,462-р,2024-11-21,24223,2afb7dac19d6340dfb0bac5fe52ff3b8,True,23
amcu:3281,amcu,463-р,2024-11-21,63838,e8d017d09ece193f439b565678298841,True,62
amcu:3282,amcu,464-р,2024-11-21,109461,1bd6a7ac1f07f41c83bfb43350c4fcfd,True,109
amcu:3283,amcu,465-р,2024-11-21,27254,7964f6473b9c36f0694738834d7ed349,True,27
amcu:3284,amcu,466-р,2024-11-21,18096,8a054234a1de26fa1f56e84e09b1b6e2,True,18
amcu:3285,amcu,467-р,2024-11-21,26664,2e62011ff2a56c8e0f2ddf8afcdf26b5,True,27
amcu:3286,amcu,468-р,2024-11-21,11994,ba7ad55d51819e4c7ed25e81a7e54a2f,True,12
amcu:3287,amcu,469-р,2024-11-28,19848,89ea57de39bc7fc70f1a1b8607fbf91e,True,19
amcu:3288,amcu,470-р,2024-11-28,23217,f29cd3a467a475db9aaacbafa89cafb6,True,23
amcu:3289,amcu,471-р,2024-11-28,2026,32dff51f9edaf3932c9dbd8398fa82bf,True,2
amcu:329,amcu,845-р,2019-12-24,40830,ba7c60c378524e74abd98e270b4252b3,True,41
amcu:3290,amcu,472-р,2024-11-28,9952,b235674ed106c63dd2ad34a4436e0551,True,10
amcu:3291,amcu,473-р,2024-11-28,3538,6f41eebb502e8eaee7b820a8412cb097,True,4
amcu:3292,amcu,474-р,2024-11-28,3356,30a5211951d0e58c6fb77e121a5f7f36,True,3
amcu:3293,amcu,475-р,2024-11-28,3415,cb9da5d6fe36e2ac4b6d92d3f8cb7401,True,3
amcu:3294,amcu,476-р,2024-11-28,3451,1d958193245b5cf8b8a936a18805fba1,True,3
amcu:3295,amcu,477-р,2024-11-28,137944,acc21c4a28ca07a0a935a4a6cae146b9,True,135
amcu:3296,amcu,478-р,2024-11-28,24571,eae22e4fc0a31e3486d91d892aa1576b,True,24
amcu:3297,amcu,479-р,2024-11-28,91706,dc72ba2b1ed2767fbe97e78ca768e8a8,True,92
amcu:3298,amcu,480-р,2024-11-28,22688,ecb40250095ff389500f365268370b1e,True,23
amcu:33,amcu,952-р,2025-12-04,8865,f415dbd6890807405454ae5fac0c9ef9,True,9
amcu:330,amcu,846-р,2019-12-24,39967,c393c849c4b99945ea16de50583d73e8,True,40
amcu:3300,amcu,6,,12979,87b93b7ba890b8f2569d55ba269ce008,True,13
amcu:3301,amcu,10-р,2024-02-01,3104,e740d4ac31553fa68bbcf32b0e8c0876,True,3
amcu:3302,amcu,11-р,2024-02-01,3582,c92866f4068a6934eff195fdfa160c0f,True,4
amcu:3303,amcu,12-р,2024-02-01,3775,9e0a5cb537de12e4b83766a6d84886cf,True,4
amcu:3304,amcu,13-р,2024-02-01,3769,48c5abf4a3f01890908094214797326b,True,4
amcu:3305,amcu,14-р,2024-02-01,3193,7afbc6ff9f136a26775f35f077ae5e79,True,3
amcu:3306,amcu,15-р,2024-02-01,3206,d6721b1028c8aebc6ae21f695c73a699,True,3
amcu:3307,amcu,16-р,2024-02-01,7392,6dd8a5c2e57957ee841b12c2954a9f3b,True,7
amcu:3308,amcu,17-р,2024-02-08,42169,9ef68bd05252d5b8f9088e0ede968c1a,True,41
amcu:3309,amcu,18-р,2024-02-08,41863,1e06e10083105114c9551fd7e0b27495,True,41
amcu:331,amcu,847-р,2019-12-26,2022,b8adbae2ce9049dfab39197ffbe7b83c,True,2
amcu:3310,amcu,19-р,2024-02-08,42009,6bb43b37cd559675c4b1774642c81f0b,True,41
amcu:3311,amcu,20-р,2024-02-08,42055,8979ddd66b9583baefea0547b7466953,True,41
amcu:3312,amcu,21-р,2024-02-08,42147,e60f3cfc36b309fe7bad8f0af0017b41,True,41
amcu:3313,amcu,22-р,2024-02-08,41917,f5b0ecc29eeb17ec9b14c29e73a1a8b9,True,41
amcu:3314,amcu,23-р,2024-02-08,42014,3616d515c27b86c067a59c2e55de2725,True,41
amcu:3315,amcu,24-р,2024-02-08,41947,62d9766e8ea57d1475a9963bc8af7ea9,True,41
amcu:3316,amcu,25-р,2024-02-08,41916,1e0830c6e189d42b2fe49abfd27a2739,True,41
amcu:3317,amcu,26-р,2024-02-08,41845,c5ee5a76732132dcd882b5c54843723e,True,41
amcu:3318,amcu,27-р,2024-02-08,41930,24b29d2f0f438c3383031c8d7f31aea4,True,41
amcu:3319,amcu,28-р,2024-02-08,41900,7d765899528713ae7e367d024be196b9,True,41
amcu:332,amcu,848-р,2019-12-26,2381,8d91d1cd029e7f1a846e67e63e822496,True,2
amcu:3320,amcu,29-р,2024-02-08,41903,6819ed1f1f84892ff20e720e1a09b894,True,41
amcu:3321,amcu,30-р,2024-02-08,42019,fe343daace17dcebc2fbacd533ed8d0c,True,41
amcu:3322,amcu,31-р,2024-02-08,41915,e39ff9b6c7b787e3dc716b0ee8876ced,True,41
amcu:3323,amcu,32-р,2024-02-08,41977,a2e8843c707f2016e19cfdc88a861350,True,41
amcu:3324,amcu,33-р,2024-02-08,42314,22f7b1f9a35b4c2c40cabe3fe7270c8c,True,41
amcu:3325,amcu,34-р,2024-02-08,41922,480093a5070e542f91f0cf5e8ef24c27,True,41
amcu:3326,amcu,35-р,2024-02-08,60310,1f52cb25928bd28b0cff7bb984d2d635,True,59
amcu:3327,amcu,36-р,2024-02-08,40505,e7f60b3804af4a763a635b103f2ead02,True,40
amcu:3328,amcu,37-р,2024-02-08,4991,e9b503d9d8a396105685f3c437e167d3,True,5
amcu:3329,amcu,38-р,2024-02-08,5368,c7e3084c77fc0f49aca16069d61c3542,True,5
amcu:333,amcu,849-р,2019-12-26,5580,948058044321e1c4a4bfb750d651062c,True,6
amcu:3330,amcu,39-р,2024-02-08,5366,d069f360565fef2c3f0143e2e318e2c1,True,5
amcu:3331,amcu,40-р,2024-02-08,5198,4c54cd3d8122a7f8104e195ec3a7b4af,True,5
amcu:3332,amcu,41-р,2024-02-08,4055,6bbc3f6f20582c8d8417fe77e674c530,True,4
amcu:3333,amcu,42-р,2024-02-08,3733,566a101df647fe433fead8639f413a07,True,4
amcu:3334,amcu,43-р,2024-02-08,4343,d09e8c8d4f6f9b6a60bf02c701ef8b15,True,4
amcu:3335,amcu,44-р,2024-02-08,4676,829f490e3c4b18cd8e19ba5e47d6cb55,True,5
amcu:3336,amcu,45-р,2024-02-08,4620,afb9ab980275f31348f4397bb1245593,True,5
amcu:3337,amcu,46-р,2024-02-08,2992,d02d52f8945f78e6773c1d0dcb37ce87,True,3
amcu:3338,amcu,47-р,2024-02-08,4433,5703a1c4022b4281ab0be43f8e414d87,True,4
amcu:3339,amcu,48-р,2024-02-08,3506,a53f3505d5d973ebd5da01f44364f01e,True,4
amcu:334,amcu,850-р,2019-12-26,3565,78ed3c5f8e55e8b7b1c386386acd223c,True,4
amcu:3340,amcu,49-р,2024-02-08,3455,4f412b9d87bae49f4bb1957b38340c90,True,3
amcu:3341,amcu,50-р,2024-02-08,3457,fec34e0064f80f963ced89e7ebf79d28,True,3
amcu:3342,amcu,51-р,2024-02-08,4376,7048e78a8972cbfcd37eb781ab4a419b,True,4
amcu:3343,amcu,52-р,2024-02-08,4192,971730a792f27cd62d82eb792c083164,True,4
amcu:3344,amcu,53-р,2024-02-15,4583,20745cf08b8760b000a8129c5171097d,True,5
amcu:3345,amcu,54-р,2024-02-15,2195,693dc97f305fcf976a1a4c236dd1febe,True,2
amcu:3346,amcu,55,2024-02-15,2875,844fd1a68e346d41f7f1a1cbec4e40c3,True,3
amcu:3347,amcu,56-р,2024-02-22,57350,a51e01408bf8c33af322a981e2ae69a9,True,57
amcu:3348,amcu,57-р,2024-02-22,11372,64431ab5490728bd3663706ed28dbc0d,True,12
amcu:3349,amcu,58-р,2024-02-22,93088,74c933f69e55cc6d6ee6c5b97a3be4f4,True,92
amcu:335,amcu,851-р,2019-12-26,5427,efc954159d23af2f3f805b7c3a6a9041,True,5
amcu:3350,amcu,59-р,2024-02-22,3895,165476f42e687a740485a528fca937e9,True,4
amcu:3351,amcu,60-р,2024-02-22,4121,4691233451cae5fc394ebdebf67e666d,True,4
amcu:3352,amcu,61-р,2024-02-22,3236,c4dc298dc004459bed1164d8828718e5,True,3
amcu:3353,amcu,62-р,2024-02-29,3724,3cbe0a6d25192e388f68b415284531f6,True,4
amcu:3354,amcu,63-р,2024-02-29,4112,19f1f859ba9d6ba166176a1225b85dc3,True,4
amcu:3355,amcu,64-р,2024-02-29,2584,c97a39d9377076ad5935adf809a2f964,True,3
amcu:3356,amcu,65-р,2024-02-29,4128,c5c80944c98ee7ceb4968f3a57dec3a5,True,4
amcu:3357,amcu,29-р,2025-02-06,3550,e9c2e099398dc654347bd7af3809af10,True,4
amcu:3358,amcu,30-р,2025-02-06,2964,91b3a533495ea23d04f78ab8d55d9b48,True,3
amcu:3359,amcu,31-р,2025-02-06,5423,0f42a290bdd7157ef6c3c86323cda2aa,True,5
amcu:336,amcu,852-р,2019-12-26,4773,0d8c2c9d8de390aeb5dcfabcb0f0dc8c,True,5
amcu:3360,amcu,32-р,2025-02-06,2867,56c37651ea73cf014e64544bc86f077b,True,3
amcu:3361,amcu,33-р,2025-02-06,3778,c5948f4a1936ae4a6b053a78abf6dbc4,True,4
amcu:3362,amcu,34-р,2025-02-06,2770,01ce8ef106e6c4dd601d81ae67eacd14,True,3
amcu:3363,amcu,35-р,2025-02-06,2418,47228ca61696a066dc097470ac7cb46f,True,2
amcu:3364,amcu,36-р,2025-02-06,2431,461ac0c06315fc709c8b4e91b50a988d,True,2
amcu:3365,amcu,37-р,2025-02-06,2381,9f2d67f38027afeef54bccf70e44a60c,True,2
amcu:3366,amcu,38-р,2025-02-06,2857,d48694ed2dd7935d8732ab47f39d00ae,True,3
amcu:3367,amcu,39-р,2025-02-06,3263,0732ba83dbcb8201f7acadf26f40412c,True,3
amcu:3368,amcu,40-р,2025-02-06,3437,2d92177812305c0b8c53a194cca7c777,True,3
amcu:3369,amcu,41-р,2025-02-06,3349,1970b7b45e4a1a9541b1eec8ea5fbca3,True,3
amcu:337,amcu,853-р,2019-12-26,2189,9bd6ad7dc9023d2a528d318e3e09f1bf,True,2
amcu:3370,amcu,42-р,2025-02-06,68954,2934545601874fd8786f4972bbd64ae2,True,68
amcu:3371,amcu,43-р,2025-02-13,3693,b8a33cb603035b2d295ffd356426047b,True,4
amcu:3372,amcu,44-р,2025-02-13,3611,40e59b177f8f80c200b9f4fe097cde21,True,4
amcu:3373,amcu,45-р,2025-02-20,3251,d0595151a9c43838087b6459a9fcb6f3,True,3
amcu:3374,amcu,46-р,2025-02-20,4434,bd4a6d1d1642682f35de4caea3e318fd,True,5
amcu:3375,amcu,47-р,2025-02-20,2642,0ea4a2fec4b53c5ee86f4c24f61ad5bf,True,3
amcu:3376,amcu,48-р,2025-02-20,49894,912f1581e62f95af9c4efab02438ead2,True,50
amcu:3377,amcu,49-р,2025-02-20,76309,c25463cf446218f86a01901148f23aaa,True,76
amcu:3378,amcu,50-р,2025-02-20,47900,71e911325468c8fabdbda5f5f76482e7,True,48
amcu:3379,amcu,51-р,2025-02-27,4687,9d87d2cf6b55f7353238b0214b76a693,True,5
amcu:338,amcu,854-р,2019-12-26,2105,b91fe2d6176d5401c313d994c7676137,True,2
amcu:3380,amcu,52-р,2025-02-27,2634,aa4180fbcc691ce00815daabcb84d847,True,3
amcu:3381,amcu,53-р,2025-02-27,2306,1c73ebd02fde2f67730ed93ad7bbd1d1,True,2
amcu:3382,amcu,54-р,2025-02-27,116003,b8f30ca46bc83e050f5843782c7d70e4,True,116
amcu:3383,amcu,55-р,2025-02-27,23939,3a3d21242590e9fc9ba23ade7270b8e5,True,24
amcu:3384,amcu,,2021-10-07,30284,19eccebe62f257a0d9b7e8a5b5804b3b,True,30
amcu:3385,amcu,29-рк,2020-07-02,27311,8b59a20b2f1f3f1443a6f0cbaf78eecd,True,27
amcu:3386,amcu,30-рк,2020-07-10,16901,07686716949a6f47a77e9478c227acd5,True,17
amcu:3387,amcu,31-рк,2020-07-10,16859,18e111b597809c0178fda23d9a607025,True,17
amcu:3388,amcu,32-рк,2020-07-10,16132,c691f8fbbbda2edd569be0321f9512b8,True,16
amcu:3389,amcu,33-рк,2020-07-10,12631,7da19636b798f9cb8b97c142d0ba7503,True,13
amcu:339,amcu,855-р,2019-12-26,2411,50412990109b0f5ab963d164ab2c6c75,True,2
amcu:3390,amcu,416-р,2020-07-02,4702,2c6e97181c16fa111efaeca5878e4482,True,5
amcu:3391,amcu,417-р,2020-07-02,3746,f8dd5550230dbb3a4727a6ac4658c0a6,True,4
amcu:3392,amcu,418-р,2020-07-02,3870,7ab0b7398699b01cce3ae722ad891ce5,True,4
amcu:3393,amcu,419-р,2020-07-02,4529,1acc5c78935418cd4bab9b925db105fb,True,5
amcu:3394,amcu,420-р,2020-07-02,57213,60b451e2b09b84d72b7f008f1dce1ae0,True,54
amcu:3395,amcu,421-р,2020-07-02,39506,1e4eee7e0279410052c98b270b79b4aa,True,40
amcu:3396,amcu,422-р,2020-07-03,73853,f7d1c02d6dbea7e7009db5f9f1cb2015,True,74
amcu:3397,amcu,423-р,2020-07-03,72576,9a954cbb28bf648f171ec721d5c23746,True,72
amcu:3398,amcu,424-р,2020-07-03,118354,bfbd3125d81efa52cceec2d7218d395e,True,118
amcu:3399,amcu,425-р,2020-07-03,13498,00b3998a3eddde0e44783b72e8e4a194,True,13
amcu:34,amcu,953-р,2025-12-11,53955,e29642b42490c6500744ec19614fc53d,True,53
amcu:340,amcu,856-р,2019-12-26,2409,a9510799b14d957441580f77b9d03450,True,2
amcu:3400,amcu,426-р,2020-07-10,3602,15539d082a0ee801aed584d9fd2853ef,True,4
amcu:3401,amcu,427-р,2020-07-10,2395,48180b68e14abf6b9bd4d534abb5f0af,True,2
amcu:3402,amcu,428-р,2020-07-10,2508,e64850f75e73171ca01f975af4033eb1,True,3
amcu:3403,amcu,429-р,2020-07-10,2490,8709a539c729a04561dd144f7a03b3da,True,2
amcu:3404,amcu,430-р,2020-07-10,49149,f3d0e56e70a5da84e9fc3b90ae2744cb,True,49
amcu:3405,amcu,431-р,2020-07-10,47346,534a430c96fe32e8ace151363a5a5ddf,True,47
amcu:3406,amcu,432-р,2020-07-10,15757,f33ce14f8a082114ab8f16dcabe39e72,True,15
amcu:3407,amcu,433-р,2020-07-10,75913,eecee7bfa81f524091370507b100ad67,True,75
amcu:3408,amcu,434-р,2020-07-10,37955,4b3ba7c32ff6fb2aeae3e9c70954ee56,True,38
amcu:3409,amcu,435-р,2020-07-17,37581,5240e9e95f14d3916a6d0f45d924e0e5,True,37
amcu:341,amcu,857-р,2019-12-26,2106,14828f481e618f24df9242f19d1979ea,True,2
amcu:3410,amcu,436-р,2020-07-17,33169,22619e5c88bc89fca2e100ece966435c,True,33
amcu:3411,amcu,437-р,2020-07-17,32518,ccea9261fc366b8eba0b2880e4a7ece9,True,32
amcu:3412,amcu,438-р,2020-07-17,70027,d30bd01b2f11f9f379578cb03858d90c,True,70
amcu:3413,amcu,439-р,2020-07-17,2243,064a4c4297ca35f1f6de73e3ec9f1b1f,True,2
amcu:3414,amcu,440-р,2020-07-17,6381,3e7250f307322af1cc19ff0f656ebb7f,True,6
amcu:3415,amcu,441-р,2020-07-17,3003,cb0a8a2557a27bd0f19b7aa47776aec2,True,3
amcu:3416,amcu,442-р,2020-07-17,2417,9c94f0a8a847a608585ceec1abb06953,True,2
amcu:3417,amcu,443-р,2020-07-17,2230,471191a06ae21657366f1f8dd4b02f31,True,2
amcu:3418,amcu,444-р,2020-07-17,2429,df0c06fe2d60229dc7a3f90ace9a3f20,True,2
amcu:3419,amcu,445-р,2020-07-17,2094,9f8c325d9cb8127049a5c22acbe77814,True,2
amcu:342,amcu,858-р,2019-12-26,2626,d1918f952a76cf7b0545053a093dc01f,True,3
amcu:3420,amcu,446-р,2020-07-17,2744,20f61efb211c8e2a2e3b74a2711934f0,True,3
amcu:3421,amcu,447-р,2020-07-17,3680,1a3a33dfc556ec745b4773deab707b9a,True,4
amcu:3422,amcu,448-р,2020-07-17,3697,46ed4b106a4bdae0d8d56d72819aba64,True,4
amcu:3423,amcu,449-р,2020-07-17,15019,7d993263cdc5c3fe6fe15a84445d0c41,True,15
amcu:3424,amcu,450-р,2020-07-17,14832,a05499a8bba5e21598fc29a249270343,True,15
amcu:3425,amcu,451-р,2020-07-17,33097,9753fcbaa8e93730fa9db675eb7a05b3,True,33
amcu:3426,amcu,452-р,2020-07-17,31454,124439fb80d8802e789a593072f31107,True,31
amcu:3427,amcu,453-р,2020-07-23,29619,3c24174dc7a4c0bf4afa007d3477fb0d,True,30
amcu:3428,amcu,454-р,2020-07-23,45681,d0ca4c75f1fab5778be1c5b8c804795f,True,45
amcu:3429,amcu,455-р,2020-07-23,210247,e9685140da2cc0b79020d82681b2cb79,True,208
amcu:343,amcu,859-р,2019-12-26,2402,4acd875f7b21e00a0b2b42745ff55a47,True,2
amcu:3430,amcu,456-р,2020-07-30,6216,6bce4f1f4d3cfd58e92169fb1fe683a7,True,6
amcu:3431,amcu,457-р,2020-07-30,4647,87cfb8e2ca841979941e589f36b26252,True,5
amcu:3432,amcu,458-р,2020-07-30,5457,9bf4626f7d9f111db76390b909307a04,True,5
amcu:3433,amcu,459-р,2020-07-30,5067,7a6a63d14d528ff7047ae0b4e995760a,True,5
amcu:3434,amcu,460-р,2020-07-30,4232,2dee4dacbad7de3a94f9294235977c4f,True,4
amcu:3435,amcu,461-р,2020-07-30,15737,63e050fadb7cee0128017411efc7b4aa,True,16
amcu:3436,amcu,462-р,2020-07-30,14675,3171461677bba1c48d7e41c96ed4913d,True,15
amcu:3437,amcu,463-р,2020-07-30,14352,ff9e290920243347c4ecd9f55d978619,True,14
amcu:3438,amcu,464-р,2020-07-30,28765,6b43f81ee71e8f2471df38c4c4e9ac3b,True,29
amcu:3439,amcu,465-р,2020-07-30,52160,9505d59bc42bbfafcdce6102018bd85b,True,52
amcu:344,amcu,860-р,2019-12-26,2341,36e3d7fac8cd70dedb3d0660771968a2,True,2
amcu:3440,amcu,466-р,2020-07-30,74812,226b4c4046aca7b9c5e711899d92fbe0,True,74
amcu:3441,amcu,467-р,2020-07-30,61610,353e49251fe1d1a843e3f72853108415,True,61
amcu:3442,amcu,468-р,2020-07-30,20995,194720d7b76af9156eed6c7fbf7324f1,True,20
amcu:3443,amcu,469-р,2020-07-30,144219,e55fe75aa0ab158a913311150e3d1635,True,142
amcu:3444,amcu,5-рк,2025-08-14,28753,4fd8c4a567154b6c6bd1e6174a5c1e34,True,29
amcu:3445,amcu,206-р,2019-04-10,22952,46d057f151ae26b0c6e937fe3998d15e,True,23
amcu:3446,amcu,207-р,2019-04-10,29833,7c42e1cfc33bf8ad93bf89506994d09f,True,29
amcu:3447,amcu,208-р,2019-04-10,28550,6c2051e379ab9fdb7006c1c2e616c711,True,28
amcu:3448,amcu,209-р,2019-04-10,29697,bc3003edbfb5af6646be8aee4a15a8a5,True,29
amcu:3449,amcu,210-р,2019-04-10,31499,c71fb6272c0a0ec035f271298d1c2df1,True,31
amcu:345,amcu,861-р,2019-12-26,38958,58ef3048aff9ac7c3eefc85929d3fa01,True,39
amcu:3450,amcu,211-р,2019-04-10,26782,6b79ef79eabbe066ce2cecdeaa9309ca,True,26
amcu:3451,amcu,212-р,2019-04-10,26994,8a1078a0a635e8650533d5ecd0c937a8,True,26
amcu:3452,amcu,213-р,2019-04-10,22687,c64de445a08393355a8df8d6ea478405,True,22
amcu:3453,amcu,214-р,2019-04-10,23808,1b55fd7ca6694fd67df674ddb92c0b13,True,24
amcu:3454,amcu,215-р,2019-04-10,22764,bcb9aef3fcd4effa3536c381ad39bcdf,True,23
amcu:3455,amcu,216-р,2019-04-10,22931,a752b5502cf24ef2bd0a19bd50b6844d,True,23
amcu:3456,amcu,217-р,2019-04-10,31984,1ee3d70cf3086ebcb92836b67803658e,True,32
amcu:3457,amcu,218-р,2019-04-10,21753,4ec932928e69f01fe6dc618377467190,True,22
amcu:3458,amcu,219-р,2019-04-10,20745,9b91ba246029633b682fd8cd6ce1f39e,True,21
amcu:3459,amcu,220,2019-04-10,38006,e4f24c9c9e83a383953478e5ae3c7c1f,True,38
amcu:346,amcu,862-р,2019-12-26,82252,0a48e70c8250d4536ef2b0dc189699a0,True,82
amcu:3460,amcu,411-р,2019-06-11,18022,70ae3d3a43236e89fdee46a8b2d162d3,True,18
amcu:3461,amcu,412-р,2019-06-11,17487,b327c646feafeb95f5e2aa006528a5cb,True,17
amcu:3462,amcu,413-р,2019-06-11,15009,b07493ce2e818f5dd8cfd856a26d81b9,True,15
amcu:3463,amcu,414-р,2019-06-11,29927,2359cc87a3086f6a0e27ef8de8e0306f,True,30
amcu:3464,amcu,415-р,2019-06-11,29599,10aa377a06019ca15c442817aa582d68,True,29
amcu:3465,amcu,416-р,2019-06-11,34761,52f02f40fdc84f44f4713de6bbc178e6,True,34
amcu:3466,amcu,417-р,2019-06-11,39107,b9cd33892848ffa4a2505502572bf781,True,39
amcu:3467,amcu,418-р,2019-06-11,39086,76184d2ae5a0b997fc88e87de61d1f3c,True,39
amcu:3468,amcu,419-р,2019-06-11,18563,67cc52432c1f8f2acc26c3822fe8e1c8,True,18
amcu:3469,amcu,420-р,2019-06-11,64755,fae003b4817beb4849fa94c54fc08e3a,True,64
amcu:347,amcu,863-р,2019-12-28,65078,b0ba8c5f8cc3bf38c2e6e71bdb8d0848,True,65
amcu:3470,amcu,421-р,2019-06-11,44839,cf1438858282beb3dd7bdce17663de1a,True,44
amcu:3471,amcu,698-р,2019-10-17,3321,22e45acb8d73747dbfb84ad27dd6dc25,True,3
amcu:3472,amcu,699-р,2019-10-17,40807,bc404453829ade11679b2c16c091a80e,True,41
amcu:3473,amcu,2-рк,2026-04-23,12864,98f07ec068110f2b8d6802041c1959cb,True,13
amcu:3474,amcu,3-рк,2026-04-30,30003,59ce9edcfa05fd6f31a2ffd4a0e918fa,True,30
amcu:3475,amcu,4-рк,2026-04-30,29698,091e5ea5a033416e9c5920f113928bc4,True,30
amcu:3476,amcu,5-рк,2026-04-30,29879,54b9e593b0ef315e74d1fe02c8ef2c59,True,30
amcu:3477,amcu,6-рк,2026-04-30,41147,ba7c1f28e5e681321c10614d69faf15b,True,40
amcu:3478,amcu,270-r,2019-04-22,57013,ec9bd4cbe1450188fe794c7097580aea,True,56
amcu:3479,amcu,391-р,2021-07-01,3782,6efc2843bf0155013c3fc6f884d1dcb3,True,4
amcu:348,amcu,864-р,2019-12-28,88198,1c1d20e1f75e24eb680b6c37a25f8a67,True,87
amcu:3480,amcu,392-р,2021-07-01,3746,57ab21711f6e3e97c18eeedac16f659f,True,4
amcu:3481,amcu,393-р,2021-07-01,3529,26afbf00d6ed7e124c1d6dc0b7db2818,True,4
amcu:3482,amcu,394-р,2021-07-01,3640,c72017144f9340d62576595652c99994,True,4
amcu:3483,amcu,395-р,2021-07-01,4033,b00569780cbe52f6afcd51b1a593f960,True,4
amcu:3484,amcu,396-р,2021-07-01,3988,ef1f4eb2c61de8b6fe6cd056b23fa853,True,4
amcu:3485,amcu,397-р,2021-07-01,4002,f25d456d7711b40c2c9f9e398344c6f7,True,4
amcu:3486,amcu,398-р,2021-07-01,3895,4fab92b98fae94b1e98805c4d783167d,True,4
amcu:3487,amcu,399-р,2021-07-01,3979,2a94c1a23919f35d56140451a754fa84,True,4
amcu:3488,amcu,400-р,2021-07-01,4014,ecc1c94d067bb2e85c4a0d29decb2a70,True,4
amcu:3489,amcu,401-р,2021-07-01,4396,1ce1f323299b35cd8c9fe0c5780c0ed9,True,4
amcu:349,amcu,865-р,2019-12-28,74495,ed6ccc0349cfaa99591fdbdadcbd8ec7,True,73
amcu:3490,amcu,402-р,2021-07-01,13797,f90eba0802423804e6d70b437837a111,True,14
amcu:3491,amcu,403-р,2021-07-01,14056,f7f3f6be52b192e1a696bd34161979ff,True,14
amcu:3492,amcu,404-р,2021-07-01,14369,8b1fc2228264833e716b586adbcd3366,True,14
amcu:3493,amcu,405-р,2021-07-01,14774,b75966661113c1a809513be874ad2eaa,True,15
amcu:3494,amcu,406-р,2021-07-07,3207,7af45fe690069d341dfac227541b918a,True,3
amcu:3495,amcu,407-р,2021-07-07,5278,517e796ebed6ecfadfc094ba37adda33,True,5
amcu:3496,amcu,408-р,2021-07-07,4867,1ccf6fc1bb5dd0a494b5eaa94164f64f,True,5
amcu:3497,amcu,409-р,2021-07-07,4229,c6e12ecb1a51f90f4770f310c648553d,True,4
amcu:3498,amcu,410-р,2021-07-07,47494,55bee48ee18791d1f3563831a09cd0a9,True,47
amcu:3499,amcu,411-р,2021-07-07,57469,1571afc923c861e3856b308314eece8a,True,57
amcu:35,amcu,954-р,2025-12-11,88674,29069251643c5967d100da4c305399ce,True,87
amcu:350,amcu,584-р,2019-09-05,2442,c2961b121e9aa5e6e86f07257f05ac54,True,2
amcu:3500,amcu,412-р,2021-07-07,123347,0800f9e5c73f24b0595ac6ca7ddae817,True,123
amcu:3501,amcu,413-р,2021-07-15,4358,56459d5760f89ce0ce548e2f7907fafc,True,4
amcu:3502,amcu,414-р,2021-07-15,4505,b4f1875af405a46cb2bdf422526285ce,True,5
amcu:3503,amcu,415-р,2021-07-15,4774,5cbc7ccdf6464a4bf00c6e1847e8a16d,True,5
amcu:3504,amcu,416-р,2021-07-15,4706,722740450ac01b2b62b853131f289d40,True,5
amcu:3505,amcu,417-р,2021-07-15,4945,6348af3ca76ee649628e300e8634223c,True,5
amcu:3506,amcu,418-р,2021-07-15,4889,46a1286a232834b3deeaeaede7d2fee9,True,5
amcu:3507,amcu,419-р,2021-07-15,4823,da0fe473d41190a639ab64eb10c0900f,True,5
amcu:3508,amcu,420-р,2021-07-15,4820,0bf0de72ab9e14994a2c8c8b892da0f6,True,5
amcu:3509,amcu,421-р,2021-07-15,4829,15f3bf0a2769b7079aeacdfad17b228a,True,5
amcu:351,amcu,585-р,2019-09-05,3850,c397a5eab0b8476bca6d181e6eebcf54,True,4
amcu:3510,amcu,422-р,2021-07-15,4811,c027c5984549d5948bbce1e6f4ad885d,True,5
amcu:3511,amcu,423-р,2021-07-15,4719,48a164f5bc3cdc487fabbf131081d5f6,True,5
amcu:3512,amcu,424-р,2021-07-15,4829,9f8a4b2903a464213a76c0aefe35e6b1,True,5
amcu:3513,amcu,425-р,2021-07-15,4808,868c4099f1ce3b632a6229a0b45e4053,True,5
amcu:3514,amcu,426-р,2021-07-15,4946,4bedbb0c787e19cf9af74bf31febc1d9,True,5
amcu:3515,amcu,427-р,2021-07-15,3273,4186cdaefdf19654690d79266883220e,True,3
amcu:3516,amcu,428-р,2021-07-15,3236,7f68e12b662a920c9b01fbe9f5979271,True,3
amcu:3517,amcu,429-р,2021-07-15,3322,72594c1d5376442f345b284ca862f887,True,3
amcu:3518,amcu,430-р,2021-07-15,3229,5208e54e5f5291532e61f39a37afdc48,True,3
amcu:3519,amcu,431-р,2021-07-15,3264,2850cb4a08104009dca2528fe5e5b553,True,3
amcu:352,amcu,586-р,2019-09-05,3407,a045229d4d14cbe71bd861bf7bf56660,True,3
amcu:3520,amcu,432-р,2021-07-15,3116,32bc8cd1d3eb389a2eefbcce47c3fb7f,True,3
amcu:3521,amcu,433-р,2021-07-15,5842,109c862ff777ba28c03361613e3e35f3,True,6
amcu:3522,amcu,434-р,2021-07-15,6215,abb2083b0aeaaa444260cf5c770c81f3,True,6
amcu:3523,amcu,435-р,2021-07-15,31689,de0cc4cd59c9dbd0309386afa446c775,True,31
amcu:3524,amcu,436-р,2021-07-22,18624,20893464b41bab129166c3ed5b8a6e6d,True,18
amcu:3525,amcu,437-р,2021-07-22,65141,65facdfe9248c5a860e99e28deffb747,True,65
amcu:3526,amcu,438-р,2021-07-22,29301,bda99491fed045c9e6a415e361946e10,True,29
amcu:3527,amcu,439-р,2021-07-22,1928,025305e3f581d77f81af8a44d8286518,True,2
amcu:3528,amcu,440-р,2021-07-22,3415,f3cd342558e9efe74b9e1e8bcbaee4fc,True,3
amcu:3529,amcu,441-р,2021-07-22,4420,06cc2cc0d15b70547355e82a385d867f,True,4
amcu:353,amcu,587-р,2019-09-05,3814,f4486149c87a8b1f70641b1bacd16980,True,4
amcu:3530,amcu,442-р,2021-07-22,2632,e852130466c5df67756a3027dbec0df6,True,3
amcu:3531,amcu,443-р,2021-07-29,4589,3c93b7882bfae31ad2d5ddcea9992d8e,True,5
amcu:3532,amcu,444-р,2021-07-29,3459,9762449707351c038cadb0278d9da517,True,3
amcu:3533,amcu,445-р,2021-07-29,3745,72d7d6df2d85585a40e4e00b8379467a,True,4
amcu:3534,amcu,446-р,2021-07-29,2683,3eca9f72c8e3631790bb9443e08567e5,True,3
amcu:3535,amcu,447-р,2021-07-29,4346,cf08daef4c6f2ff8e555058f9a5bb3dd,True,4
amcu:3536,amcu,448-р,2021-07-29,9083,853acb4f6e16f9c196b30a1a11eecb4b,True,9
amcu:3537,amcu,449-р,2021-07-29,2897,9dbe9ffea01b304c3c0a0e3bdef12d2a,True,3
amcu:3538,amcu,379-р,2019-06-05,33209,561d7575d7d9d07ae979329780aee7a4,True,33
amcu:3539,amcu,380-р,2019-06-05,28858,6f38bd623abde748349e5c77f67f570c,True,29
amcu:354,amcu,588-р,2019-09-05,3239,609ed1cc134fb283dd25e6cc6ba80c1f,True,3
amcu:3540,amcu,381-р,2019-06-05,36453,4d095ba5d39ca81f2430142f10b44a20,True,36
amcu:3541,amcu,382-р,2019-06-05,20310,6f3c3a6ae943c5dc1902a0b84b0e0c82,True,20
amcu:3542,amcu,383-р,2019-06-05,89007,3b65a8e3a95c3d47cd31e78f8ac32143,True,88
amcu:3543,amcu,384-р,2019-06-05,30962,d6d462bc15d2fc4490fecd36ab9ef897,True,30
amcu:3544,amcu,385-р,2019-06-05,96852,a4cd46a6bd5262bec932a3adc8f84fb3,True,96
amcu:3545,amcu,386-р,2019-06-05,90613,56d77dd6931c54cc2fe0efb76953a623,True,90
amcu:3546,amcu,387-р,2019-06-05,93146,d519f683614f93efbb33c8f4935a8d13,True,92
amcu:3547,amcu,388-р,2019-06-05,91223,599197a428448fc497cc3bab2abfc242,True,90
amcu:3548,amcu,389-р,2019-06-05,94434,f8d474d012091a0794464db0df4ce68a,True,94
amcu:3549,amcu,390-р,2019-06-05,68502,0de2e4d675706564cd2ac96fea8a36fb,True,68
amcu:355,amcu,589-р,2019-09-05,3038,5559c46f4a95e348480f8e33d66fdca2,True,3
amcu:3550,amcu,391-р,2019-06-05,45578,559c4fa31e3b26f0472cf6e8b2af9b14,True,45
amcu:3551,amcu,5,,2372,c67418b32ddad5a21544a36d75e75de9,True,2
amcu:3553,amcu,164-r,2019-03-18,3888,7f93b9c186ad560264ce0d0899c5ad81,True,4
amcu:3554,amcu,231-р,2025-06-05,3681,3827bb84c577811b6df9895d15adf0e9,True,4
amcu:3555,amcu,232-р,2025-06-05,3398,ebefc7c93caf852d70e687115f3fc79c,True,3
amcu:3556,amcu,233-р,2025-06-05,3484,58767351a1f828b455e399fdac525b8a,True,4
amcu:3557,amcu,234-р,2025-06-05,3228,0a754c093cb565419c86d80b54ccec12,True,3
amcu:3558,amcu,235-р,2025-06-05,15134,feadc166cac76aaf9299526e09fac1f4,True,15
amcu:3559,amcu,236-р,2025-06-05,16719,fd278eadb4c14cd7e0fd0aa4b9f31c40,True,17
amcu:356,amcu,590-р,2019-09-05,3046,5aef5db99ad9be23f784354831b7f8a2,True,3
amcu:3560,amcu,237-р,2025-06-05,87904,09803d2421b645e2a320b3481c06ff0c,True,86
amcu:3561,amcu,238-р,2025-06-05,52521,808dea1351b74b29518e49f285fa6317,True,53
amcu:3562,amcu,239-р,2025-06-12,20191,02f3cd90c1640488bca20874054d2a80,True,19
amcu:3563,amcu,240-р,2025-06-12,141697,1309276d3b8e10caf2e4859a834be5a4,True,141
amcu:3564,amcu,241-р,2025-06-12,4180,ffb39b679647a1947841f5a45f09733f,True,4
amcu:3565,amcu,242-р,2025-06-12,4186,8528c74246ae4117da6e740f88ed53a0,True,4
amcu:3566,amcu,243-р,2025-06-12,3466,aadba09806acfff64ee4b32c03b46e92,True,3
amcu:3567,amcu,244-р,2025-06-12,3476,8a10754d2e940b33112105d94f576275,True,3
amcu:3568,amcu,245-р,2025-06-12,41094,463292edfe32394658a06aa0e88b789f,True,41
amcu:3569,amcu,246-р,2025-06-19,4459,d93db160f3b5110657e9ad2afed280a2,True,4
amcu:357,amcu,591-р,2019-09-05,3258,63cbba441d03c0a4a620e59ca39b3ee3,True,3
amcu:3570,amcu,247-р,2025-06-19,3817,cfef3e6d9a988eda32895188cc9c14c5,True,4
amcu:3571,amcu,248-р,2025-06-19,4069,ad9493c51db0aa5dee055e1cb6386409,True,4
amcu:3572,amcu,249-р,2025-06-19,5254,c4e85fabf3a96ab2a5bcb1c6159660bc,True,5
amcu:3573,amcu,250-р,2025-06-19,32145,535d66e5f514f9f949b8ab0a4ada2106,True,32
amcu:3574,amcu,251-р,2025-06-19,33907,78ea6573ce2255c679f0fc41d15c44a0,True,33
amcu:3575,amcu,252-р,2025-06-19,81364,6bf609840d14f8928011375b8146ac0b,True,78
amcu:3576,amcu,253-р,2025-06-26,2187,7b126faca31e26cdb8edef857acfbd55,True,2
amcu:3577,amcu,254-р,2025-06-26,3521,01195cdd608b926e2d56f13bac9dca0a,True,4
amcu:3578,amcu,255-р,2025-06-26,3479,439a6b3a8a5eef505d926db842607393,True,4
amcu:3579,amcu,256-р,2025-06-26,3481,d33a5d211aeefd8404a163f467b4fec4,True,4
amcu:358,amcu,592-р,2019-09-05,3070,3f75d50b1f1b818b6111e41dd15b152c,True,3
amcu:3580,amcu,257-р,2025-06-26,3180,3655a626604b39ff25202a7482958b1f,True,3
amcu:3581,amcu,258-р,2025-06-26,17083,74d108e80fec8838d52f622c1d596eab,True,17
amcu:3582,amcu,259-р,2025-06-26,17869,c35bc07803772c2429716d616c581d4f,True,18
amcu:3583,amcu,260-р,2025-06-26,17448,79afd95c5963cc5f7787f5638baf6963,True,17
amcu:3584,amcu,271-р,2019-04-22,30883,0a9ef8034767da0dc7d41d5dc734a47c,True,31
amcu:3585,amcu,272-р,2019-04-24,21145,d17d9efa8894acc57a2def139ebe9a41,True,21
amcu:3586,amcu,273-р,2019-04-24,27334,cf596f30c4e70fa93d1afe89cd655d1e,True,27
amcu:3587,amcu,274-р,2019-04-24,23884,cc308ffd57da14b68eaa505ff6c55196,True,24
amcu:3588,amcu,275-р,2019-04-24,26175,7d0bc3ceee41235d59f4d2fba7352774,True,26
amcu:3589,amcu,276-р,2019-04-24,47732,0f56877ca83a29172dc204eb3938eff9,True,47
amcu:359,amcu,593-р,2019-09-05,3228,e59b6f79b18263d61c1ceefa33c53f4d,True,3
amcu:3590,amcu,2,2022-09-08,32420,c03d29c640fc6faebf0ad28897bf5ebc,True,32
amcu:3591,amcu,466-р,2021-08-12,1721,90d9a41e88e9e762fa89d4613ed2a6c4,True,0
amcu:3592,amcu,466-р,2021-08-12,9336,d7a30b4eb8d120881a89ecd8a241afab,True,0
amcu:3595,amcu,466-р,2021-08-12,53389,d151898d51ba21e4cb2ee34ecfec3ea3,True,53
amcu:3596,amcu,1-р,2024-01-18,3730,0d3cf96f1cc3edba3832f7ba7665ccc3,True,4
amcu:3597,amcu,2-р,2024-01-18,5493,9be7c78d5282929a841aa058506cd5c9,True,6
amcu:3598,amcu,3-р,2024-01-18,33305,aa9b331aa4b019c57a21a6aaba6e2874,True,33
amcu:3599,amcu,4-р,2024-01-18,41571,ab740e5450adc9019fc5ea72a5f27f8e,True,41
amcu:36,amcu,955-р,2025-12-11,3186,94a98fcbb701f1bc93675d121925aaa9,True,3
amcu:360,amcu,594-р,2019-09-05,3025,743a7de1f0bfb5edc993e53c30daa21d,True,3
amcu:3600,amcu,5-р,2024-01-25,3074,fe6ba406d61d3d4b4952181799bfdf47,True,3
amcu:3601,amcu,6-р,2024-01-25,3827,d20bcd17b7e7b261bb4327b287e4fd10,True,4
amcu:3602,amcu,7-р,2024-01-25,2169,444b5d3161eaef8d306f3706a646d198,True,2
amcu:3603,amcu,8-р,2024-01-25,2179,caa29f73715e1a385b75fa8f687e27aa,True,2
amcu:3604,amcu,9-р,2024-01-25,35762,6fd4ae2d615c5aa9c5fd51bc0d7aacce,True,36
amcu:3605,amcu,56-rk,2019-10-03,23466,199ef4bf78462636f734937625180cf1,True,23
amcu:3606,amcu,138-р,,3424,85820f6de133d9890874560452cb7bb5,True,3
amcu:3607,amcu,140-р,,6156,1258d90fa35c6900403c0e729e32a0c7,True,6
amcu:3608,amcu,141-р,,2138,5b1ac5db57e3bf8d7f28d7962ba6416c,True,2
amcu:3609,amcu,142-р,,3010,df14e439ac3a5ae345f4238cfcad2bf4,True,3
amcu:361,amcu,595-р,2019-09-05,3850,935d5c0c3cef87dd89a7c2ad515a89f4,True,4
amcu:3610,amcu,136-р,2019-03-07,3434,55677a984843ffbf7792a3c9219e1b47,True,4
amcu:3611,amcu,137-р,2019-03-07,3102,0ac4ad8e09826a67b3326b26e8f154cf,True,3
amcu:3612,amcu,139-р,2019-03-07,3457,ef27424ef60165b18e65f09543f91d2e,True,3
amcu:3613,amcu,143-р,2019-03-07,20164,c6dee3f8f464a16e72cc337666e53617,True,20
amcu:3614,amcu,144-р,2019-03-07,33978,95b03803d0eabfd2fa20e04126d29886,True,34
amcu:3615,amcu,145-р,2019-03-07,28929,3d090184b26baece6fe1319d1e3e068c,True,29
amcu:3616,amcu,146-р,2019-03-07,55789,0318883737f16c7595c47f30c8eb7337,True,55
amcu:3617,amcu,371-р,2025-08-07,3005,f179a5885946aa68c0a129cb8d56b82a,True,3
amcu:3618,amcu,372-р,2025-08-07,2865,e13c7c78bb895f6726af25def431880f,True,3
amcu:3619,amcu,373-р,2025-08-07,3193,08a0afadc7b3cf770643fd88ac9754ad,True,3
amcu:362,amcu,596-р,2019-09-05,5006,db9070e9b4e5f54caa656099ad9f0c2d,True,5
amcu:3620,amcu,374-р,2025-08-07,2789,fad79583327237828fc5ec7a6d0480cc,True,3
amcu:3621,amcu,375-р,2025-08-07,2970,4bbf50e47df3ec564bfd0f9a5185f336,True,3
amcu:3622,amcu,376-р,2025-08-07,2955,a7d4b46d96e750bc080742acc7b1b6d7,True,3
amcu:3623,amcu,377-р,2025-08-07,3555,6f2ea9a879dba0aceebe9a256a8b6304,True,4
amcu:3624,amcu,378-р,2025-08-07,5829,bd25dd5860ac3151084e053ccf32d8f1,True,6
amcu:3625,amcu,379-р,2025-08-07,3675,16606dfb114e4e9a2d2a0bda14d00c5b,True,4
amcu:3626,amcu,380-р,2025-08-07,85272,185fd7e8f9f07c8b69d82762dfb583d6,True,77
amcu:3627,amcu,381-р,2025-08-07,52349,f41ba1907cf458450423118ac9aa9064,True,52
amcu:3628,amcu,382-р,2025-08-07,10391,ec53ffb1a6b461f9b4b7a354f6e63e61,True,10
amcu:3629,amcu,383-р,2025-08-14,3268,df2871653e238e870bb4f9da05b3e0ab,True,3
amcu:363,amcu,597-р,2019-09-05,13192,c21ff309131489ea630e4841b8fe8140,True,13
amcu:3630,amcu,384-р,2025-08-14,3267,3e953d250ecb60b0b25a1585e8f9135b,True,3
amcu:3631,amcu,385-р,2025-08-14,3269,8630d4d8beebc82f47e91c045625dade,True,3
amcu:3632,amcu,386-р,2025-08-14,3268,20e75862125d8b5a5ea2757f8b2b3fe5,True,3
amcu:3633,amcu,387-р,2025-08-14,3268,54de77b88161568549e5328405b5ae0c,True,3
amcu:3634,amcu,388-р,2025-08-14,3268,55253e29db4d40a4da86f8c0f36ca17e,True,3
amcu:3635,amcu,389-р,2025-08-14,3266,30738d2033b252db2dc832926827f456,True,3
amcu:3636,amcu,390-р,2025-08-14,3298,5c4f883fb112268ee4459c629ebe3016,True,3
amcu:3637,amcu,391-р,2025-08-14,3299,5132126f87b8f1a276c89d601689dacc,True,3
amcu:3638,amcu,392-р,2025-08-14,3280,528fabca36e39402217a30c477474374,True,3
amcu:3639,amcu,393-р,2025-08-14,3281,5fcbf8f92472502cf16b6744aa511ef0,True,3
amcu:364,amcu,598-р,2019-09-05,180313,9ece5a86c4444fce590cdc407af5962a,True,178
amcu:3640,amcu,394-р,2025-08-14,3280,62a25c316aaa20f071b7a4e59fb11f97,True,3
amcu:3641,amcu,395-р,2025-08-14,3279,b6e7e69e5567a85ef226815647cc70f3,True,3
amcu:3642,amcu,396-р,2025-08-14,3291,a7af62c9efac3e8acb8ea4e54bae5efa,True,3
amcu:3643,amcu,397-р,2025-08-14,3293,a8415fceab21ebdad06416489b1295ae,True,3
amcu:3644,amcu,398-р,2025-08-14,3292,50651001e125fb61970500f5cad4142d,True,3
amcu:3645,amcu,399-р,2025-08-14,3274,65cd0c7eddd6418aa3315aaccfd40187,True,3
amcu:3646,amcu,400-р,2025-08-14,3274,99b89c4a35e6f0cfd9fb088a37653763,True,3
amcu:3647,amcu,401-р,2025-08-14,3272,82f71dc5ab7817c3b08ae6e399eaaeb3,True,3
amcu:3648,amcu,402-р,2025-08-14,3286,dd24bab8cf1c20a6512f67d4f5c1f89d,True,3
amcu:3649,amcu,403-р,2025-08-14,3286,9367d86974db87d200d1da547a91c9f4,True,3
amcu:365,amcu,599-р,2019-09-05,18106,35e1573dc5f7c8953f833fd7ac0c9555,True,18
amcu:3650,amcu,404-р,2025-08-14,3288,802d5770954c84529029ba3e869de2bf,True,3
amcu:3651,amcu,405-р,2025-08-14,3287,0399e759f8c149dcca7a60116dd0766f,True,3
amcu:3652,amcu,406-р,2025-08-14,3286,603ac58ae1150b68b3ed4df81c3c4399,True,3
amcu:3653,amcu,407-р,2025-08-14,3285,cbcd5bc670afa1af47668ba287c6b87b,True,3
amcu:3654,amcu,408-р,2025-08-14,3287,92f648cf6543e8bb32d025ecb33fd943,True,3
amcu:3655,amcu,409-р,2025-08-14,3285,408fff4be0c00d7408299a2bcb1335a3,True,3
amcu:3656,amcu,410-р,2025-08-14,3286,32aaa875efd3fe964cce405798ce4cc1,True,3
amcu:3657,amcu,411-р,2025-08-14,3284,b660dc398c406c64deea37bdc4c39998,True,3
amcu:3658,amcu,412-р,2025-08-14,3285,269c83dfa27633302e0cb77bcb200f0f,True,3
amcu:3659,amcu,413-р,2025-08-14,3272,898106a731266323cd07b2e2fd5f02b2,True,3
amcu:366,amcu,600-р,2019-09-05,25592,aa94e88aecadf0560d35885bbac2cb68,True,26
amcu:3660,amcu,414-р,2025-08-14,3272,7ca47326e3ac5cee01f7aa1898dee597,True,3
amcu:3661,amcu,415-р,2025-08-14,3274,012bcd075401ba108cccf38583627338,True,3
amcu:3662,amcu,416-р,2025-08-14,3274,e980b23c9ea7231408aa757683b386c6,True,3
amcu:3663,amcu,417-р,2025-08-14,3275,74081d616e35a9a80a3f70ad23bf8ec6,True,3
amcu:3664,amcu,418-р,2025-08-14,3274,ff78829d1d3b021cefe66355cbe03a53,True,3
amcu:3665,amcu,419-р,2025-08-14,3273,6b09b993d6e7df2af1d1ac50799c6360,True,3
amcu:3666,amcu,420-р,2025-08-14,3303,c6525eeea92dfb8d681925cbb756766f,True,3
amcu:3667,amcu,421-р,2025-08-14,3301,fafbbeaf4dae5abe803ecf76028c4e3e,True,3
amcu:3668,amcu,422-р,2025-08-14,3304,3b4f84839cfce4d6c8300883cf8dbbe8,True,3
amcu:3669,amcu,423-р,2025-08-14,3303,00cfb00c5b62d1627d2eef2901e042e7,True,3
amcu:367,amcu,601-р,2019-09-05,24274,68424a371b33d354de9e85700350c791,True,24
amcu:3670,amcu,424-р,2025-08-14,3304,bbe28d2f09c5a3b9edcc131dd78fed75,True,3
amcu:3671,amcu,425-р,2025-08-14,3315,f35364471a6c9d8532351ae5b2c43c26,True,3
amcu:3672,amcu,426-р,2025-08-14,3317,6982376b71943ab05922272350586150,True,3
amcu:3673,amcu,427-р,2025-08-14,3286,45d65832f1d0e6295dea1fc71ab50c50,True,3
amcu:3674,amcu,428-р,2025-08-14,3284,4bcbea8ee45aaa9e3d25eab1695fc570,True,3
amcu:3675,amcu,429-р,2025-08-14,3110,3e96234c970d57acb6b223976972ffc4,True,3
amcu:3676,amcu,430-р,2025-08-14,3903,4bfafec071f045009acb1763128465f7,True,4
amcu:3677,amcu,431-р,2025-08-14,4540,25d2119ab248af276865ef49c80184ff,True,5
amcu:3678,amcu,432-р,2025-08-14,3505,3b561c80848323176845e3d308552d7b,True,4
amcu:3679,amcu,433-р,2025-08-14,2980,adac05996703dbbb0d2a6521b8b179a7,True,3
amcu:368,amcu,602-р,2019-09-05,27269,4d5e55328006c1a0fc16899eb60751e1,True,27
amcu:3680,amcu,434-р,2025-08-14,2659,6aae6209f560f3f4cdb792fbc0f9bbb2,True,3
amcu:3681,amcu,435-р,2025-08-14,128557,cd5c69824d8a5e9f91df99fcf714e8ac,True,129
amcu:3682,amcu,436-р,2025-08-14,75606,b7de84aa9aa167b958cf8ed5cfe9cc14,True,76
amcu:3683,amcu,437-р,2025-08-14,14857,f1c4ef76cc096b6762d70103d6e4177c,True,15
amcu:3684,amcu,438-р,2025-08-14,8581,639b0a06931e5d56068969e2389de5b6,True,9
amcu:3685,amcu,439-р,2025-08-21,16806,4d0bdf9f89a98c0eb0296e6e9c627434,True,17
amcu:3686,amcu,440-р,2025-08-21,28478,eb1aee251d11e6ad167be898384d65d3,True,28
amcu:3687,amcu,441-р,2025-08-21,26612,fa1cf12785ce66fb23c197f568b57e2a,True,26
amcu:3688,amcu,442-р,2025-08-21,71475,d78129cd41ab272b7da337242ce1a367,True,70
amcu:3689,amcu,443-р,2025-08-21,3478,7f6ef5e074eb02169de99cfb4df0537f,True,4
amcu:369,amcu,491-р,2021-09-02,3037,4677315fa70f3ab8255a8e3f3161a925,True,3
amcu:3690,amcu,444-р,2025-08-21,17508,0cc51b1c887153a52edcf3b25f13873c,True,17
amcu:3691,amcu,445-р,2025-08-21,86932,ef2098ff7ca241870a21ac97cd47cd4d,True,85
amcu:3692,amcu,446-р,2025-08-28,1839,cf138898f72b4b734069e15bea0204c4,True,2
amcu:3693,amcu,447-р,2025-08-28,4738,8cee9dc8585c7dac0e93a38dc1d8a67c,True,5
amcu:3694,amcu,448-р,2025-08-28,2740,ee16e7d2f5b6a9bdc80e15083bd2fe5f,True,3
amcu:3695,amcu,449-р,2025-08-28,12408,bbce5d253f9a7d74227a1a6d5bf065c9,True,12
amcu:3696,amcu,450-р,2025-08-28,32051,c6a84cef5b989f64d424bdd01690427b,True,32
amcu:3697,amcu,451-р,2025-08-28,22098,a400697ec1b7ae248f63776b0f38949b,True,22
amcu:3698,amcu,452-р,2025-08-28,35119,d0707f8a7bdc4cf7a370095096cbab44,True,34
amcu:3699,amcu,453-р,2025-08-28,34849,ad28db34d4b72d9063390761c3ddf9c5,True,34
amcu:37,amcu,956-р,2025-12-11,3187,63abc9e266b5fe4321b0ad34ea23cd14,True,3
amcu:370,amcu,492-р,2021-09-02,4558,81d06793af059dcb10b25eeb90bbccb0,True,5
amcu:3700,amcu,454-р,2025-08-28,33937,9860b0abb5b5f3f0a36e7f0fa4423abc,True,33
amcu:3701,amcu,455-р,2025-08-28,33987,02b8ae231c2696fe2e59f365692da484,True,33
amcu:3702,amcu,456-р,2025-08-28,33804,686c58e319631633f7a4406a422290d7,True,33
amcu:3703,amcu,457-р,2025-08-28,36041,c5383fe43acee6b2a5ab6591821bec68,True,35
amcu:3704,amcu,458-р,2025-08-28,34257,454eaf3ace40c48bdb53b220f9f86997,True,34
amcu:3705,amcu,459-р,2025-08-28,33794,7d39bd6436e784724d9e5ea900b868e8,True,33
amcu:3706,amcu,460-р,2025-08-28,34787,d32f917cf33791773dd10809650cf35d,True,34
amcu:3707,amcu,461-р,2025-08-28,53618,a7d2a18b0671305ffb742c485d9b94bb,True,51
amcu:3708,amcu,462-р,2025-08-28,49639,a5ed4b68b408ad0a72c4f0892078429d,True,45
amcu:3709,amcu,599-р,2021-11-01,1995,548fd26be6e390d284fbcd6b00647aec,True,2
amcu:371,amcu,493-р,2021-09-02,2746,50ca9ec2bcf6f709c201ec85dd2ae498,True,3
amcu:3710,amcu,600-р,2021-11-01,3835,78a6e47f03b5553b7f8e787a02318667,True,4
amcu:3711,amcu,601-р,2021-11-01,5007,c008d9937bef1a924a93cdfd656ac5c0,True,5
amcu:3712,amcu,602-р,2021-11-04,4185,097bce42292601028f6b87756a67dd96,True,4
amcu:3713,amcu,603-р,2021-11-04,3143,bae7066c897d232aaee0b547c24a61b8,True,3
amcu:3714,amcu,604-р,2021-11-04,3177,3807dc364004261e403c56d42535ef71,True,3
amcu:3715,amcu,605-р,2021-11-04,2997,f132d7ff6509e89ac0753019fa77ad64,True,3
amcu:3716,amcu,606-р,2021-11-04,2953,bccf8206a6428ac46b2a262707bc966d,True,3
amcu:3717,amcu,607-р,2021-11-04,2982,454949e3ca513e1c0e800c1ec810eab3,True,3
amcu:3718,amcu,608-р,2021-11-04,3421,d5ec2eb9fd7113b2510a9bce999b55ff,True,3
amcu:3719,amcu,609-р,2021-11-04,4486,786ca289c053b30ebe4bbe8f939c8f43,True,5
amcu:372,amcu,494-р,2021-09-02,5739,9c5d45fa9e65403867079b02600383a9,True,6
amcu:3720,amcu,610-р,2021-11-11,2605,0f4443b39ef610584bcd667467003998,True,3
amcu:3721,amcu,611-р,2021-11-11,2688,f000fe1aef7b86204dc749879ae07e8d,True,3
amcu:3722,amcu,612-р,2021-11-11,5642,119b08f75b10ee879312c5c11b99db12,True,6
amcu:3723,amcu,613-р,2021-11-11,4996,f8ebf16c422fd1fbb43b61695baae66f,True,5
amcu:3724,amcu,614-р,2021-11-11,2993,92e5dcd74d9cb68fb54cb81241bb7033,True,3
amcu:3725,amcu,615-р,2021-11-11,4928,c7a1d89dd1a377bf510e2e0dc14cc63d,True,5
amcu:3726,amcu,616-р,2021-11-11,2807,c81ca829503dd8d34134b9b00e8ec4af,True,3
amcu:3727,amcu,617-р,2021-11-11,2673,105378682c0243014823322382ebf3de,True,3
amcu:3728,amcu,618-р,2021-11-11,2738,69a85612c10272bc3573680101b31ba5,True,3
amcu:3729,amcu,619-р,2021-11-11,2443,66f3852ac7f09e13e56ec48984443f94,True,2
amcu:373,amcu,495-р,2021-09-02,4005,ffc992af4c67cf80a049c5ece05092a4,True,4
amcu:3730,amcu,620-р,2021-11-11,2121,21b05d454f5447635cf27195556841cb,True,2
amcu:3731,amcu,621-р,2021-11-11,7450,7753051601958851da90f9ec903dfd98,True,8
amcu:3732,amcu,622-р,2021-11-11,3462,34c6f00bf28797530f9055324b994269,True,4
amcu:3733,amcu,623-р,2021-11-11,54504,9acb6e8c320991aec6542b69fc5bded2,True,55
amcu:3734,amcu,624-р,2021-11-11,61565,ee347054939d69bc5dfcd61ab3e7bec1,True,61
amcu:3735,amcu,625-р,2021-11-11,77978,98a99797b5ee63918cb95075c9141a74,True,77
amcu:3736,amcu,626-р,2021-11-15,62860,491052c7147b7285d84c951fe2063ddd,True,63
amcu:3737,amcu,627-р,2021-11-15,3917,1f96b6adf980898cafbb9d022e3a6eeb,True,4
amcu:3738,amcu,628-р,2021-11-15,6679,cba35be1695c9b52082a160716b990e3,True,7
amcu:3739,amcu,629-р,2021-11-15,4336,0908ca5d1de93eee3311ca8501f3dae1,True,4
amcu:374,amcu,496-р,2021-09-02,4011,e10b27db745394779e9ec5d58b6f6d71,True,4
amcu:3740,amcu,630-р,2021-11-18,5066,608b663499b45369c1f7796c8ac2d3f8,True,5
amcu:3741,amcu,631-р,2021-11-18,5263,9fb6341675566cf97c56023f120c9794,True,5
amcu:3742,amcu,632-р,2021-11-18,6008,31de6f9cfdfa038ea04edc5911baffc3,True,6
amcu:3743,amcu,633-р,2021-11-18,49695,9547d19b87c075d4edc922b4deaa46de,True,50
amcu:3744,amcu,634-р,2021-11-18,20186,8b5ba6e69341c8653fbe23d0f7701ee6,True,20
amcu:3745,amcu,635-р,2021-11-18,82160,a1efba9ce463775841a4dd386486717e,True,82
amcu:3746,amcu,636-р,2021-11-23,3950,0848e5f9697434f8c9040e9355246f69,True,4
amcu:3747,amcu,637-р,2021-11-23,182405,b6a428c1c70a949683821d3b07d7a184,True,179
amcu:3748,amcu,638-р,2021-11-30,2228,b2735eb586a0d1db078e0c2eb19ee2f8,True,2
amcu:3749,amcu,639-р,2021-11-30,2242,0f29572cf39b40a057cdbbe73d2ea900,True,2
amcu:375,amcu,497-р,2021-09-02,4018,f1b0ada8d0b330c5b3b874e4fbcb3eea,True,4
amcu:3750,amcu,640-р,2021-11-30,4645,a70c714d5a327cde61673d3ff4075f92,True,5
amcu:3751,amcu,59-rk,2019-10-25,36879,7351f57435dcaddda84bbf6fa622d31f,True,37
amcu:3752,amcu,34-рк,2020-08-13,25771,7326987d75220ab4b87e4410c8b5f369,True,26
amcu:3753,amcu,35-рк,2020-08-20,63321,b3601321bf4eeeee01b5f8970f4858e9,True,63
amcu:3754,amcu,36-рк,2020-08-28,21430,69b7e4ed6249932b3db60cb5b9eeb92b,True,22
amcu:3755,amcu,53-р,2021-02-04,1921,d4f3d3f9cd4eda06678efefd6bc86225,True,2
amcu:3756,amcu,54-р,2021-02-04,2294,ff13f2900f50f44da4f876bc02eddf0d,True,2
amcu:3757,amcu,55-р,2021-02-04,2265,e25b52315f1e99e26f575fce4af955ff,True,2
amcu:3758,amcu,56-р,2021-02-04,2275,2d55ff26985ddeebc28e34e95160f76b,True,2
amcu:3759,amcu,57-р,2021-02-04,2254,a9710c4aa8bf00de471849c51dd36895,True,2
amcu:376,amcu,498-р,2021-09-02,4338,ae1441aee5c69083ce52ec05033ee88d,True,4
amcu:3760,amcu,58-р,2021-02-04,2256,fb40c6771272aead4a75ab31135b7fb4,True,2
amcu:3761,amcu,59-р,2021-02-04,2283,7759a9f400a01a2cc05b76cd607e6cd0,True,2
amcu:3762,amcu,60-р,2021-02-04,2290,376d1d2fbb49cdc703561ce842fbdf98,True,2
amcu:3763,amcu,61-р,2021-02-04,2251,aa17ab5853597f7aec3672c49c3dfc39,True,2
amcu:3764,amcu,62-р,2021-02-04,2288,2e5762a047f6aa19ba1fc83ad91f96d4,True,2
amcu:3765,amcu,63-р,2021-02-04,2271,9442d3193c501cb9203a2e554b16a69b,True,2
amcu:3766,amcu,64-р,2021-02-04,2248,6ba644060a7772931dd7e799b6f40eea,True,2
amcu:3767,amcu,65-р,2021-02-04,2285,fb3c99294d4bc4911c6e4f10ac3271d6,True,2
amcu:3768,amcu,66-р,2021-02-04,2261,ab0ab6d78578f4d171bdcb736886c02a,True,2
amcu:3769,amcu,67-р,2021-02-04,2264,da31ffd747b422b06b04d2fec82650a7,True,2
amcu:377,amcu,499-р,2021-09-02,3194,8a66776a80b4d49f6f789f6e373359be,True,3
amcu:3770,amcu,68-р,2021-02-04,2221,afc9b64637e19c473740307109245836,True,2
amcu:3771,amcu,69-р,2021-02-04,2290,ae83cce533c8348286890b15366a6853,True,2
amcu:3772,amcu,70-р,2021-02-04,2306,f75adfb8900b47163ed0fe5abd389a9a,True,2
amcu:3773,amcu,71-р,2021-02-04,2296,9bee76a9a5386b9e57d7047487e9b1f2,True,2
amcu:3774,amcu,72-р,2021-02-04,2385,7ef5ee348ff77ec41856811edd2a8f85,True,2
amcu:3775,amcu,73-р,2021-02-04,4019,a42fb6fd5645d4b4e68aeb4b088bf076,True,4
amcu:3776,amcu,74-р,2021-02-04,7070,4bd555a7ec2607c30e1d9f92b43f2621,True,7
amcu:3777,amcu,75-р,2021-02-04,7071,d0cef379b6c6862af866099e2bb7d55d,True,7
amcu:3778,amcu,76-р,2021-02-04,3741,edf8dce40c0920dcd099ce1d8736c691,True,4
amcu:3779,amcu,77-р,2021-02-04,77074,463ce17e0304c5181b3df5930c18bd94,True,76
amcu:378,amcu,500-р,2021-09-02,5213,8d6e8fcb748d4bbc1ecda18a761a545f,True,5
amcu:3780,amcu,78-р,2021-02-04,95911,a9945cdf413a44d63048fe894544325f,True,94
amcu:3781,amcu,79-р,2021-02-04,55481,7355eaaf7c0e320f46e29d886f5f1a6c,True,55
amcu:3782,amcu,100-р,2021-02-11,23063,aebfd5306f33e7733bd95f7d8118746a,True,23
amcu:3783,amcu,101-р,2021-02-11,30019,bca73e1cef2e32319afa562068755861,True,30
amcu:3784,amcu,102-р,2021-02-11,53196,779c98196f3a739a82ece0ada770369d,True,53
amcu:3785,amcu,103-р,2021-02-11,86628,a18cf9e268951a7b9419dbdf9053f413,True,86
amcu:3786,amcu,80-р,2021-02-11,4888,316424774197be780a7290ccec936c0b,True,5
amcu:3787,amcu,81-р,2021-02-11,5152,6d9537a5654e3564704dbaa50c86ff3f,True,5
amcu:3788,amcu,82-р,2021-02-11,5090,e2c53ac91f6cedb7a2cd895a73a58b37,True,5
amcu:3789,amcu,83-р,2021-02-11,5150,09df595349224f91e3b2ebaf09d4e0af,True,5
amcu:379,amcu,501-р,2021-09-02,3093,beac9a87f0d9ac0f821e9d2b407df51e,True,3
amcu:3790,amcu,84-р,2021-02-11,5118,3349247854fac10053d2cd6fb23441f7,True,5
amcu:3791,amcu,85-р,2021-02-11,5015,f7cd232f8c1a27315488d06cd02eed63,True,5
amcu:3792,amcu,86-р,2021-02-11,5004,e8f36908525c62987e0fc27dba817618,True,5
amcu:3793,amcu,87-р,2021-02-11,5034,0ae63e6c9cb4409e72befd8ae76cfbc1,True,5
amcu:3794,amcu,88-р,2021-02-11,5017,41a5795d091f7860bf4137bf3b612c5f,True,5
amcu:3795,amcu,89-р,2021-02-11,4948,ad801268e862f205fbafe656f26b20de,True,5
amcu:3796,amcu,90-р,2021-02-11,4995,4a7ecd5405ac0cc0185e1d97b92bf3a9,True,5
amcu:3797,amcu,91-р,2021-02-11,5052,51722ee58ff3ab0cdc86e4af5adb9c76,True,5
amcu:3798,amcu,92-р,2021-02-11,5124,e717310fae0caf14f4edf74046f57851,True,5
amcu:3799,amcu,93-р,2021-02-11,3935,d2acf9fbc4d5daf8fcb73fb55c04148e,True,4
amcu:38,amcu,957-р,2025-12-11,3336,18867ca282d71497ee35c67d5e55401c,True,3
amcu:380,amcu,502-р,2021-09-07,3374,50d2b612ac7480de7985d38521decde5,True,3
amcu:3800,amcu,94-р,2021-02-11,3932,f3c9875149e3966cb4939f68b831c24b,True,4
amcu:3801,amcu,95-р,2021-02-11,4089,03dab9de487373dc96ad6c8132022eaa,True,4
amcu:3802,amcu,96-р,2021-02-11,2947,20fe56a75f3251a2b59795aa1074b196,True,3
amcu:3803,amcu,97-р,2021-02-11,23071,b6efc46515577b1fa6772fca6603d38e,True,23
amcu:3804,amcu,98-р,2021-02-11,23431,7f1d9dca32b2ac2ca5941b44043c5725,True,24
amcu:3805,amcu,99-р,2021-02-11,37418,f16f6dc7b8e0c2593fe4a2868acda126,True,38
amcu:3806,amcu,104-р,2021-02-18,2274,861c3b82a98b44dcffa08d0c74b6a681,True,2
amcu:3807,amcu,105-р,2021-02-18,2287,5cdbc6299460557da881929bc1660be2,True,2
amcu:3808,amcu,106-р,2021-02-18,2312,044ea588d321c29c60f63eb95c53995f,True,2
amcu:3809,amcu,107-р,2021-02-18,3454,c4b139b3d0920cd62364894f98404495,True,3
amcu:381,amcu,503-р,2021-09-07,3444,ecf4657df27a47ef68d72fa81822abaa,True,4
amcu:3810,amcu,108-р,2021-02-18,5681,eca7d79c715406a1dd33b48e3531896c,True,6
amcu:3811,amcu,109-р,2021-02-18,3909,907c2c498e67c62262e98f81746d1d46,True,4
amcu:3812,amcu,110-р,2021-02-18,3460,0b29f515e07e58b0dd48af31a8d351e2,True,3
amcu:3813,amcu,111-р,2021-02-18,6822,a9df473d977d135cc4677a85238fd429,True,7
amcu:3814,amcu,112-р,2021-02-18,7378,3b9e7286567fdb5fe93da6a5add575ee,True,7
amcu:3815,amcu,113-р,2021-02-18,7377,62b53307aaf3fc0359e289c4af1f21bd,True,7
amcu:3816,amcu,114-р,2021-02-18,7392,f38e70c4b5779d8866f83004ee2f5e82,True,7
amcu:3817,amcu,115-р,2021-02-18,4914,62bf76200e339beac8d5e4ad775a3215,True,5
amcu:3818,amcu,116-р,2021-02-18,6356,cbb0cc4095cd5a20dd5fa4a889ed3daa,True,6
amcu:3819,amcu,117-р,2021-02-18,54850,303774a8b501aa4fc5c63d8b9312b38f,True,54
amcu:382,amcu,504-р,2021-09-07,3054,d63872b1318bb7e3eda9355887775864,True,3
amcu:3820,amcu,118-р,2021-02-18,63933,7d53d795410b1f8d252bf31391187321,True,63
amcu:3821,amcu,119-р,2021-02-25,2228,e54d7d17b81d426cfb82baa39b483e2f,True,2
amcu:3822,amcu,120-р,2021-02-25,2501,adc7797e28466a8b3f0e6f7f1320c1d9,True,3
amcu:3823,amcu,121-р,2021-02-25,2776,fa35d2fa779da834b7a3b550bf7e7425,True,3
amcu:3824,amcu,122-р,2021-02-25,3925,dc68bc4076f45c9dee763e0520a9333c,True,4
amcu:3825,amcu,123-р,2021-02-25,135640,1189b28ffcd36ebe762e87942afb2b66,True,135
amcu:3828,amcu,12-до,2021-03-30,1574,4cd03f14618b28b0ec94454920485baf,True,2
amcu:3829,amcu,13-до,2021-03-30,7936,157b7d0ea688a6123601768a877062c0,True,1
amcu:383,amcu,505-р,2021-09-07,3807,ee089b21743f5219a80ae90647bd05c5,True,4
amcu:3830,amcu,14-до,2021-03-30,489146,13a6422a1346a8eb7a7ae662b33c26a5,True,488
amcu:3832,amcu,3-до,2021-03-30,746,3a8b26528c0a08de4aae4e9a8bf755b0,True,0
amcu:3833,amcu,4-до,2021-03-30,9275,8a51da60c4b29db783d4edab20134801,True,9
amcu:3834,amcu,5-до,2021-03-30,1874,4fea34e528905710ecb7b8a28449768a,True,2
amcu:3835,amcu,6-до,2021-03-30,30616,622ceffd46a8ec7a3c15165f38f9d8b7,True,30
amcu:3836,amcu,7-до,2021-03-30,869,26c1b5b19ab117c5b4a54e2a4aba2730,True,1
amcu:3837,amcu,8-до,2021-03-30,7380,95e44e384a94156e7fe6a78c9289305e,True,7
amcu:3838,amcu,9-до,2021-03-30,22325,98d582ec4017325712afe51f2ef712d4,True,22
amcu:3839,amcu,124-р,2021-03-04,2162,ceecf701e8757338003cb00424a361aa,True,2
amcu:384,amcu,506-р,2021-09-16,25506,03bfb323d72748cdf6e22e3749d28df1,True,25
amcu:3840,amcu,125-р,2021-03-04,5270,838fdfd6059438f0f84d9ea30d7907e6,True,5
amcu:3841,amcu,126-р,2021-03-04,5357,5ca4dd57f723e7160b4b3e79b8d243ac,True,5
amcu:3842,amcu,127-р,2021-03-04,5353,af30ec54d7625cef9af6def523aabb08,True,5
amcu:3843,amcu,128-р,2021-03-04,5354,823607b2785c9512bf45014550d05e26,True,5
amcu:3844,amcu,129-р,2021-03-04,5381,a5a1aa6d6e09574fe29ed8db07c7536a,True,5
amcu:3845,amcu,130-р,2021-03-04,5347,dbfead7a62d240d836fbbe933f50c399,True,5
amcu:3846,amcu,131-р,2021-03-04,5356,aefa2a56ff95cd215129f59ffaaa8572,True,5
amcu:3847,amcu,132-р,2021-03-04,5340,963c65567d932ac889c9aa8efbb45b9f,True,5
amcu:3848,amcu,133-р,2021-03-04,6245,65728e99c6cf55043b0927ed56f04cec,True,6
amcu:3849,amcu,134-р,2021-03-04,2110,9f2f80fb6fc798c344a9a4ae84cdeaa6,True,2
amcu:385,amcu,507-р,2021-09-16,90834,f61e2eb6d19d6900e41af64b85f89ee5,True,91
amcu:3850,amcu,135-р,2021-03-04,2552,992daec7d1bda26df73c27ffe87c9902,True,2
amcu:3851,amcu,136-р,2021-03-04,5471,59088c0d2f268ed15770a28c225811c4,True,5
amcu:3852,amcu,137-р,2021-03-11,4102,9e01474e9151dcd43539026ecfad60f5,True,4
amcu:3853,amcu,138-р,2021-03-11,3226,121d8acebef09f9561ab9aa21f401301,True,3
amcu:3854,amcu,139-р,2021-03-11,4161,d8c5023e0101be4d563ae5a28204dbb4,True,4
amcu:3855,amcu,140-р,2021-03-11,3856,4b4cbc7df3f99e2cd300f5eddd0fdc53,True,4
amcu:3856,amcu,141-р,2021-03-11,3745,832b95fd9b1dfeef34fa76df1aa25dce,True,4
amcu:3857,amcu,142-р,2021-03-11,3844,eb2c43090dfd10138ab67eccc4193926,True,4
amcu:3858,amcu,143-р,2021-03-11,5953,84a3922b96711dd9c8ece24784481993,True,6
amcu:3859,amcu,144-р,2021-03-11,5969,b1601d16edad59ceb77c7ad6971652b7,True,6
amcu:386,amcu,508-р,2021-09-16,47544,0cade2ae79044a12674b987b0c15c4b6,True,47
amcu:3860,amcu,145-р,2021-03-16,2553,50895b2003ace4169005d2bc15fcee13,True,3
amcu:3861,amcu,146-р,2021-03-16,2526,229760ea1d8044066ba32eecb8dc5124,True,3
amcu:3862,amcu,147-р,2021-03-16,2494,6ca95c5e153461b3742d4320c05ec128,True,3
amcu:3863,amcu,148-р,2021-03-16,2522,d3da527cb91918377e7c017189d3d2ec,True,3
amcu:3864,amcu,149-р,2021-03-16,3264,30d12e53fbba3a212fd6f23447d44f8d,True,3
amcu:3865,amcu,150-р,2021-03-16,3212,ef557ef0f0fcfac03ac5fc4d1fe44079,True,3
amcu:3866,amcu,151-р,2021-03-17,33825,b8e07cc9c16401ee122116c0e35c3e85,True,34
amcu:3867,amcu,152-р,2021-03-18,2285,2298de0ab41646e159d28297d6869ec6,True,2
amcu:3868,amcu,153-р,2021-03-18,4318,721f350fb47b101a2bfcb92ccdc78a03,True,4
amcu:3869,amcu,154-р,2021-03-18,5084,ba0c057c0c8ad5ea2be1050e39e0e9eb,True,5
amcu:387,amcu,509-р,2021-09-16,88934,5e08576930b704797e7f38388c3a5b05,True,87
amcu:3870,amcu,155-р,2021-03-18,5008,a58c86af9f3c42d287b75ef63c579987,True,5
amcu:3871,amcu,156-р,2021-03-18,6164,929a86748ed3473a8b8b9325f55df1af,True,6
amcu:3872,amcu,157-р,2021-03-18,3475,010d2d06972b6056f4e0f074cd0cd873,True,3
amcu:3873,amcu,158-р,2021-03-18,4578,83518c679e2d819941e7282c66737fe0,True,5
amcu:3874,amcu,159-р,2021-03-18,81528,7425eded396f4c6be5320b2983c0166d,True,81
amcu:3875,amcu,160-р,2021-03-18,42415,94ccc4b27f6fb3bcda0c854ddde81094,True,42
amcu:3876,amcu,161-р,2021-03-25,2664,5c974606292502b9ac6734506e0a5e81,True,3
amcu:3877,amcu,162-р,2021-03-25,2650,9f70f35ffeaa14a48258e12ff325fa84,True,3
amcu:3878,amcu,163-р,2021-03-25,2693,0c05c7b622cac97dbe054946c5c98078,True,3
amcu:3879,amcu,164-р,2021-03-25,2786,b442bcba6a430bb6955da237d1e39686,True,3
amcu:388,amcu,510-р,2021-09-16,37976,141b2b6183c51604d11232a3b88440f6,True,37
amcu:3880,amcu,165-р,2021-03-25,2139,8a6da193b42339710c13af1691f1e5e7,True,2
amcu:3881,amcu,166-р,2021-03-25,2125,a37be21cbb7bb85d8d46f3e1c030b2e9,True,2
amcu:3882,amcu,167-р,2021-03-25,2100,258705b74bc37c4dbf164045a98846e8,True,2
amcu:3883,amcu,168-р,2021-03-25,2198,b6482341f02befcab52e10d615afea3a,True,2
amcu:3884,amcu,169-р,2021-03-25,2089,340d3169d16d110de7d2d1ed803ff44b,True,2
amcu:3885,amcu,170-р,2021-03-25,3304,7814523047106bd680ad8899a5b09eea,True,3
amcu:3886,amcu,171-р,2021-03-25,3556,bcb01f443bf67f5b778d305d5fd7eba0,True,4
amcu:3887,amcu,172-р,2021-03-25,3837,1b62f4db2390c71913dd5ee85b7f4ac1,True,4
amcu:3888,amcu,173-р,2021-03-25,6764,83df6fd4e4b3b570815133cbf609ca70,True,7
amcu:3889,amcu,174-р,2021-03-25,3573,dce3e1adf918b3d77c524d2886acfe0b,True,4
amcu:389,amcu,511-р,2021-09-16,5272,c0ee237ced92985bfcedaee01ab9ab4a,True,5
amcu:3890,amcu,175-р,2021-03-25,3597,e9f41db799abb443d44202c84baaced5,True,4
amcu:3891,amcu,176-р,2021-03-25,3589,ceec1bd1b3be2090582006c9624206b6,True,4
amcu:3892,amcu,177-р,2021-03-25,78090,534e55753e8784c7e40b375338098d0d,True,78
amcu:3893,amcu,178-р,2021-03-30,371976,6030a99e1653c00b231c039f0e981c8b,True,365
amcu:3894,amcu,4-рп,2021-03-04,1575,d7f87a52fe027ffa3fe42645cc945ef6,True,2
amcu:3895,amcu,5-рп,2021-03-04,1655,5269ad5286b371ba64fb98a653b236dc,True,2
amcu:3896,amcu,6-рп,2021-03-11,1658,b7b8e437bfd664ca25e7e04b4dc08700,True,2
amcu:3897,amcu,13-рп,2021-06-17,2202,971ca53da5aae99e6909c9bb8af2acec,False,0
amcu:3899,amcu,4,,2348,1029b61461b0b97239bd383015d64031,True,2
amcu:39,amcu,958-р,2025-12-11,3506,99db4e664d2abb0d4a6bd993f0ffb58a,True,4
amcu:390,amcu,512-р,2021-09-16,5162,7f118ebe0ba94820a63d2d5dd7ed14fa,True,5
amcu:3900,amcu,1-р,2025-01-09,2939,c2bee72c20432edc5ae08125f0759097,True,3
amcu:3901,amcu,2-р,2025-01-09,2990,318dee779988864ce441febdcfdecd06,True,3
amcu:3902,amcu,3-р,2025-01-09,3817,e0e52ea9eac2df1fc6e9517df056483e,True,4
amcu:3903,amcu,4-р,2025-01-09,4319,c79c39c9fa91c22c8680b925cc3b3a4a,True,4
amcu:3904,amcu,5-р,2025-01-09,4206,ddcd6b296d30f160b3ca1c18a890c04b,True,4
amcu:3905,amcu,6-р,2025-01-09,5235,ae817b551c53fbc348abdf50bc1b3e06,True,5
amcu:3906,amcu,7-р,2025-01-09,3276,7a71abf1c79e8bd3b93f94aa5d0b388f,True,3
amcu:3907,amcu,10-р,2025-01-16,3268,5a3aa756169ce6eb0134e3c6d4ae7d13,True,3
amcu:3908,amcu,11-р,2025-01-16,4202,6f48bedd9a1f38e73e4dcf2a54a97e42,True,4
amcu:3909,amcu,12-р,2025-01-16,2848,fcf3e71d58e5096b5faf74177ad2efbe,True,3
amcu:391,amcu,513-р,2021-09-16,3918,dee7977e868ef47f77e1767a2faf2906,True,4
amcu:3910,amcu,13-р,2025-01-16,3124,f4c57848c3576b967bad105e0029b429,True,3
amcu:3911,amcu,14-р,2025-01-16,48206,47e4dca60895f18972439f28e999ebac,True,48
amcu:3912,amcu,15-р,2025-01-16,50529,052de53044bdfc1597a66523c1703617,True,50
amcu:3913,amcu,8-р,2025-01-16,3324,815b22c96b745c76c625ac59cf40af0e,True,3
amcu:3914,amcu,9-р,2025-01-16,3319,0c4ad6dd870c76271964fe54f7c7adc4,True,3
amcu:3915,amcu,16-р,2025-01-23,4847,93e01443f835c989a4d691d13b749f56,True,5
amcu:3916,amcu,17-р,2025-01-23,3587,f3b9a9693818cc0c9d75b778dedfb964,True,4
amcu:3917,amcu,18-р,2025-01-23,3732,68213d65f3921545ee5044bead76d79c,True,4
amcu:3918,amcu,19-р,2025-01-23,2513,73e892888cf38c5fe2db394c55ce9086,True,3
amcu:3919,amcu,20-р,2025-01-23,3498,dd0bfd6a3b59213cf04a644c81ac7c42,True,4
amcu:392,amcu,514-р,2021-09-16,3871,36b74b08053fae238af774a2ec0948aa,True,4
amcu:3920,amcu,21-р,2025-01-23,3646,919ae33d3e6e6f396497f91217cb654b,True,4
amcu:3921,amcu,22-р,2025-01-23,3833,8452148c308a8da9037f4a9214ca6fec,True,4
amcu:3922,amcu,23-р,2025-01-23,2539,7d118db13c291f30baf8e8cf4d8b1021,True,3
amcu:3923,amcu,24-р,2025-01-23,2534,f9d1eb4aea7eed66a547777b8fa5026e,True,3
amcu:3924,amcu,25-р,2025-01-23,3299,f627804f569fc7d1f784f9ba4d5804e9,True,3
amcu:3925,amcu,26-р,2025-01-23,3616,299c1600ad96c1b25d412196607d9063,True,4
amcu:3926,amcu,27-р,2025-01-23,2058,9835b8c7d50f4a7206993c16d7b48312,True,2
amcu:3927,amcu,28-р,2025-01-23,2677,545f966660dbfa57a0b83ec1b07f3c14,True,3
amcu:3928,amcu,741-r,2018-12-18,4036,70626e7641da880fb8cc6d0e6f1e5992,True,4
amcu:3929,amcu,6,,22635,d6ea4dbaa249ebdcd902d2d8634b4e64,True,23
amcu:393,amcu,515-р,2021-09-16,3877,f1b1fe112124a4c114bd80d3b7d9181e,True,4
amcu:3930,amcu,134-r,2019-03-04,26240,09d2eb1c1d7bc2f49a5ac95315a93c46,True,26
amcu:3931,amcu,100-р,2022-06-14,3347,75867669bebfe5f59bf87185b8050b90,True,3
amcu:3932,amcu,101-р,2022-06-14,3582,1e4f4329fdc0b06b160305c524e83042,True,4
amcu:3933,amcu,102-р,2022-06-14,4409,f3b7960643d5f5596e892147e3a71a2d,True,4
amcu:3934,amcu,103-р,2022-06-14,3313,bb4b703f0889f13d3c8032c761619614,True,3
amcu:3935,amcu,104-р,2022-06-14,4463,fe436dc008491485509672da85567a98,True,4
amcu:3936,amcu,105-р,2022-06-14,4284,eff1b26a3e7e8545d32a1262a471274d,True,4
amcu:3937,amcu,106-р,2022-06-14,4466,558c7d134cb655558c4ce7dba01e38b0,True,4
amcu:3938,amcu,107-р,2022-06-14,2812,831ba6b6487775cc7176054067ac6c18,True,3
amcu:3939,amcu,108-р,2022-06-14,4474,ca84920472340cf611b6a5f33d7f3b6a,True,4
amcu:394,amcu,516-р,2021-09-16,3268,e8d21859be6defd89bd51efa2963a0dd,True,3
amcu:3940,amcu,109-р,2022-06-14,7015,dc85824b8143b6b04e9ee0e331909133,True,7
amcu:3941,amcu,110-р,2022-06-14,6638,b41ef6bb539bd6df29e2f18924b91e51,True,7
amcu:3942,amcu,95-р,2022-06-14,5380,22d5afd6fecd01aecc6637153d2736b0,True,5
amcu:3943,amcu,96-р,2022-06-14,4074,25633ab131b3aface30d7d3d4127f528,True,4
amcu:3944,amcu,97-р,2022-06-14,4169,960f026a5cab5149f9b04fa6018b16ac,True,4
amcu:3945,amcu,98-р,2022-06-14,4022,730ff7fd1bf618257c190886778b6af7,True,4
amcu:3946,amcu,99-р,2022-06-14,4102,05f32cf5512ac05489b4fd70f7f52a19,True,4
amcu:3947,amcu,111-р,2022-06-16,3935,a0d9bc1720bb4c5b6986bf024922bf8f,True,4
amcu:3948,amcu,112-р,2022-06-16,2298,b5069aff0d94a5d871d7e09c732eb858,True,2
amcu:3949,amcu,113-р,2022-06-16,2734,84934c655d5ad6cc8e641e7e2e9f294e,True,3
amcu:395,amcu,517-р,2021-09-16,4698,5a28746aca59b13eb622b3e9d4107065,True,5
amcu:3950,amcu,114-р,2022-06-16,2730,45d952fd0199a88f9f4f1993e14a215f,True,3
amcu:3951,amcu,115-р,2022-06-16,3799,60871011b8d7cd93a31e0d9d77f9de60,True,4
amcu:3952,amcu,116-р,2022-06-16,4050,2f6c9e87630a8b7140dba39a8882f061,True,4
amcu:3953,amcu,117-р,2022-06-16,4954,149923c5600b4ecc88eb456aa174b123,True,5
amcu:3954,amcu,118-р,2022-06-23,5144,a92f9ecad3c9f54cd89d7298b19530af,True,5
amcu:3955,amcu,119-р,2022-06-23,4356,2da2630768d906b1bdd27d5c7639235d,True,4
amcu:3956,amcu,120-р,2022-06-23,4305,76ab922b609ab50fbfa0f62068aaccd9,True,4
amcu:3957,amcu,121-р,2022-06-23,4954,aa059e0d1724389fe8a33e7d997fdded,True,5
amcu:3958,amcu,122-р,2022-06-30,4418,30b65e41cfd6c1105d4d2d10047aeab3,True,4
amcu:3959,amcu,123-р,2022-06-30,4955,3e28ef3ca277057c9a510b4a3a25f98d,True,5
amcu:396,amcu,518-р,2021-09-16,6334,2adecd47091dee2e258b754a61887b68,True,6
amcu:3960,amcu,2-рк,2024-05-02,32777,db567e1b027ae5d1bb27c471a655b070,True,32
amcu:3961,amcu,3-рк,2024-05-09,25377,6dab41a344028a47d1c994a0d589fb31,True,26
amcu:3962,amcu,151-р,2020-03-05,1958,3074a2021625373a972927de3f9525c5,True,2
amcu:3963,amcu,152-р,2020-03-05,7783,8d8d3473cb7ffb62eb8dc044223dd80f,True,8
amcu:3964,amcu,153-р,2020-03-05,8644,d5a0292840ab8ba6f12f45a992d095b8,True,9
amcu:3965,amcu,154-р,2020-03-05,39061,fd55394f0a6c418a677d4dc2402d80ee,True,39
amcu:3966,amcu,155-р,2020-03-05,50118,53b3996252e4b219fe135202f79b046c,True,49
amcu:3967,amcu,156-р,2020-03-05,102024,c305ee0f29d2b0956bbd9fcee205c06e,True,102
amcu:3968,amcu,157-р,2020-03-05,40345,0a7d73bed6221a544720dc3158e6caa8,True,40
amcu:3969,amcu,158-р,2020-03-05,33648,9276882e1d2085acacdb0b572da182bf,True,33
amcu:397,amcu,519-р,2021-09-16,3699,3e797f32926dab0b7026f19480072cc6,True,4
amcu:3970,amcu,159-р,2020-03-05,44340,75b146a22c364ee6a7b05caa166094df,True,43
amcu:3971,amcu,160-р,2020-03-11,138824,9d53aac0af0f904a9e3be183d2983ba5,True,138
amcu:3972,amcu,167-р,2020-03-12,16311,1f363de2055c2ba7ea5a28e4b214a731,True,16
amcu:3973,amcu,168-р,2020-03-12,24928,970545be23cfdae084cb69f6ec763803,True,25
amcu:3974,amcu,169-р,2020-03-12,38512,b430469e8020941f6187e3d06079501f,True,38
amcu:3975,amcu,170-р,2020-03-12,41071,fe4f92fd0d51ffbf3d2db3b38755f7a0,True,41
amcu:3976,amcu,164-р,2020-03-12,23333,2092cc0776059cf620c68ca5bbedc1b1,True,24
amcu:3977,amcu,165-р,2020-03-12,19617,84fd05efe16078bcff0f8b35e175c181,True,19
amcu:3978,amcu,166-р,2020-03-12,15058,a5520b7449e770185b10c7cb27f70ffe,True,15
amcu:3979,amcu,172-р,2020-03-19,1949,17c44306cc9f518bc42ba526e218a696,True,2
amcu:398,amcu,520-р,2021-09-16,78625,8decc94f71292fa62afbf9468d0e4b4c,True,65
amcu:3980,amcu,175-р,2020-03-19,3325,4b0333664ced09c36e97bac5708d1d06,True,3
amcu:3981,amcu,171-р,2020-03-19,2424,cd969e7e368f84a304d0c9e69aab48cd,True,2
amcu:3982,amcu,179-р,2020-03-19,30708,5c30e0473316acbf5341dd38dcdd4a7f,True,31
amcu:3983,amcu,178-р,2020-03-19,6313,872f5a731f98fbfec8ebcdf309862fdd,True,6
amcu:3984,amcu,174-р,2020-03-19,3411,e3d896655b954fab727e3db64389cf6c,True,3
amcu:3985,amcu,185-р,2020-03-19,31876,50f6c45b295c3ab258b395cef4168ec2,True,31
amcu:3986,amcu,163-р,2020-03-12,11863,6b4ef343701b458a90f844882756e63f,True,12
amcu:3987,amcu,161-р,2020-03-12,7987,69d5b2d8a2bf64aa2a122e58bf18d166,True,8
amcu:3988,amcu,162-р,2020-03-12,10503,2ed69e7532eee1629ca96ca5d6731b6e,True,11
amcu:3989,amcu,181-р,2020-03-19,43653,f3690d5ab8804b4c90fe9dc597f5e127,True,44
amcu:399,amcu,521-р,2021-09-16,31794,c0340e6ce3125288b8da30265fcb30df,True,32
amcu:3990,amcu,182-р,2020-03-19,60810,593aa886352a4496d96df1f44a1618e6,True,61
amcu:3991,amcu,173-р,2020-03-19,2220,a4514b577899f9b35d6dab148162c95c,True,2
amcu:3992,amcu,183-р,2020-03-19,27421,fb036631d97cf329f725e24a5b9d9a4e,True,27
amcu:3993,amcu,176-р,2020-03-19,4293,20b60cc527bcdf0e3c5fa9d42c222a07,True,4
amcu:3994,amcu,177-р,2020-03-19,2947,49f9e9e74960e5eeebd3190acd93dbec,True,3
amcu:3995,amcu,180-р,2020-03-19,32180,187172118b638682a66fc534f8abd2f2,True,32
amcu:3996,amcu,191-р,2020-03-26,25613,7884e20e646a6e834eac1ccbac8d77ba,True,25
amcu:3997,amcu,184-р,2020-03-19,36007,830deb3d001bd311caec043f9dcbd429,True,36
amcu:3998,amcu,193-р,2020-03-26,31797,5532e296d833a991fd66febd0f75eb7a,True,32
amcu:3999,amcu,192-р,2020-03-26,42494,e6369d479eb14545deff774a8d9a38f5,True,42
amcu:4,amcu,923-р,2025-12-04,2121,a0e0abb0c4aee02e9db6b5cff2409948,True,2
amcu:40,amcu,959-р,2025-12-11,3286,f4041c66a382b4bdf144e8f922707a83,True,3
amcu:400,amcu,522-р,2021-09-16,64848,60d4976299bb2982f54874bd0d4b5607,True,65
amcu:4000,amcu,190-р,2020-03-26,30692,38ed548df30f118cff3efeb4257f5463,True,30
amcu:4001,amcu,189-р,2020-03-26,49062,9915a355eb3847e55cdec9c320a561e6,True,48
amcu:4002,amcu,194-р,2020-03-26,41345,ed294c38c072e91459b6abb1ff48c891,True,41
amcu:4003,amcu,186-р,2020-03-26,3924,b21c13cff7de49019357fd4416c4c99e,True,4
amcu:4004,amcu,187-р,2020-03-26,4122,2c6a78f57a591b55882bc18e1447a68e,True,4
amcu:4005,amcu,188-р,2020-03-26,4015,d9255488e6fdf0b18f1b01b1d7147932,True,4
amcu:4006,amcu,118-р,2024-04-04,4432,80c3c074228e1d4ad94552756ecd2c4a,True,5
amcu:4007,amcu,119-р,2024-04-04,3820,9389b987767598f36fd45c8182a04797,True,4
amcu:4008,amcu,120-р,2024-04-04,2867,e5cebf9364656753634e6fa0a38991a3,True,3
amcu:4009,amcu,121-р,2024-04-11,4837,f26b01d80a66b8e3e8bfe070bc3f7d46,True,5
amcu:401,amcu,523-р,2021-09-16,67113,117fe22d868b24348384c4ea7f8a9569,True,67
amcu:4010,amcu,122-р,2024-04-11,5770,0adf2858ea5d493fbdf7dc382ffcd95b,True,6
amcu:4011,amcu,123-р,2024-04-11,3279,b830ed9cb6bb01c6ae89fbee89d9320a,True,3
amcu:4012,amcu,124-р,2024-04-11,3733,292ecfa35e5adc01750076c7031c92a9,True,4
amcu:4013,amcu,125-р,2024-04-11,3686,d61ee387672048a9be2295f41196e904,True,4
amcu:4014,amcu,126-р,2024-04-11,3396,c124357bf1ec14e8931a5a5ccee372d2,True,3
amcu:4015,amcu,127-р,2024-04-11,3523,ebad2482671a9451cfb3c6ff9dae32b5,True,4
amcu:4016,amcu,128-р,2024-04-11,3380,e4d7db200536da5623e8eb3b185dd755,True,3
amcu:4017,amcu,129-р,2024-04-11,3517,2a092852f7cdf5e5b21ace668dd58151,True,4
amcu:4018,amcu,130-р,2024-04-11,2840,e50e87626f8fe6884c9f50274bd2a3ee,True,3
amcu:4019,amcu,131-р,2024-04-11,3228,1c25049e8d3371774045beb41386e96a,True,3
amcu:402,amcu,524-р,2021-09-23,4163,c1263ee6dd6dc28aeb07d197b21d1397,True,4
amcu:4020,amcu,132-р,2024-04-11,3015,9f01760cb348954f02c8e744cf92966d,True,3
amcu:4021,amcu,133-р,2024-04-11,3220,9e336d5fdc13b4a25243bb449f6232e4,True,3
amcu:4022,amcu,134-р,2024-04-11,3279,7770b990202bf5c69e7567eb4ac58088,True,3
amcu:4023,amcu,135-р,2024-04-18,3604,e0c0f2cf3ac612d397957f544260a5d7,True,4
amcu:4024,amcu,136-р,2024-04-25,3265,faa0d09e8512cbcecb7e6eb25ba6c953,True,3
amcu:4025,amcu,137-р,2024-04-25,4134,ff52d17337af1d030e7e0e3ae2c3c73c,True,4
amcu:4026,amcu,138-р,2024-04-25,4159,2d989d8025e3e748a9d1d1c1a831dc4c,True,4
amcu:4027,amcu,139-р,2024-04-25,4174,3c68c053e4a46b4f7283e155afa54ee5,True,4
amcu:4028,amcu,140-р,2024-04-25,3864,d6db48dc20ffaf0d214c6db284573a41,True,4
amcu:4029,amcu,141-р,2024-04-25,3862,f0336b16d98a8b6988888115e00aae61,True,4
amcu:403,amcu,525-р,2021-09-23,3995,6ae25636e973909f59dfa3f66bdd695e,True,4
amcu:4030,amcu,142-р,2024-04-25,4089,853985466ac2b7eeacaa58aa66b9b721,True,4
amcu:4031,amcu,143-р,2024-04-25,4429,c7e3dc2a7303892fb1cd4d842a35e52c,True,4
amcu:4032,amcu,144-р,2024-04-25,4528,12c0367e522bd09bdbb388e4ff0bece8,True,5
amcu:4033,amcu,145-р,2024-04-25,4248,8a31386dd6572b3fa8fd92226db8c0b9,True,4
amcu:4034,amcu,146-р,2024-04-25,3395,25127c0538e079a424e090a0094b7d35,True,3
amcu:4035,amcu,147-р,2024-04-25,3268,fc0ccaebf884e77a14dce9af38da3a0c,True,3
amcu:4036,amcu,148-р,2024-04-25,2288,8530f1a97d34a743a36fb7597fdece33,True,2
amcu:4037,amcu,149-р,2024-04-25,2237,1781b1428f9c7aa785b04dd22f29e9d0,True,2
amcu:4038,amcu,150-р,2024-04-25,39489,a36c113c0be13d97934d499a52b8eb94,True,39
amcu:4039,amcu,255-р,2023-10-05,2290,1ab08ba09ee381820b80956df3f99d75,True,2
amcu:404,amcu,526-р,2021-09-23,3987,310c1ffa5f214f87611d7a96cb37dbdb,True,4
amcu:4040,amcu,256-р,2023-10-05,2208,0f44a1f1b179e63db1381a03c5215735,True,2
amcu:4041,amcu,257-р,2023-10-05,3630,ab0f3cc1f2e006ba2e62816a5e4fcbaf,True,4
amcu:4042,amcu,258-р,2023-10-05,4609,8e9cb4f780656271df7c3afce684b2a3,True,5
amcu:4043,amcu,259-р,2023-10-05,4613,573b0c577224781c9bf2617926b9b96f,True,5
amcu:4044,amcu,260-р,2023-10-05,4661,f3e6e81b078cb949b8a186ea72e77eb2,True,5
amcu:4045,amcu,261-р,2023-10-05,4621,1d1f5117c21dd05ba1d1021df543db94,True,5
amcu:4046,amcu,262-р,2023-10-05,4618,0da75cb4cd9f1878e533d29facbb8fd0,True,5
amcu:4047,amcu,263-р,2023-10-05,4621,69fb91166aff093e3cd6b4bf06b8b8ec,True,5
amcu:4048,amcu,264-р,2023-10-05,2998,0fecadb578f0819ed7b3b3c62f0bf2e0,True,3
amcu:4049,amcu,265-р,2023-10-05,2608,59d0811111457643156bf3cbd2aaa651,True,3
amcu:405,amcu,527-р,2021-09-23,4080,5918d889952339858413d64907aa9a0c,True,4
amcu:4050,amcu,266-р,2023-10-05,3608,301e2feb2b55ee11077ef7dcdfacd650,True,4
amcu:4051,amcu,267-р,2023-10-05,4370,a118e1144724937b370ed02c5e8aa1d4,True,4
amcu:4052,amcu,268-р,2023-10-05,18393,037054eacdcfa4ee26287b593f3c34bd,True,18
amcu:4053,amcu,269-р,2023-10-05,18562,8a7c1cfc5593f0b42e05995f1512e46c,True,18
amcu:4054,amcu,270-р,2023-10-12,3517,aef844510e06c94e4998d8e8d4e29cd4,True,4
amcu:4055,amcu,271-р,2023-10-12,3652,5fed096720834106d274550dad70425d,True,4
amcu:4056,amcu,272-р,2023-10-12,3710,59a3d02a465cee0964ad8268557ff88f,True,4
amcu:4057,amcu,273-р,2023-10-12,3815,c6eba0064aa9bb839d532ecc73c040f9,True,4
amcu:4058,amcu,274-р,2023-10-12,4004,7fd4d4bb3e3b841999fa86e7c5f1f8cc,True,4
amcu:4059,amcu,275-р,2023-10-12,25783,b7fef1b5a0077dc12a7dc7059bba8577,True,25
amcu:406,amcu,528-р,2021-09-23,3997,2e4bad464e7d6eb8e43ba1a121151f81,True,4
amcu:4060,amcu,276-р,2023-10-12,25472,74484ad781c78e0dab2e1738882685f4,True,25
amcu:4061,amcu,277-р,2023-10-12,25558,972b86735928c5e02655bb66375568e4,True,25
amcu:4062,amcu,278-р,2023-10-12,7245,79bc5aceff63517664adf3e71df032d5,True,7
amcu:4063,amcu,279-р,2023-10-19,2869,10f6b1adde7ffbc123e3fbc49b10c412,True,3
amcu:4064,amcu,280-р,2023-10-19,3448,487435c400742f88c395facd4e211cb9,True,4
amcu:4065,amcu,281-р,2023-10-19,3413,5bc772cab90d5e5179b26bc5b4b67acb,True,4
amcu:4066,amcu,282-р,2023-10-19,60773,1ac0c57a86a5d7cbddf28689346601a4,True,60
amcu:4067,amcu,283-р,2023-10-19,180338,24efbde1d62975757b853bae4da5c76e,True,180
amcu:4068,amcu,284-р,2023-10-19,12616,df2ab60598c41f8846fa9098408c9bc1,True,12
amcu:4069,amcu,285-р,2023-10-19,12648,722d4c166169768b0b99009a1493d947,True,12
amcu:407,amcu,529-р,2021-09-23,4013,41a0de971bd812b8e962d76fc5ee9fa1,True,4
amcu:4070,amcu,286-р,2023-10-19,12709,6bf60361bd19f6609faa86a69a1e14db,True,12
amcu:4071,amcu,287-р,2023-10-19,12992,b3d2c9edf3063135501588ab3de1959e,True,13
amcu:4072,amcu,288-р,2023-10-19,12553,d781817aad47a180e76baba3de28fe58,True,12
amcu:4073,amcu,289-р,2023-10-19,12847,7c3e8b120d0d4e09e1a2dcf002b81765,True,13
amcu:4074,amcu,290-р,2023-10-19,12646,fe6762c16151260b293cf7f6ad6642a0,True,12
amcu:4075,amcu,291-р,2023-10-19,13079,6af78a557ace3ede63cbceec482fc0c9,True,13
amcu:4076,amcu,292-р,2023-10-19,12778,52df4f54920afc68c5a7138e47f6392b,True,13
amcu:4077,amcu,293-р,2023-10-19,12716,353a631b60891c481ba0a7d52f08673b,True,13
amcu:4078,amcu,294-р,2023-10-19,12587,077039d773795efe47f43199eab5687b,True,12
amcu:4079,amcu,295-р,2023-10-19,14132,a1e18da1de039ffb9d38fa9a0fbd7b98,True,14
amcu:408,amcu,530-р,2021-09-23,4073,8d8aae4ee340c3f315530263ed0941b6,True,4
amcu:4080,amcu,296-р,2023-10-19,12037,baf6d1ecb1eca40867f1efafd9fd7295,True,12
amcu:4081,amcu,297-р,2023-10-19,11986,f1b8e2ea9ada92578353153c5cd3ed99,True,12
amcu:4082,amcu,298-р,2023-10-26,5856,b8604f86cb74586786ca2e3bc9a34474,True,6
amcu:4083,amcu,299-р,2023-10-26,3646,87b2986da31b4603d57bd8181a568417,True,4
amcu:4084,amcu,300-р,2023-10-26,17089,a8301aa054401a771aa85c028904ef37,True,17
amcu:4085,amcu,301-р,2023-10-26,76865,bf54c695a7a322b33acfdf890a1886c0,True,77
amcu:4086,amcu,302-р,2023-10-26,74735,6a13f73fefc67d99085f1e340d6f4add,True,74
amcu:4087,amcu,303-р,2023-10-26,129183,79d3cff5609d0bfc5d23509a47989508,True,129
amcu:4088,amcu,304-р,2023-10-26,22268,2683488275c2658b277966e23b1ae0e4,True,22
amcu:4089,amcu,305-р,2023-10-26,16016,171c9ea60dcaec19b84b3701cc61c9b8,True,16
amcu:409,amcu,531-р,2021-09-23,4349,efa2d347676e097c3d5ae54fb1e38608,True,4
amcu:4090,amcu,24-рк,2020-05-07,24459,846001ab1833f93b8fd16deda2c8473a,True,24
amcu:4091,amcu,25-рк,2020-05-21,23882,4afe913d8f30f149634be190ac68f26f,True,23
amcu:4092,amcu,26-рк,2020-05-28,48071,6337812a44162debc73b98f26a830a01,True,48
amcu:4093,amcu,163-р,2022-08-04,9732,2834a303c22d50ec7a26fa45cd640353,True,10
amcu:4094,amcu,164-р,2022-08-04,3744,4e488dfcbc00e27822e67558e9be4a9a,True,4
amcu:4095,amcu,165-р,2022-08-04,4659,98f348040b33b8d94535e4dd1ce2f7c5,True,5
amcu:4096,amcu,166-р,2022-08-04,3727,71585fc03cb363ecc589e0a354cf7897,True,4
amcu:4097,amcu,167-р,2022-08-04,5193,ba55c3862b35878d9d8ea93a5f8a610c,True,5
amcu:4098,amcu,168-р,2022-08-04,4752,71cb00ee7f1e2ffc465031caae699139,True,5
amcu:4099,amcu,169-р,2022-08-04,4764,74bdba5f9e7f24365d1e74082414e7b6,True,5
amcu:41,amcu,960-р,2025-12-11,3066,2b9ad2f3febf0b0e525ac5949f5a001b,True,3
amcu:410,amcu,532-р,2021-09-23,3932,9fa466684a85b85d89dd50244c4f872a,True,4
amcu:4100,amcu,170-р,2022-08-04,4765,87736717c7e05fbe73f0d26c485bdac0,True,5
amcu:4101,amcu,171-р,2022-08-11,5128,1657ba10dcd201a16fba0da53cde4983,True,5
amcu:4102,amcu,172-р,2022-08-11,5075,97b877191469af8579ea80e1dd962dbb,True,5
amcu:4103,amcu,173-р,2022-08-11,94884,30126a26200ac389848c594ba1391ddb,True,95
amcu:4104,amcu,174-р,2022-08-18,1984,e6fa95c588fc61e3f1456dd23bcacd95,True,2
amcu:4105,amcu,175-р,2022-08-18,2263,9a5038e412f103182295dfd94e96658d,True,2
amcu:4106,amcu,176-р,2022-08-18,2546,8769a35e04e6f80c3a58049d65ddc42d,True,3
amcu:4107,amcu,177-р,2022-08-18,3890,a0f55039e4eaf24ac881aef7c3d0c99d,True,4
amcu:4108,amcu,178-р,2022-08-18,3942,0e83fdacfb27f4cc37670426f32e85c1,True,4
amcu:4109,amcu,179-р,2022-08-18,3939,11490d3b77193876e92ab86c769f88a1,True,4
amcu:411,amcu,533-р,2021-09-23,5767,40af24b0afb7d03245de8777d8e9542f,True,6
amcu:4110,amcu,180-р,2022-08-18,3938,134d4cd9222270dc203e171de7ec7d14,True,4
amcu:4111,amcu,181-р,2022-08-18,3961,258f9e32af50f2fc09ee00a3edc69a65,True,4
amcu:4112,amcu,182-р,2022-08-18,3841,ba30110c8e931ceee2ea9c668d990a8a,True,4
amcu:4113,amcu,183-р,2022-08-18,3922,4d79856171d6a2c3b6b166704ae7d885,True,4
amcu:4114,amcu,184-р,2022-08-18,3965,7b1e8e400b29a846e7ba64c938b4f492,True,4
amcu:4115,amcu,185-р,2022-08-18,46576,1358f09648d9e10f96c0ceb3c66883d6,True,46
amcu:4116,amcu,186-р,2022-08-18,10466,7a806470d46a7d23069b549b0f7d3846,True,11
amcu:4117,amcu,187-р,2022-08-18,4109,d1117ff32fbc24219508896bc221c6d3,True,4
amcu:4118,amcu,188-р,2022-08-18,4109,2b7e3abf744831f5a698f22b9892fd53,True,4
amcu:4119,amcu,189-р,2022-08-26,10402,0011ecddabd62a21d8c77a8557effea2,True,10
amcu:412,amcu,534-р,2021-09-30,4863,7b396176af23063a970fe483f070e99a,True,5
amcu:4120,amcu,190-р,2022-08-26,10042,8fe26e18399fac4b617ab13268d1b256,True,10
amcu:4121,amcu,191-р,2022-08-31,4584,0dedad57143b0f0a7970cb9ebca291b1,True,5
amcu:4122,amcu,192-р,2022-08-31,4587,3fc04f9df79bd42f47df0b4944672007,True,5
amcu:4123,amcu,193-р,2022-08-31,1943,e9932c121f6b3193d918c3239d584216,True,2
amcu:4124,amcu,470-р,2020-08-06,83926,568719ab0f7a437e148068243f80121d,True,84
amcu:4125,amcu,471-р,2020-08-06,2312,1986230d7affea58caa305b266155d2e,True,2
amcu:4126,amcu,472-р,2020-08-06,2363,9f0028da5174a9292d6c1757f3a9b779,True,2
amcu:4127,amcu,473-р,2020-08-06,2577,9aca1b4c472781f192a5f2b19338443b,True,3
amcu:4128,amcu,474-р,2020-08-06,2693,ea65f0f6ab5a96870689c39c938ab48f,True,3
amcu:4129,amcu,475-р,2020-08-06,2773,c9643ddb6366393d2cba085b4d1a4a60,True,3
amcu:413,amcu,535-р,2021-09-30,42893,e0329065ee4f8bd919acb030b0b425f4,True,43
amcu:4130,amcu,476-р,2020-08-06,9535,2c661d1c9378a2e2b752cd71f22e60d9,True,9
amcu:4131,amcu,477-р,2020-08-06,4543,582d73aa1f1255dcaa0ae66481047e98,True,5
amcu:4132,amcu,478-р,2020-08-06,4868,765c7391439e3c285b401b2786462086,True,5
amcu:4133,amcu,479-р,2020-08-06,4825,a18fb99e10feabe0d84d101df7d2786b,True,5
amcu:4134,amcu,480-р,2020-08-06,4716,eda4648f6a217b40a683f39983420853,True,5
amcu:4135,amcu,481-р,2020-08-06,4744,bc0c4ddd239965a9b025cf9fdefac2be,True,5
amcu:4136,amcu,482-р,2020-08-06,4844,ac3736e11ec3f7e55e2abd579e21bd5f,True,5
amcu:4137,amcu,483-р,2020-08-06,4652,9d80734c8f665a53b99e65461f34a22f,True,5
amcu:4138,amcu,484-р,2020-08-06,4678,0a558498dcfb1b237d802b2e4ddb4057,True,5
amcu:4139,amcu,485-р,2020-08-06,4787,aeca46a92fc3bccd93d93b21c93a8977,True,5
amcu:414,amcu,536-р,2021-09-30,11884,0661b4886fcd47034b95eb022a480623,True,12
amcu:4140,amcu,486-р,2020-08-06,4820,097c8d122167271fc40069a8781d7bd1,True,5
amcu:4141,amcu,487-р,2020-08-06,4707,1f406193c0ac6116281203492138f6f6,True,5
amcu:4142,amcu,488-р,2020-08-06,4708,b207433b7ec5ec79d1d6c99bf2004491,True,5
amcu:4143,amcu,489-р,2020-08-06,4813,0209e6e327946d001a5e6585e304780b,True,5
amcu:4144,amcu,490-р,2020-08-06,4173,01c6bedea0e2c2648194b46c58842b68,True,4
amcu:4145,amcu,491-р,2020-08-06,4906,042fca933775851f4c51d28402943cff,True,5
amcu:4146,amcu,492-р,2020-08-06,40071,39601042c42d619b842acfb38bc4d39f,True,39
amcu:4147,amcu,493-р,2020-08-06,39475,7fbaf5ec456054af95cad5d60b30912f,True,39
amcu:4148,amcu,494-р,2020-08-06,68605,4d5b82b0b6bc761dded2f76c44d5e36c,True,68
amcu:4149,amcu,495-р,2020-08-13,18291,46c61fd39d9beff7309f2cd6f77c7c6f,True,18
amcu:415,amcu,537-р,2021-09-30,12060,0db94a9fbdc1f73047a8388e024c2ad2,True,12
amcu:4150,amcu,496-р,2020-08-13,17927,66fdd7e845861d5e8446bc5b845990b1,True,18
amcu:4151,amcu,497-р,2020-08-13,2568,949f4fc4103927895985ca6665e58287,True,3
amcu:4152,amcu,498-р,2020-08-13,2333,b072c5aedd0d6e726d98c3f27c6487b5,True,2
amcu:4153,amcu,499-р,2020-08-13,2168,80023766a46d3dc58e17249b4590617c,True,2
amcu:4154,amcu,500-р,2020-08-13,2885,60a6a80091f9f838db5bc5b7006c6abc,True,3
amcu:4155,amcu,501-р,2020-08-13,4192,ba166b019cb53462a08437f8223fd8a1,True,4
amcu:4156,amcu,502-р,2020-08-13,5061,8e4fae17a553decfed8911ec2ea6956f,True,5
amcu:4157,amcu,503-р,2020-08-13,4099,ac114001c932138121d0194a63e3a35a,True,4
amcu:4158,amcu,504-р,2020-08-13,3831,f7527e6a0f75555c8e02abe6c250b1ea,True,4
amcu:4159,amcu,505-р,2020-08-13,3750,086e3cff34cfba594f9d704bc750d601,True,4
amcu:416,amcu,538-р,2021-09-30,34975,9f774f3060675e62c038a2880babcc96,True,35
amcu:4160,amcu,506-р,2020-08-13,3378,95a5f865d128ce386bbe933dc2a48a74,True,3
amcu:4161,amcu,507-р,2020-08-14,43584,b3b01d48b15cf3e33107557c98ccb59f,True,43
amcu:4162,amcu,508-р,2020-08-14,30914,ee3f1aae3292690d9a338d8809d3356f,True,30
amcu:4163,amcu,509-р,2020-08-14,50321,1f3a736352928cd865987fe3312755fe,True,50
amcu:4164,amcu,510-р,2020-08-14,29868,03f09f72438d655aa1f6c6c8368e896a,True,30
amcu:4165,amcu,511-р,2020-08-20,67521,4b3d3740af38e13be88839507bbe92e1,True,67
amcu:4166,amcu,512-р,2020-08-20,2450,7edb1dc6b0a882743a41e6fad7468836,True,2
amcu:4167,amcu,513-р,2020-08-20,2319,e45cb53a3a52c71904ca9a353b086643,True,2
amcu:4168,amcu,514-р,2020-08-20,2406,a8515d5d614660a8b9b6c2cb14230b1b,True,2
amcu:4169,amcu,515-р,2020-08-20,2589,b92ee5158727bf8d8516f49e03ab4e17,True,3
amcu:417,amcu,539-р,2021-09-30,2126,d439eb29446c5fdfc2ac0340cfec9585,True,2
amcu:4170,amcu,516-р,2020-08-20,2676,ec54f607b150dfa660f9caaa84ed00ac,True,3
amcu:4171,amcu,517-р,2020-08-20,2513,ccd7ea5744795440dc77e5771906f74c,True,3
amcu:4172,amcu,518-р,2020-08-20,2428,164214183ff4ac58347ea206688d0bdc,True,2
amcu:4173,amcu,519-р,2020-08-20,2453,3ca3d2d05c500899879ff71c80d316ba,True,3
amcu:4174,amcu,520-р,2020-08-20,2642,12f7c271f2959a870b1cf5c9a26add31,True,3
amcu:4175,amcu,521-р,2020-08-20,2551,adee9bd26cb910a2548728083a0f3fab,True,3
amcu:4176,amcu,522-р,2020-08-20,2566,ea2548ccbdccd7e95c4b1bf9087af51e,True,3
amcu:4177,amcu,523-р,2020-08-20,2531,14034e1c1d950d78f575fe1f6f0869d9,True,3
amcu:4178,amcu,524-р,2020-08-20,2775,1ab560f2d342486b4c82a1168ae7281e,True,3
amcu:4179,amcu,525-р,2020-08-20,2049,e8dcc33edc3f08787c469e1d4cd58b7c,True,2
amcu:418,amcu,540-р,2021-09-30,2394,c2ebb626c655805fc78b0e9ba0e601e0,True,2
amcu:4180,amcu,526-р,2020-08-20,2186,ffefed5c6dfdd69ac80eba0ef89bca08,True,2
amcu:4181,amcu,527-р,2020-08-20,2188,80ffefeb77df2e51b4d4020d17ea8188,True,2
amcu:4182,amcu,528-р,2020-08-20,5921,49f1d7ecce908401a01f731c92dee14d,True,6
amcu:4183,amcu,529-р,2020-08-20,5873,d0ba0d98035af8f9674209b752d2cad4,True,6
amcu:4184,amcu,530-р,2020-08-20,5801,82b63386ea633c204b1687b5fd02c174,True,6
amcu:4185,amcu,531-р,2020-08-20,3764,6c065ac8a6ee1eddd1207e00b74c41bd,True,4
amcu:4186,amcu,532-р,2020-08-20,3616,11b8da9dc476b45e8c3b93944488249c,True,4
amcu:4187,amcu,533-р,2020-08-20,5681,86ab6e45afa35666c6da32cf9d63a9ed,True,6
amcu:4188,amcu,534-р,2020-08-20,5829,4d39ec88551cdce662e0d3bb0385e585,True,6
amcu:4189,amcu,535-р,2020-08-20,5075,912fb6e1aaba76d60d61364f1d330713,True,5
amcu:419,amcu,541-р,2021-09-30,4126,fc5466a5a6c5b68b7ac0047ee7e06ebd,True,4
amcu:4190,amcu,536-р,2020-08-20,15615,65bae8edb4bbb8c6376c504844383d30,True,16
amcu:4191,amcu,537-р,2020-08-20,34953,99bbb3656f5dbf6ae9253ded0f637f01,True,35
amcu:4192,amcu,538-р,2020-08-20,41187,2829c45c93180113433368921dbbe808,True,40
amcu:4193,amcu,539-р,2020-08-20,73416,34e01c6494ce2f887f43499788129058,True,74
amcu:4194,amcu,540-р,2020-08-20,19322,1c3f9be26189c2aee0e69927f2d3ced3,True,19
amcu:4195,amcu,541-р,2020-08-20,78984,7b369a00f9d7098c01ca77e0ace3b3f7,True,79
amcu:4196,amcu,542-р,2020-08-20,33177,74fa84343e4e961eafcef9848bddaadc,True,33
amcu:4197,amcu,543-р,2020-08-20,20117,c5d0a1fdd41d196996fee0afade0a127,True,20
amcu:4198,amcu,544-р,2020-08-20,27539,707741eac11e95d227080ed56377a0d1,True,28
amcu:4199,amcu,545-р,2020-08-20,27511,4397d3f018359fde75a58ad7928de315,True,28
amcu:42,amcu,961-р,2025-12-11,2711,4b0851fb5ffa2eade9d12511bc172dc9,True,3
amcu:420,amcu,542-р,2021-09-30,4495,9a861c4edc6a4f03d7220d4850cdbf76,True,5
amcu:4200,amcu,546-р,2020-08-20,26572,8a3bc261d741f1b906fbc685ac28f339,True,27
amcu:4201,amcu,547-р,2020-08-20,15225,eec2b1b9c5d04b674fb3dd32f02e5bd2,True,15
amcu:4202,amcu,548-р,2020-08-20,14851,9c86f5b7f02cd88653eef7c047ebacab,True,15
amcu:4203,amcu,549-р,2020-08-20,70758,f0094caf25a04003c7d5747aea187ad3,True,70
amcu:4204,amcu,550-р,2020-08-27,2158,ad06ff452e15450860eb2e56c8c4ec98,True,2
amcu:4205,amcu,551-р,2020-08-27,2105,f3f26c5ff088e0f652b083b6090b1b08,True,2
amcu:4206,amcu,552-р,2020-08-27,91394,d8729a9d5cd0b95fbb3e276a5efdc452,True,89
amcu:4207,amcu,553-р,2020-08-27,91399,b8ebde174b0210417e3c0c6d05d0a3c2,True,89
amcu:4208,amcu,554-р,2020-08-27,91417,6dac9bf079dbf9138560639796a09625,True,89
amcu:4209,amcu,555-р,2020-08-27,91419,17305fb56ef84baac7e8af340efee1dc,True,89
amcu:421,amcu,543-р,2021-09-30,2153,0abd362bf00fbd8f6e03799f6a76afb2,True,2
amcu:4210,amcu,556-р,2020-08-27,91425,a39c9e14a218ec701fd875e5c343a671,True,89
amcu:4211,amcu,557-р,2020-08-27,91425,c50d7ed25b01820c1732d7a5bbfe322a,True,89
amcu:4212,amcu,558-р,2020-08-27,4162,cf9e388d318b78097498d497df1ebc8a,True,4
amcu:4213,amcu,559-р,2020-08-27,6165,c5fc01bf845dac63bb21b572724b5716,True,6
amcu:4214,amcu,560-р,2020-08-27,6203,0b103135ed1c8bf06104bcd1d20fe806,True,6
amcu:4215,amcu,561-р,2020-08-27,3346,a094686e0ed81a66081e5e3eb1663e6b,True,3
amcu:4216,amcu,562-р,2020-08-28,16970,66e4ddc50868bc28365dd173f1267216,True,17
amcu:4217,amcu,563-р,2020-08-28,45551,578d89a3e6cdbe73575e2cca20ad460e,True,45
amcu:4218,amcu,2,,2362,059446cc441b16c1081bbadb7f39ddbe,True,2
amcu:4219,amcu,42,,27183,a4170ca0ae52f113a8a57938d5868d65,True,27
amcu:422,amcu,544-р,2021-09-30,2152,baf09c71f7c625eb2a048b4ca8ff09d9,True,2
amcu:4220,amcu,608-р,2020-10-01,71518,5c7bcfcbaa814fc4adc4fe34ed3d87ff,True,68
amcu:4221,amcu,609-р,2020-10-01,2219,64ec31f7144dd8124ec8edf70ae91d2f,True,2
amcu:4222,amcu,610-р,2020-10-01,2134,a95d55530378a96aea1251ae4507c643,True,2
amcu:4223,amcu,611-р,2020-10-01,64588,d12358f081d6cc9839405646a3635ba4,True,64
amcu:4224,amcu,612-р,2020-10-01,27817,1283db85a4c02728f1f4f36f7404b65d,True,28
amcu:4225,amcu,613-р,2020-10-01,14132,1852e7c72a1ccba5bf6eeaaed57c3707,True,14
amcu:4226,amcu,614-р,2020-10-01,14002,51f197f71e04a4dd81c6018d5b443d6d,True,14
amcu:4227,amcu,615-р,2020-10-01,33266,54a3207583e535a6126fb777a33da07e,True,33
amcu:4228,amcu,616-р,2020-10-01,62904,f8fc5269b4e7f18acb9c872835e12a12,True,62
amcu:4229,amcu,617-р,2020-10-01,68803,5e24a8210bf8c9ba9b730bb094e9460d,True,68
amcu:423,amcu,545-р,2021-09-30,6734,bf7876ac31928d475e5a2a9a67b2f348,True,7
amcu:4230,amcu,618-р,2020-10-01,53149,66474e7ead84575bbc0cc4330278c88f,True,52
amcu:4231,amcu,619-р,2020-10-08,2712,9463a31de69b556258c6c5939e7979c0,True,3
amcu:4232,amcu,620-р,2020-10-08,2600,d2d8c045f43d6e78ad9748e47786a7bb,True,3
amcu:4233,amcu,621-р,2020-10-08,2884,2778f8191094eacf55114fa9bd3249d4,True,3
amcu:4234,amcu,622-р,2020-10-08,8003,a3c0ecaf4bb128ac53e3f6ae65da34c8,True,8
amcu:4235,amcu,623-р,2020-10-08,4114,1b9d184692125b3ea0ef71011a329739,True,4
amcu:4236,amcu,624-р,2020-10-08,3853,0d64791ccf033ee996467d3eeb032cda,True,4
amcu:4237,amcu,625-р,2020-10-08,3967,0d093528418a3889a2b087706bd16ea2,True,4
amcu:4238,amcu,626-р,2020-10-08,2664,b97d121df8bb252383ce20569c41dbb6,True,3
amcu:4239,amcu,627-р,2020-10-08,13103,b38cf99077a49a2cb47e75ea98168495,True,13
amcu:424,amcu,546-р,2021-09-30,6731,764dcee13cd771959a0c925c894cd5fe,True,7
amcu:4240,amcu,628-р,2020-10-08,12815,c9ca26f2603564bd6289b78a1787779b,True,13
amcu:4241,amcu,629-р,2020-10-08,12734,5eebc847848edf9976102e38057cb0ac,True,13
amcu:4242,amcu,630-р,2020-10-08,10891,e3f92541abde51d5509cfb514a37bdb9,True,11
amcu:4243,amcu,631-р,2020-10-08,61410,94e06a1832dd595bcadeb58d42f3644e,True,61
amcu:4244,amcu,632-р,2020-10-08,26797,c0f6c634152d2637ad8cc71a90b64188,True,27
amcu:4245,amcu,633-р,2020-10-08,81417,40203536824c9bfdab2d18fdf6b93f34,True,80
amcu:4246,amcu,634-р,2020-10-15,15318,91e94a2dd7e51ddea54fc0eca1fee50c,True,15
amcu:4247,amcu,635-р,2020-10-15,33476,bdae0dcc8b617c0653cf762b3f70ce78,True,33
amcu:4248,amcu,636-р,2020-10-15,26840,be2491b474005b934b20f94854b906ad,True,27
amcu:4249,amcu,637-р,2020-10-15,50926,d8e43b7dbfece00080a5be27efc27ab8,True,51
amcu:425,amcu,547-р,2021-09-30,4771,9f5829d3141dbb785e0caaf932836ad3,True,5
amcu:4250,amcu,638-р,2020-10-15,77728,e9d294f48c01c0814eec08ff8bb964d2,True,77
amcu:4251,amcu,639-р,2020-10-15,78464,a5d4c80652e25ce02f9c1c469e8e444a,True,77
amcu:4252,amcu,640-р,2020-10-15,52035,e45e29f6a09fef0960a1198651dcebeb,True,51
amcu:4253,amcu,641-р,2020-10-15,3271,14b849268f500583d251eb62be9d006d,True,3
amcu:4254,amcu,642-р,2020-10-15,3271,7a0d23daf2c53e72596758f5e29b7f53,True,3
amcu:4255,amcu,643-р,2020-10-15,3308,4f3d53f65d107a0ed313d1a3157a42e3,True,3
amcu:4256,amcu,644-р,2020-10-15,3099,015c27d83a1d519969f9c4e1266713b0,True,3
amcu:4257,amcu,645-р,2020-10-15,5480,a920b98efe8e5650eb4e95472a6a8aa0,True,6
amcu:4258,amcu,646-р,2020-10-22,2685,ab9d9b0953de017841e2105bd409adaf,True,3
amcu:4259,amcu,647-р,2020-10-22,2500,868fa84546b24158750d7e1ef40a3db2,True,2
amcu:426,amcu,548-р,2021-09-30,3129,cd5406965faccbc87e7f116d438747b3,True,3
amcu:4260,amcu,648-р,2020-10-22,2499,18e263864fc37dcd1e2b25d6d5b071cf,True,3
amcu:4261,amcu,649-р,2020-10-22,2603,9416534bc3c226836576804ef62c305c,True,3
amcu:4262,amcu,650-р,2020-10-22,5102,cb47ae38599960dcf73719683d7461b9,True,5
amcu:4263,amcu,651-р,2020-10-22,2616,8c6c0ec089dbaace91f4dd616323e8a9,True,3
amcu:4264,amcu,652-р,2020-10-22,11320,bd16c46568962067b0ecc41dc0d0ba3c,True,11
amcu:4265,amcu,653-р,2020-10-22,12920,6e40ad4b5d04e73807185b8c83de78c7,True,13
amcu:4266,amcu,654-р,2020-10-22,28657,eea2515dff308ebf66ede574590d68d0,True,29
amcu:4267,amcu,655-р,2020-10-22,26713,6e8e270e4c2c40648c83dfb20c23ffb7,True,27
amcu:4268,amcu,656-р,2020-10-22,28274,66a10fa718699fe22dc63c70ae75ca52,True,28
amcu:4269,amcu,657-р,2020-10-22,26927,5834773ff7d1c13706846dc020d7764a,True,27
amcu:427,amcu,549-р,2021-09-30,7567,70b84be0bd705b7075c6a9c90e5af8a6,True,8
amcu:4270,amcu,658-р,2020-10-22,31899,a8e9de2db9f4c7640a369aa7d79b1a77,True,32
amcu:4271,amcu,659-р,2020-10-22,36487,34221ebdaa45951d46fae97d69de0bb0,True,36
amcu:4272,amcu,660-р,2020-10-28,2395,9e94baac3a6d743e8d3340d22d75bcbe,True,2
amcu:4273,amcu,661-р,2020-10-28,2424,cbfd23522ba4b7429e71f0fbff9e3339,True,2
amcu:4274,amcu,662-р,2020-10-28,2856,d8079dffd017ef8a2609e76fe968457a,True,3
amcu:4275,amcu,663-р,2020-10-28,2854,73c19f6eb1f8a24a0390cfa4326f746b,True,3
amcu:4276,amcu,664-р,2020-10-28,2909,738427df5867d254dcbb542267223a6b,True,3
amcu:4277,amcu,665-р,2020-10-28,3128,5d13a85c2f9e8ac891174ee566f7f34a,True,3
amcu:4278,amcu,666-р,2020-10-28,3204,47a197f72581b745832e78f5c4a92795,True,3
amcu:4279,amcu,667-р,2020-10-28,3461,40ceac4966aecc5f312db1f9de0771e1,True,3
amcu:428,amcu,279-р,2019-04-25,3666,967af6d2af9a0cdd77a5c68379568214,True,4
amcu:4280,amcu,668-р,2020-10-28,3395,a6971419d694a969eb416a64eff28350,True,3
amcu:4281,amcu,669-р,2020-10-28,3433,ebfe2f2dada5f6b2a8ef1ae12abc4ab1,True,3
amcu:4282,amcu,670-р,2020-10-28,3531,2353f586ed973f9f6731384b1689b160,True,3
amcu:4283,amcu,671-р,2020-10-28,3568,1091fb97283a7fb6e8ab799c9f8a5dd8,True,4
amcu:4284,amcu,672-р,2020-10-28,3657,4d78443f1d970e1740e38d0d41272c95,True,4
amcu:4285,amcu,673-р,2020-10-28,2821,b7828c3ce80fb28f01b049095c93d50a,True,3
amcu:4286,amcu,674-р,2020-10-28,87452,484df3b8ffb687cbc6a9793e580e741c,True,86
amcu:4287,amcu,675-р,2020-10-28,88737,aa7970d1433985f28cdc9b9490905ff7,True,88
amcu:4288,amcu,676-р,2020-10-28,58809,498d4b266f0d95e0d45b28111916e3a6,True,59
amcu:4289,amcu,677-р,2020-10-29,242204,f376e650de9e2fddf1bbea972f3250f6,True,228
amcu:429,amcu,277-р,2019-04-25,2350,fb121d8b2ac171301347a923326d04c7,True,2
amcu:4290,amcu,678-р,2020-10-29,13920,3cbf1e31ebc4f3eb79a731c0eeecb275,True,14
amcu:4291,amcu,679-р,2020-10-29,3638,355e93816494e1eb1e3a3ccb526cf81d,True,4
amcu:4292,amcu,53-rk,2019-08-29,59963,8814b4f51b24cf09190449028045a658,True,60
amcu:4293,amcu,360-р,2019-05-28,26509,2ed4f77451e4bec73edff23939858a6d,True,26
amcu:4294,amcu,361-р,2019-05-28,109073,f6a3449fbd60b8d01a91886a486bb1d6,True,108
amcu:4295,amcu,549-р,2019-08-13,3195,bf022cc52add93075e2f5d9e693a93ab,True,3
amcu:4296,amcu,550-р,2019-08-13,3164,457cf648338ae578cff71b66e0a6bb48,True,3
amcu:4297,amcu,551-р,2019-08-13,4963,d9756e43cf392882db7f9e69cac74263,True,5
amcu:4298,amcu,552-р,2019-08-13,4502,ae5a588a260a9ead01b8a81c63dad83b,True,4
amcu:4299,amcu,553-р,2019-08-13,3908,65d5707526c24bb73806f445c87c4271,True,4
amcu:43,amcu,962-р,2025-12-11,4047,348fefe0018900ceaf7c060b0e374b3c,True,4
amcu:430,amcu,278-р,2019-04-25,2336,69c53367b8f4d39896f9e4ba6495644f,True,2
amcu:4300,amcu,554-р,2019-08-13,3167,e3f199331c8bf3a7d253ad9ee65d1875,False,0
amcu:4301,amcu,555-р,2019-08-13,22897,30265c49bdbf1b58179756adc0e02604,True,23
amcu:4302,amcu,556-р,2019-08-13,27106,349c59f060967b64a32ae7d2a41a51c7,True,27
amcu:4303,amcu,558-р,2019-08-13,50489,7de187f249f1d39646ad529b5a1e0c23,True,50
amcu:4304,amcu,559-р,2019-08-13,60224,302d1d098c167650f52ef7a8f2e33109,True,59
amcu:4307,amcu,200-р,2019-04-04,379826,c038c6a80011633d4039fe3ce413f3a0,True,344
amcu:4308,amcu,8-рк,2023-12-26,17383,dbfd75db672a08f0b041ea38798566d6,True,17
amcu:4309,amcu,52-rk,2019-07-25,30674,cc29832de05b9c78495bb3158756d436,True,31
amcu:431,amcu,280-р,2019-04-25,1903,02d1cf2a8ac11a2157eca9051a004164,True,2
amcu:4310,amcu,112-р,2026-02-05,3551,0507e62880ec85a12f2e45c5818ae567,True,4
amcu:4311,amcu,113-р,2026-02-05,2857,60edee6c20bcb5fd53d143385d71d425,True,3
amcu:4312,amcu,114-р,2026-02-05,3114,fda7b1e83e1cae832f834a06fed973a6,True,3
amcu:4313,amcu,115-р,2026-02-05,3317,d2f9d154d1e672887b8be0988975fa87,True,3
amcu:4314,amcu,116-р,2026-02-05,4044,65d295d3c395497f48c8a6f3993f0dd6,True,4
amcu:4315,amcu,117-р,2026-02-05,3130,c967fffed18b2e92ff16fd8b78431364,True,3
amcu:4316,amcu,118-р,2026-02-05,3594,231b000e784a3bfc98b52e050de2884b,True,4
amcu:4317,amcu,119-р,2026-02-05,2827,c0829671a770cdfb4c4836895f0a60db,True,3
amcu:4318,amcu,120-р,2026-02-05,2765,efeba568f694953945d3c77087312719,True,3
amcu:4319,amcu,121-р,2026-02-12,3289,25b41e17c9d9d46c66ed7e6806bc6d83,True,3
amcu:432,amcu,281-р,2019-04-25,1984,ecf0b330f6979ca14857896f541088a5,True,2
amcu:4320,amcu,122-р,2026-02-12,3259,9a95c1ad6162ed6b69ea819296055089,True,3
amcu:4321,amcu,123-р,2026-02-12,2830,435c8b431eb3853e6da26fb46758b070,True,3
amcu:4322,amcu,124-р,2026-02-12,10127,1092e7774d39cce998697bb394c173ba,True,10
amcu:4323,amcu,125-р,2026-02-19,3274,c5282ad45bb6d4195af84f289f06d34b,True,3
amcu:4324,amcu,126-р,2026-02-19,3337,f5a6d2188df3999e39dee25daabbedc1,True,3
amcu:4325,amcu,127-р,2026-02-19,3280,13cbc75216f932c1d091282857ff1a36,True,3
amcu:4326,amcu,128-р,2026-02-19,3290,b9334a06e116487bd06b7a3f51ff2af2,True,3
amcu:4327,amcu,129-р,2026-02-19,3343,a0037d35de78f4b1418f73861d5825fc,True,3
amcu:4328,amcu,130-р,2026-02-19,3330,391f1fa17467c305f7435d436f0d4ada,True,3
amcu:4329,amcu,131-р,2026-02-19,3296,f37f1faf111e694688099dfe0a73814a,True,3
amcu:433,amcu,282-р,2019-04-25,78844,20e31b7b6ce50849077006752f8aa50a,True,78
amcu:4330,amcu,132-р,2026-02-19,3307,bfdec7b9316d62a78db613f801f5fcb6,True,3
amcu:4331,amcu,133-р,2026-02-19,2249,0f8937f5808228064ed0dba71f6fec92,True,2
amcu:4332,amcu,134-р,2026-02-19,2221,8ed2ad4c1c79718fb6d8c93779cd8d6b,True,2
amcu:4333,amcu,135-р,2026-02-19,2212,f61517ce30ef432fbd570ba661ac00d4,True,2
amcu:4334,amcu,136-р,2026-02-19,2207,621ee649cd1367984d4ca5f5642287cb,True,2
amcu:4335,amcu,137-р,2026-02-19,2212,945d835636def02b479c01d329c0375e,True,2
amcu:4336,amcu,138-р,2026-02-19,2196,b6cc6156f7a98456b971f9a590f38082,True,2
amcu:4337,amcu,139-р,2026-02-19,2292,1452c897c2d2a44a8c3ea3ea46fd8aeb,True,2
amcu:4338,amcu,140-р,2026-02-19,2316,fc0c05b74a04769bdba7d014d8fc9607,True,2
amcu:4339,amcu,141-р,2026-02-19,2322,4a9d95f2e8ff46bafa79b6a777a21b83,True,3
amcu:434,amcu,283-р,2019-04-25,78559,2b23ec1352e1ced1f06318f8cf274e01,True,78
amcu:4340,amcu,142-р,2026-02-19,2347,8fe927ca31723d801ca522bbfe1a5b85,True,3
amcu:4341,amcu,143-р,2026-02-19,2337,11375f2e214315cd91af762f2274a9d2,True,3
amcu:4342,amcu,144-р,2026-02-19,2315,6f908d64b7890eaaa66e48138f0aadb4,True,3
amcu:4343,amcu,145-р,2026-02-19,2295,cf1e8598e9ae9cdbafec010f579ab5db,True,2
amcu:4344,amcu,146-р,2026-02-19,2302,7cb6e85e3fa719f1044f05bd346ce85d,True,2
amcu:4345,amcu,147-р,2026-02-19,2317,fe9cf5a351664352c6083aa9590361a3,True,2
amcu:4346,amcu,148-р,2026-02-19,2184,17782b1cd1533c5843cff7c98b23f5ff,True,2
amcu:4347,amcu,149-р,2026-02-19,2182,b21cbc703859b00128071943df54e671,True,2
amcu:4348,amcu,150-р,2026-02-19,2183,73b11cb3f390a5846ff2c983e256269c,True,2
amcu:4349,amcu,151-р,2026-02-19,2183,2c0d1fe9c29892fa262709eba5b37e23,True,2
amcu:435,amcu,284-р,2019-04-25,43510,84f9cfb0f3655f96cc30aab789972789,True,43
amcu:4350,amcu,152-р,2026-02-19,2183,c0d956b6ee42e835ddc14687e54f3ca1,True,2
amcu:4351,amcu,153-р,2026-02-19,2183,20c3f49bbf3444e0e0c76ae6a022af2b,True,2
amcu:4352,amcu,154-р,2026-02-19,2182,b8f7504179b2d23acb2b5b051f974728,True,2
amcu:4353,amcu,155-р,2026-02-19,2183,7a7a6d5e90e81a9ef7e03f9a571a42f3,True,2
amcu:4354,amcu,156-р,2026-02-19,2191,68bce80a68fbb43a70d84f2916709042,True,2
amcu:4355,amcu,157-р,2026-02-19,2193,1dc8861fd901f6ca5323defa509b2ca2,True,2
amcu:4356,amcu,158-р,2026-02-19,2351,9fc311d0c5b3207bf051a98a2c989007,True,3
amcu:4357,amcu,159-р,2026-02-19,2316,ef44ee9973fea1f5254108dc3c19c8c1,True,3
amcu:4358,amcu,160-р,2026-02-19,2413,4d1a7e309bc304910a16bbb622b7172d,True,3
amcu:4359,amcu,161-р,2026-02-19,2417,e3437fa435caa19aaa923f24f76d836d,True,3
amcu:436,amcu,285-р,2019-04-25,23805,a71970e82cad8277e2b0096e8d70f60a,True,24
amcu:4360,amcu,162-р,2026-02-19,3153,57818286b40655ad94174d28f63e20e8,True,3
amcu:4361,amcu,163-р,2026-02-19,4450,cf0c9d2a5347e576ccb8940897d4a832,True,4
amcu:4362,amcu,164-р,2026-02-19,3717,99edc1184e02dc0757e5403c503f1667,True,4
amcu:4363,amcu,16-rk,2018-11-08,26967,53651d5bb929ff1b7d4af938218aef53,True,27
amcu:4364,amcu,467-р,2021-08-12,7071,342f6756ca8925aacfd41f991359ccd2,True,0
amcu:4365,amcu,467-р,2021-08-12,77864,f50cdf4dcf44677b3e7406366ddb7b90,True,77
amcu:4366,amcu,115-р,,2200,dde5d889e7a5af6f358245facfd0f367,False,0
amcu:4367,amcu,116-р,,20396,a37c9270130cebdc94d0f5bde880465b,False,0
amcu:4368,amcu,112-р,2019-02-20,18101,35ed308f1e80e1c6d33cbb0b2ddc71be,False,0
amcu:4369,amcu,113-р,2019-02-20,18133,9c111994887507843150f964cea3dcc9,False,0
amcu:437,amcu,286-р,2019-04-25,16544,2c9bac56b86c6993c27b8db4c9bed9f3,True,16
amcu:4370,amcu,114-р,2019-02-20,21584,3650755cbeb627b9f941bc931c077dce,False,0
amcu:4371,amcu,110-р,2019-02-20,15611,b17e9b66d38c3c9ea47465872951f143,False,0
amcu:4372,amcu,111-р,2019-02-20,24222,2ff7864e7d3d4b77215df6c6e86fb510,False,0
amcu:4373,amcu,108-р,2019-02-20,17232,6ddbd75a77b493d2f43e75f3ad3125bf,False,0
amcu:4374,amcu,109-р,2019-02-20,18111,e1d6fb5c59eebb6ddae074e579740c53,False,0
amcu:4375,amcu,66-р,2024-03-07,15536,f9a1aecfbc04d92fd792cda068bbaf86,True,16
amcu:4376,amcu,67-р,2024-03-07,15251,792b1b5f746650ef8830dfad92ac3011,True,15
amcu:4377,amcu,68-р,2024-03-07,16623,93128490b451dcc4cdb1c1c8c177f84d,True,17
amcu:4378,amcu,69-р,2024-03-07,17222,363831fa46f70d4cd81d182e46b60209,True,17
amcu:4379,amcu,70-р,2024-03-07,71410,4dcef90956b69b87073cdacad202b2c1,True,71
amcu:438,amcu,287-р,2019-04-25,54354,436150ee20498723d7a10048ac2ee45b,True,54
amcu:4380,amcu,71-р,2024-03-07,4506,a7162490a08121e16acb81e59f08cf65,True,5
amcu:4381,amcu,72-р,2024-03-07,3753,ebeafa4f20c8f0e1942432b609509f24,True,4
amcu:4382,amcu,73-р,2024-03-07,3653,62d0869c906f259073ba4488cff135a9,True,4
amcu:4383,amcu,74-р,2024-03-07,3743,6daeead84a5eccd089d3ebb2388c9ee2,True,4
amcu:4384,amcu,75-р,2024-03-07,3275,bb3aa9edaac4e04c49f14437827a48d7,True,3
amcu:4385,amcu,76-р,2024-03-07,4247,1f8c16dd308302b0099a19d2df3fab1b,True,4
amcu:4386,amcu,77-р,2024-03-07,2962,e1eea9282cc80c12a57dd3b147a464af,True,3
amcu:4387,amcu,78-р,2024-03-07,3908,b06670e31edc686048e71ffa50f5fcc1,True,4
amcu:4388,amcu,79-р,2024-03-07,4679,04b38b7ead6ab8afdd75ab2e58ac2212,True,5
amcu:4389,amcu,80-р,2024-03-07,3299,18127d6ba2253141df07d4418ead8dd9,True,3
amcu:439,amcu,288-р,2019-04-25,26111,83bac7421e05a685f0bb9e6d07b2c4f2,True,26
amcu:4390,amcu,81-р,2024-03-07,2414,c399ba0589a0a5bc7061202a2c0fe246,True,2
amcu:4391,amcu,82-р,2024-03-07,2401,ceb2811f6002c877040f5f833e7f6cc6,True,2
amcu:4392,amcu,83-р,2024-03-07,2332,1707bb55a572f13252ffe644c1f50180,True,2
amcu:4393,amcu,100-р,2024-03-14,11334,943b03f89cc3e6baf483b21519afb008,True,11
amcu:4394,amcu,101-р,2024-03-14,11461,b9b917fac73b705d365fffd553530dfa,True,11
amcu:4395,amcu,102-р,2024-03-14,4339,efd9a7e29159b600ea8de9084caba51e,True,4
amcu:4396,amcu,103-р,2024-03-14,4341,77f93029863f288e7bff40e9d5a0889a,True,4
amcu:4397,amcu,104-р,2024-03-14,4407,7bacb4f08c7072825b229d657d14d958,True,4
amcu:4398,amcu,105-р,2024-03-14,4193,7d5ae27391459d2931606bb56a098a63,True,4
amcu:4399,amcu,106-р,2024-03-14,4264,5819465ba5d19af33cc8461a1e764889,True,4
amcu:44,amcu,963-р,2025-12-11,3146,0955db217b0aefb0abc26e081ab8c5e0,True,3
amcu:440,amcu,289-р,2019-04-25,24899,9b84247b244ccf703803d63c1f8ac2b4,True,25
amcu:4400,amcu,107-р,2024-03-14,3997,364c3e00457bb8f777d018ed5836a2f6,True,4
amcu:4401,amcu,108-р,2024-03-14,3121,9cb99a44c348c144ac3ba80b988fcbfc,True,3
amcu:4402,amcu,109-р,2024-03-14,3335,3c1ee7159d6f49c2a987c4bd8c286674,True,3
amcu:4403,amcu,110-р,2024-03-14,3362,5bc653c52f7640c1a0453c4e8bee2065,True,3
amcu:4404,amcu,111-р,2024-03-14,3353,95d7bfb575866e6c0113aac4194ed35a,True,3
amcu:4405,amcu,112-р,2024-03-14,3365,b5f2611ef09d6fadcb641b9eeff565fd,True,3
amcu:4406,amcu,113-р,2024-03-14,44316,bb581c6219cdcd81bb111d5ed41d4859,True,43
amcu:4407,amcu,84-р,2024-03-14,11342,d0c3fcf56ec578ea75f733bf5ce94328,True,11
amcu:4408,amcu,85-р,2024-03-14,11325,a5d97ca0d4bb390706e89e28a04b0ec6,True,11
amcu:4409,amcu,86-р,2024-03-14,11460,40e67fdfc6778673a51e45ab978bf4f8,True,11
amcu:441,amcu,290-р,2019-04-25,28018,f921d8c051d9d4cc9df222752bd1c943,True,27
amcu:4410,amcu,87-р,2024-03-14,11491,bef50214c198ee1923f749122b561bb6,True,11
amcu:4411,amcu,88-р,2024-03-14,11337,108fff2c81f0f38b9963ec62ba719e2a,True,11
amcu:4412,amcu,89-р,2024-03-14,11482,198c1b4d571909a537ba28eb5ffc87ca,True,11
amcu:4413,amcu,90-р,2024-03-14,11507,a63fddf5e5cc3f9aeb8e3fa48bbcb2e3,True,11
amcu:4414,amcu,91-р,2024-03-14,11470,92c87577f2fecaca3e8e347f9e27dfbc,True,11
amcu:4415,amcu,92-р,2024-03-14,11507,bbee2bb8f737da4517e629db164395ee,True,11
amcu:4416,amcu,93-р,2024-03-14,11412,525bc0ce7d42804ebdb24ce3739a9187,True,11
amcu:4417,amcu,94-р,2024-03-14,11463,7a470e22340d156f7ecd4f1389ffcf66,True,11
amcu:4418,amcu,95-р,2024-03-14,11466,fe0f429e74f8bd02e04dfb2987e1f098,True,11
amcu:4419,amcu,96-р,2024-03-14,11443,3cb89218a0dde2fd3cfc2f6337a7528d,True,11
amcu:442,amcu,291-р,2019-04-25,33515,22b745e2509801d4d5b083a036213131,True,33
amcu:4420,amcu,97-р,2024-03-14,11506,a198d251b8b4b960d3a99f027cd89225,True,11
amcu:4421,amcu,98-р,2024-03-14,11414,257124e68db3baeeee754b8ddb9ef054,True,11
amcu:4422,amcu,99-р,2024-03-14,11410,b75079f218454162aab1ee0279cc651e,True,11
amcu:4423,amcu,114-р,2024-03-21,3301,08b4f9ccab2f8cc9d6d78e14c52021a5,True,3
amcu:4424,amcu,115-р,2024-03-21,4510,a22ff4e88cb125a77b788d0f53cac6fc,True,5
amcu:4425,amcu,116-р,2024-03-21,3980,9b74b628f949c5d7444299d8ba27be44,True,4
amcu:4426,amcu,117-р,2024-03-21,5599,a10fe23f1e724244d93877a7dc3eddf3,True,6
amcu:4427,amcu,500-р,2019-07-25,25659,d67c31c5089aa8ebe670b7d99bad4a03,True,26
amcu:4428,amcu,501-р,2019-07-25,43999,4161583a26c07829c24bbc0545796d97,True,44
amcu:4429,amcu,502-р,2019-07-25,45707,b845c36419b9fb1d809b7f511e0901cb,True,46
amcu:4430,amcu,503-р,2019-07-25,44087,f1059a44e248bc3df9481f85bfe43f1c,True,44
amcu:4431,amcu,504-р,2019-07-25,2920,0df64563808134b891a854fba0ffebbf,True,3
amcu:4432,amcu,505-р,2019-07-25,2985,13c7f3637aa06af6f71679d220e924b7,True,3
amcu:4433,amcu,506-р,2019-07-25,2977,936c7078634c0692394d13254fb3db96,True,3
amcu:4434,amcu,507-р,2019-07-25,2978,a06835588b1aef39d9ddaa951bfcdefe,True,3
amcu:4435,amcu,508-р,2019-07-25,3002,fa56a59b2f6ccd6c7af6eb5b9c339044,True,3
amcu:4436,amcu,509-р,2019-07-25,3814,6f4c3088c4d08e525af7d4aac2459540,True,4
amcu:4437,amcu,510-р,2019-07-25,3934,359fd466a8e4fad5cda7d34bd66d9e0d,True,4
amcu:4438,amcu,511-р,2019-07-25,3932,3b1ee6335475f8fefdbb2a52994a4a8e,True,4
amcu:4439,amcu,512-р,2019-07-25,3981,bee2180bb53d448bdd10a8f07175ddff,True,4
amcu:444,amcu,5-рк,2020-03-05,32481,a739ed55af09a5daaa3ba15116f046e8,True,33
amcu:4440,amcu,513-р,2019-07-25,4255,16190f785ae88d233e59e1d94a85ce9f,True,4
amcu:4441,amcu,514-р,2019-07-25,4016,4818ac5e8a02f8d4f93344975b926bf1,True,4
amcu:4442,amcu,515-р,2019-07-25,3974,4313903b2756e691d04fdae7b11b84bd,True,4
amcu:4443,amcu,516-р,2019-07-25,4011,0b778665b3a727c0b3549903dd82065c,True,4
amcu:4444,amcu,517-р,2019-07-25,4061,c0e829fbb6bd49025982cbfa0ef9306d,True,4
amcu:4445,amcu,518-р,2019-07-25,4037,402f484d534976ef6cce2b610a3e9a46,True,4
amcu:4446,amcu,519-р,2019-07-25,5419,6e5d6e764bdbed2663c63eeb329e5207,True,5
amcu:4447,amcu,520-р,2019-07-25,4970,a8d197f177683fc9246047bcc1fc33da,True,5
amcu:4448,amcu,521-р,2019-07-25,5210,a94024357e0a737a1bb4885fc2724543,True,5
amcu:4449,amcu,522-р,2019-07-25,3932,849bd2e12251074330f80d720f87a3ea,True,4
amcu:445,amcu,7-рк,2020-03-12,32833,f8790eed6b67ed1fd441ff621a65d167,True,33
amcu:4450,amcu,523-р,2019-07-25,24411,0c7b339c959ed393704804ea07b88e35,True,24
amcu:4451,amcu,524-р,2019-07-25,13805,9d424fca408aef925f8bf3f88e55bf98,True,14
amcu:4452,amcu,525-р,2019-07-25,105189,c1113721e2c276f2da90e1f077641aa5,True,104
amcu:4453,amcu,527-р,2019-07-25,28841,a773541a6e3a307b4ac86f7d65141bc6,True,29
amcu:4454,amcu,444-р,2019-06-26,35783,28945f7998288f77b662e9d19e72dbd8,True,36
amcu:4455,amcu,445-р,2019-06-26,32734,2aaa65de10e963be2b9d7d4703f90229,True,32
amcu:4456,amcu,446-р,2019-06-26,29803,a716fa2847e49da7441fa56c9042e82a,True,30
amcu:4457,amcu,447-р,2019-06-26,26617,66e03212f2b93a05e7da45ed4ce2f943,True,26
amcu:4458,amcu,448-р,2019-06-26,18058,8d3a82d4aafa365649c8480e6c006bf2,True,18
amcu:4459,amcu,449-р,2019-06-26,30418,860b13f8aae4e37a6aec25437405e849,True,30
amcu:446,amcu,6-рк,2020-03-12,24120,c07530e881fc30e258ccfec6e9d76204,True,24
amcu:4460,amcu,450-р,2019-06-26,37022,52dd2643cb9bde975018336d376e94e6,True,36
amcu:4462,amcu,771-р,2019-11-27,32322,e46a3adb72de3978d25cf7508cfd6dea,True,32
amcu:4463,amcu,772-р,2019-11-27,60048,4423b38dbb5cd75b708205de759c5626,True,59
amcu:4464,amcu,773-р,2019-11-27,79323,f7be9b243ae78def2dcd79f6e00d0c72,True,79
amcu:4465,amcu,774-р,2019-11-27,61524,feef7f4c34f69c69bc8ad4517c723359,True,61
amcu:4466,amcu,775-р,2019-11-27,59619,450087e2d588d73ad3c600f5bb94ee00,True,59
amcu:4467,amcu,1,2022-07-14,36736,f95e5455bb0bba74abc35e2e581fcfda,True,37
amcu:4468,amcu,51-rk,2019-07-11,67857,9fad20c42ba8efce8aaaac43df4363ed,True,67
amcu:4469,amcu,237-р,2022-11-03,304029,cd1fb411bee8b8094d58cb7d8f38d523,True,93
amcu:447,amcu,9-рк,2020-03-26,34559,dd4886352aa7e1cd401ef07606c23df7,True,35
amcu:4470,amcu,238-р,2022-11-03,5811,55e564532c5ff3294d55e52857115992,True,6
amcu:4471,amcu,239-р,2022-11-03,4799,ab4ece509dfcd103a11a835d057ac5b5,True,5
amcu:4472,amcu,240-р,2022-11-03,3237,7b01baf43a58250ce1c88f37eb542ccb,True,3
amcu:4473,amcu,241-р,2022-11-03,3237,427fae1ade1a26faa3885061cf62f18b,True,3
amcu:4474,amcu,242-р,2022-11-03,3234,4203c5abff163c364fb472a90f9098b8,True,3
amcu:4475,amcu,243-р,2022-11-03,3720,9f117e462b0c3d7642caff3bd9f48ecd,True,3
amcu:4476,amcu,244-р,2022-11-10,85576,89dc556c566fa8fa29e1f72256310a8b,True,85
amcu:4477,amcu,245-р,2022-11-10,5320,01cc96c9e0503b873494371b6c6942ce,True,5
amcu:4478,amcu,246-р,2022-11-10,3805,d8afe82a3170f375e0978d72c214911b,True,4
amcu:4479,amcu,247-р,2022-11-10,19179,76bd303df056b8149a9e41ebdf498984,True,19
amcu:448,amcu,14-рк,2020-03-31,18784,a12ed950153999bcd9758d371521420c,True,19
amcu:4480,amcu,248-р,2022-11-10,14340,2efcf9cc5ac4fa00be69f9a4a18354af,True,14
amcu:4481,amcu,249-р,2022-11-10,15880,2e8216527192907b7d1d3c455311e0de,True,16
amcu:4482,amcu,250-р,2022-11-10,11594,9b358f8133db062ca2c6a60476009d8e,True,12
amcu:4483,amcu,251-р,2022-11-10,11509,8d5d046bae485b9ac31acc54122c6564,True,11
amcu:4484,amcu,252-р,2022-11-10,65059,459c49ff15ec8b3483b040deee6f8fcd,True,65
amcu:4485,amcu,253-р,2022-11-10,19025,32583f2bf68863df078c553ec8d05a11,True,19
amcu:4486,amcu,254-р,2022-11-17,12244,c483d3c35c71b9348f0efb7f128c26cf,True,12
amcu:4487,amcu,255-р,2022-11-17,11662,b0f63dcdf1b5cf577617463bbad792d4,True,11
amcu:4488,amcu,256-р,2022-11-17,11986,2383454cd753ee6b1b41ded41b1e0f2a,True,12
amcu:4489,amcu,257-р,2022-11-17,12026,aac0855238b431f3b8e1cae831ec2a28,True,12
amcu:449,amcu,8-рк,2020-03-26,16787,9f47b0dfd6559150e4e42561563a1595,True,17
amcu:4490,amcu,258-р,2022-11-17,11848,346b6763d7f3c0cba62ef34a8bdd2bef,True,12
amcu:4491,amcu,259-р,2022-11-17,11866,ce4169de62e0411ebd8465d4dd35a969,True,12
amcu:4492,amcu,260-р,2022-11-17,11919,5cb2948ef8248da035ce66610532e214,True,12
amcu:4493,amcu,261-р,2022-11-17,11899,589d17df06e49eccb5aabcb63ff287f2,True,12
amcu:4494,amcu,262-р,2022-11-17,11802,1512f4175dbd6ad8c2e5366c8a625afc,True,12
amcu:4495,amcu,263-р,2022-11-17,11759,41bc42072342a5b9ec25c7b4ee018555,True,12
amcu:4496,amcu,264-р,2022-11-17,4454,1b4df7e3f8b66c7e7dd9a3caa6364eb7,True,4
amcu:4497,amcu,265-р,2022-11-17,4528,66aee4794389dabf281c5aabe677b0e4,True,5
amcu:4498,amcu,266-р,2022-11-17,3779,c621cbbf09b2abf3dc1c17d8c6322319,True,4
amcu:4499,amcu,267-р,2022-11-17,75574,5e4cf0f8f87f2d2349317370c0d139a2,True,50
amcu:45,amcu,964-р,2025-12-11,57865,c4c5f937b6838f6fa931235c863eb836,True,57
amcu:450,amcu,11-рк,2020-03-31,10590,f7cad043b0bd9e961547e9297e138d23,True,11
amcu:4500,amcu,268-р,2022-11-24,3731,de764f02193adeead7256ef66ed67604,True,4
amcu:4501,amcu,269-р,2022-11-24,3309,d200bdadd0c17e1f72797e141955595c,True,3
amcu:4502,amcu,270-р,2022-11-24,3455,9fb272f9cd8631653cc3a07a6ac5360f,True,4
amcu:4503,amcu,271-р,2022-11-24,60536,e9a6c6dbf0bbbaf4104ba9e678a557ab,True,60
amcu:4504,amcu,272-р,2022-11-24,167678,2d75ae60094c8b4c0c6e751875b187b4,True,155
amcu:4505,amcu,4-рк,2024-06-27,58327,ecfdae562c2f4940259bd63b7d493054,True,58
amcu:4506,amcu,177-р,2025-05-01,3572,b68ad1bdcf15dffdcae84e05750aae4f,True,4
amcu:4507,amcu,178-р,2025-05-01,1796,40196c71bcf0d5beaced81f0f0dbdb75,True,2
amcu:4508,amcu,179-р,2025-05-01,2835,8b202707a127badd1b93938cb90aa838,True,3
amcu:4509,amcu,180-р,2025-05-01,4829,41a631c9c505640c542e831898935ab5,True,5
amcu:451,amcu,12-рк,2020-03-31,15521,f34a34b44953f0f669ca880652d037bd,True,16
amcu:4510,amcu,181-р,2025-05-01,4785,87a2c2005272eb9c4c076a4e0d797150,True,5
amcu:4511,amcu,182-р,2025-05-01,5626,c4e0780ef68f286e2e6b72c208ee09ad,True,5
amcu:4512,amcu,183-р,2025-05-01,3417,4c55869cb3660ae0fe3bf762b0c1ad96,True,3
amcu:4513,amcu,184-р,2025-05-01,2905,f9ac51b3055baa27f378ef1e47b03251,True,3
amcu:4514,amcu,185-р,2025-05-01,4644,cf2b273b275b1d9495d7314df1b7a1af,True,5
amcu:4515,amcu,186-р,2025-05-01,32451,3c099c2ccd5438d7f32fbc398a77ee09,True,32
amcu:4516,amcu,187-р,2025-05-01,18697,e321751fab7427d8901e67e32aca04b2,True,19
amcu:4517,amcu,188-р,2025-05-01,20368,a02a875d5d2bd647f2a5ba430f9a155c,True,20
amcu:4518,amcu,189-р,2025-05-01,19996,0dfd9e37f2e6d7f983d368f0fdb542b3,True,19
amcu:4519,amcu,190-р,2025-05-01,19754,0da15bab2d854d7c873424a49bd1e821,True,19
amcu:452,amcu,10-рк,2020-03-27,29114,fcb418deb29f52a2196b00dc8a79c3bd,True,29
amcu:4520,amcu,191-р,2025-05-01,20039,30f208fbc5b992f99c3eabbcd4ee4f5d,True,20
amcu:4521,amcu,192-р,2025-05-01,47277,3c815986ac4e29504d77c6450df75742,True,47
amcu:4522,amcu,193-р,2025-05-08,20572,b35d088e3d52b0ca06a03f3566567563,True,20
amcu:4523,amcu,194-р,2025-05-08,3054,9cb8e9f7aac467781e4a575494feebc9,True,3
amcu:4524,amcu,195-р,2025-05-08,3859,4b7cce6d7752a34ad24418920993b311,True,4
amcu:4525,amcu,196-р,2025-05-08,4498,5dbd7dea362ef0c82baad620d87094e2,True,4
amcu:4526,amcu,197-р,2025-05-08,2674,f6fe0f99401e18caffe9067b050b86bf,True,3
amcu:4527,amcu,198-р,2025-05-08,19866,517d6b8a1ad847f1fd8f13b708b73b02,True,19
amcu:4528,amcu,199-р,2025-05-15,2515,92b390564e8610fc549759f7254aa1d4,True,3
amcu:4529,amcu,200-р,2025-05-15,3341,78b30396a346b4d92642b11c542dafb1,True,3
amcu:453,amcu,13-рк,2020-03-31,66422,9efa072b8b1c50b2154a6e91e009f0b0,True,66
amcu:4530,amcu,201-р,2025-05-15,3125,efc37133851150e1bac4501e7bfc2d8a,True,3
amcu:4531,amcu,202-р,2025-05-15,5066,68622b12cad8ca4067d739ac3d94646c,True,5
amcu:4532,amcu,203-р,2025-05-15,5047,3bb6ce8dfc1d51caf253c4b779cbe6e8,True,5
amcu:4533,amcu,204-р,2025-05-15,2930,3b02dba97910c43f88a5efddbc381081,True,3
amcu:4534,amcu,205-р,2025-05-15,2219,c2c83376713fa58accb8a9f5efd9a81d,True,2
amcu:4535,amcu,206-р,2025-05-15,2449,dc51236ad7437c9230f9d970c11b628e,True,2
amcu:4536,amcu,207-р,2025-05-15,16249,b440138640f2e1b1eb579ca3a66f1299,True,16
amcu:4537,amcu,208-р,2025-05-15,23601,cd90676772e9a97ebeac9244fcd7f877,True,23
amcu:4538,amcu,209-р,2025-05-15,19322,016c9214aee648f1ff26483000cea421,True,19
amcu:4539,amcu,210-р,2025-05-22,2347,e8815047da6663766e2fda1e1d4187f9,True,2
amcu:454,amcu,349-р,2019-05-22,23594,70d915375df6298a46f405353c318a04,True,23
amcu:4540,amcu,211-р,2025-05-22,3596,25b90c80476007b771ef7802d7dc9e63,True,4
amcu:4541,amcu,212-р,2025-05-22,62732,f7be6b5b1b7747d4e43729a4ddafe50e,True,60
amcu:4542,amcu,213-р,2025-05-22,64578,0a8126f77d644a0f4d67f5a6fd1bba1c,True,63
amcu:4543,amcu,214-р,2025-05-22,81412,0072401a410d47d66c7a71970f50585d,True,74
amcu:4544,amcu,215-р,2025-05-22,70459,c215d1deb46ea999d2b80d64e1b26ccd,True,70
amcu:4545,amcu,216-р,2025-05-22,21692,5f50697f123c255913644e6172e466f1,True,22
amcu:4546,amcu,217-р,2025-05-22,20187,dcdb2ca751ac98fd1e741f12dcd30e83,True,20
amcu:4547,amcu,218-р,2025-05-29,21991,fbc5afb12c0eafeba2ab7f14261f4b44,True,22
amcu:4548,amcu,219-р,2025-05-29,1877,6dac10f4aa2f204a9add502f2ed9b47e,True,2
amcu:4549,amcu,220-р,2025-05-29,1781,124e56159bcc7cf82f5819b340341106,True,2
amcu:455,amcu,350-р,2019-05-22,18127,4c1f7ea99e3d73bd96711b8e5044d30f,True,18
amcu:4550,amcu,221-р,2025-05-29,2214,dc60f310536e01a010e70c24308f6ca1,True,2
amcu:4551,amcu,222-р,2025-05-29,2300,5378ed2ab03bf39046929d7517afceb0,True,2
amcu:4552,amcu,223-р,2025-05-29,3351,2625ac6bc08b0633423ac067f04ab30e,True,3
amcu:4553,amcu,224-р,2025-05-29,4669,ed9396d69656b61e0022c477e47f971d,True,5
amcu:4554,amcu,225-р,2025-05-29,106259,a8cde868dc78f6030c90dd02c614a97c,True,102
amcu:4555,amcu,226-р,2025-05-29,92157,88ea29698dd2a3786f35ce7698d00042,True,92
amcu:4556,amcu,227-р,2025-05-29,91759,3199318ee259e5fc46bc992f4829674b,True,91
amcu:4557,amcu,228-р,2025-05-29,23671,3579c38fb940ef77591a16f0e8d9d86c,True,24
amcu:4558,amcu,229-р,2025-05-29,53378,667457048aee6e1efc31cc491e554063,True,52
amcu:4559,amcu,230-р,2025-05-29,8737,6bf4c4ba1bcc56f273c5df6e07dc3d58,True,9
amcu:456,amcu,351-р,2019-05-22,22343,ca468ab4f484ffe875d5f0ec51244230,True,22
amcu:4560,amcu,237-р,2023-09-07,3670,86e79e23240786abfc327370bdeccec9,True,4
amcu:4561,amcu,238-р,2023-09-07,3720,20d999bcfecaa70f6de479299c9a41ec,True,4
amcu:4562,amcu,239-р,2023-09-07,3921,61863ecf29f91ac20c7c83ded41dcf2b,True,4
amcu:4563,amcu,240-р,2023-09-07,3903,93aef0f532b7f16951595137048949a0,True,4
amcu:4564,amcu,241-р,2023-09-07,3576,4686afbbc45728756d55db6e446dc573,True,4
amcu:4565,amcu,242-р,2023-09-07,3936,7d70aaa357f0501eeb6719b603659aaf,True,4
amcu:4566,amcu,243-р,2023-09-07,6052,b3bbb71ce8f9f7d19498c4ea26d595e2,True,6
amcu:4567,amcu,244-р,2023-09-07,4074,b71387b0514e544c26c30d38efee1d64,True,4
amcu:4568,amcu,245-р,2023-09-14,2565,ab8fbac5f428f7513512dd4a73e9eeed,True,3
amcu:4569,amcu,246-р,2023-09-14,3641,bec4e0fa036063ca54b838773d793e48,True,4
amcu:457,amcu,352-р,2019-05-22,18055,6ce54c211144c96a061de3e9a8a34021,True,18
amcu:4570,amcu,247-р,2023-09-14,9898,e80d28fdf01171a6f2afc2c2f134afa6,True,10
amcu:4571,amcu,248-р,2023-09-21,4510,ce3a3ba2706eec4c3d41d2aa8e5dfb25,True,5
amcu:4572,amcu,249-р,2023-09-21,4510,22332dc2dc11aeb3d1bd9625f601d16b,True,5
amcu:4573,amcu,250-р,2023-09-21,4510,e4a0437845fc6a447ec24a5e0239749a,True,5
amcu:4574,amcu,251-р,2023-09-21,3471,68fea06fd7aa894e0e65ffa46b6e5a56,True,4
amcu:4575,amcu,252-р,2023-09-21,3612,63d56f1ff7aa5e1536b8fbcd1713ef74,True,4
amcu:4576,amcu,253-р,2023-09-21,22818,0ae680395246f58e703f7f5d914b4977,True,23
amcu:4577,amcu,254-р,2023-09-28,2099,4137b401cfd4b5db171847ae7b0bf7a0,True,2
amcu:4578,amcu,4-рк,2022-10-13,33126,3ca68842236cb2303c959fb604e714ef,True,33
amcu:4579,amcu,3-рк,2022-09-29,22316,8c7ff4529701e1fa8a2c3b3f1c99bacd,True,22
amcu:458,amcu,353-р,2019-05-22,24859,7f37263e0fbd55039140e555e42397e6,True,25
amcu:4580,amcu,17,,3540,b5dc45a03fbc42fe233bca7f64252ab6,True,4
amcu:4581,amcu,209-р,2023-08-03,11408,f9103deb9c2ae1a4b60d055de110fc8a,True,11
amcu:4582,amcu,210-р,2023-08-03,59373,482fe8ddabc8994169f2a2da267b8956,True,56
amcu:4583,amcu,211-р,2023-08-10,3078,37adcff1e6cf3e0863c2294f81a2bf5b,True,3
amcu:4584,amcu,212-р,2023-08-10,3121,f257f9a715672471968d61eac625e27e,True,3
amcu:4585,amcu,213-р,2023-08-10,3925,9de5980bf5d1e85436074c8459ec4e3e,True,4
amcu:4586,amcu,214-р,2023-08-10,3891,22f8a2b676735010840784e0ed122cb9,True,4
amcu:4587,amcu,215-р,2023-08-10,4399,259e10659d10addcb130f9f10e01519e,True,4
amcu:4588,amcu,216-р,2023-08-10,71369,a6cfd58dbe753fdaa49f2330b57ac9b9,True,71
amcu:4589,amcu,217-р,2023-08-15,3240,64cce13bf994814ae03eea28d988a3b8,True,3
amcu:459,amcu,747-р,2017-03-14,42653,d8a55d1d60372742d0afe19ca90c76ea,True,42
amcu:4590,amcu,218-р,2023-08-15,74559,b16374eaf6960122d7b4585eebbde676,True,74
amcu:4591,amcu,219-р,2023-08-15,74962,79078ef6fc9df321e160875bff4db0e7,True,75
amcu:4592,amcu,220-р,2023-08-17,20347,73bbefb2397bfa32f9e8065b3382c21f,True,20
amcu:4593,amcu,221-р,2023-08-17,39680,135782cdc8a67366f9e521904961200a,True,40
amcu:4594,amcu,222-р,2023-08-17,5156,4c76e15f327b2e14a6aaf28989de0b7f,True,5
amcu:4595,amcu,223-р,2023-08-23,2357,b8a2a07386116f0db237f1f5aef5c0e8,True,2
amcu:4596,amcu,224-р,2023-08-23,4298,7b2a4bf8f312887264caa0ac056f6134,True,4
amcu:4597,amcu,225-р,2023-08-23,4288,5cb36a8ad31dc36f487317d247ad41b2,True,4
amcu:4598,amcu,226-р,2023-08-23,3255,20c28b4050687a19fbd21e026d384a31,True,3
amcu:4599,amcu,227-р,2023-08-23,62065,a929529f54417f25dca5a95b2949f866,True,62
amcu:46,amcu,965-р,2025-12-11,124471,72a41b0ae445c4cec5604f369e2907f7,True,124
amcu:460,amcu,,2017-03-14,33097,821660f432ffd731701ef952a4ab85bc,True,33
amcu:4600,amcu,228-р,2023-08-23,13796,5d4f1ebc303ebc626ceb01a6d62b466c,True,14
amcu:4601,amcu,229-р,2023-08-23,271651,fdf836e90c2c93eb7ea0425d2e3acbae,True,257
amcu:4602,amcu,230-р,2023-08-31,4088,edd34cdd25569aa55fdfc5c4ad1f2557,True,4
amcu:4603,amcu,231-р,2023-08-31,3590,b1b6f7e275a3a56b9379464584980caf,True,4
amcu:4604,amcu,232-р,2023-08-31,18347,8f7b419c1aa52105dcea80181bd1dc0d,True,18
amcu:4605,amcu,233-р,2023-08-31,12080,54c4a2d09358a8e3098de2d641c8ebd6,True,12
amcu:4606,amcu,234-р,2023-08-31,12556,a7c43436d525c2f7cfa66aa82675a3e3,True,12
amcu:4607,amcu,235-р,2023-08-31,48849,ef4f50b280b424e070b285cb2e7b4b82,True,48
amcu:4608,amcu,236-р,2023-08-31,108551,b602aa7d4b00792e3efeb78422f75bc6,True,104
amcu:4609,amcu,1-рк,2025-04-03,10603,82d016a9a2328a9d16d7b66f50681bc6,True,10
amcu:461,amcu,,2017-03-14,11631,c51414257d47e4e749652f38df8ed389,True,11
amcu:4610,amcu,2-рк,2025-04-03,50832,38fcd5d8fceb43a8cd6ec794c0c2ccac,True,37
amcu:4611,amcu,3-рк,2025-04-24,28359,85dfe55700d50c17d10f3d8d56b5293c,True,28
amcu:4612,amcu,1-р,2020-01-09,2048,64676e28de145ae5acbdfd36ec9e0f3d,True,2
amcu:4613,amcu,10-р,2020-01-09,4373,ecba6c131d44947d4f5c211ac89cb6e4,True,4
amcu:4614,amcu,11-р,2020-01-09,21593,c887ce0fa522a3adfe9abcd7845c0d3a,True,22
amcu:4615,amcu,2-р,2020-01-09,2046,81eb0e01465fa49b5a5187fbbae5168e,True,2
amcu:4616,amcu,3-р,2020-01-09,4090,a6263ef2276241069f8fe4a3efcbc111,True,4
amcu:4617,amcu,4-р,2020-01-09,4766,bd277f15083e0d999b6860b7ef835b4f,True,5
amcu:4618,amcu,5-р,2020-01-09,4302,4af908584cb2b49408077102cec99be5,True,4
amcu:4619,amcu,6-р,2020-01-09,6021,d7be2e23fd1e17d1b06deb98958e5923,True,6
amcu:462,amcu,728-р,2017-03-14,3837,44acaa2e3143b1f75c16601217197bb2,True,4
amcu:4620,amcu,7-р,2020-01-09,3389,39e7dbb9886495b429896ae979b5ad82,True,3
amcu:4621,amcu,8-р,2020-01-09,2634,3b952bb9bd3b8d07d2b52bd4d2d4e149,True,3
amcu:4622,amcu,9-р,2020-01-09,2629,d570242c2b0705b98716dfafa58e8134,True,3
amcu:4623,amcu,12-р,2020-01-14,2174,ccda6bd67fc2ed4ddc814f6946da9a02,True,2
amcu:4624,amcu,13-р,2020-01-14,2352,ac68d430c66c7145dcdc120e6a90098b,True,2
amcu:4625,amcu,14-р,2020-01-14,2434,bd79bb75560216f7f5f40cbc16df711c,True,2
amcu:4626,amcu,15-р,2020-01-14,2389,b60845cc8114f9ac0a46ed89af5edc36,True,2
amcu:4627,amcu,16-р,2020-01-14,2810,c0da0c29d873772351b5633b9470413e,True,3
amcu:4628,amcu,17-р,2020-01-14,2773,a2353d51db429d2f8fe84a32539d4354,True,3
amcu:4629,amcu,18-р,2020-01-14,2420,e2305c96f8202947cfa5a16a90e77c51,True,2
amcu:463,amcu,730-р,2017-03-14,3848,490ea5d89ff75a713e77e8b19a96f5dc,True,4
amcu:4630,amcu,19-р,2020-01-14,14183,8e793f1dba8d3ad7383a99d2be82d9f9,True,14
amcu:4631,amcu,20-р,2020-01-14,81404,eb1ce38937c9e440b37f1f7d6f33627d,True,81
amcu:4632,amcu,21-р,2020-01-16,2141,10c187296cfa629579ab7bd2ea96a65c,True,2
amcu:4633,amcu,22-р,2020-01-16,5977,2cb6691e062c7e0044fe4db2224e46ef,True,6
amcu:4634,amcu,23-р,2020-01-16,6002,b0ed8bd0ba73b3d80d4b26079b525cfc,True,6
amcu:4635,amcu,24-р,2020-01-16,4247,090b49d5eb769254537592dde4144160,True,4
amcu:4636,amcu,25-р,2020-01-16,40837,3ad914558e56fe06cdae5af4bd72df21,True,39
amcu:4637,amcu,26-р,2020-01-16,30301,169892d1d1ec60a22f5148b168ad7dae,True,30
amcu:4638,amcu,27-р,2020-01-16,49463,80db2962af2e0430c439c7e96b7137ab,True,49
amcu:4639,amcu,28-р,2020-01-16,74877,527bb428c71d44266f647b93e73ef66e,True,73
amcu:464,amcu,725-р,2017-03-14,4151,d05cb2dc0f0a8ecd9d15916bc7a021d9,True,4
amcu:4640,amcu,29-р,2020-01-16,49164,0ba00d3047a1d84f36140d6785ea37b9,True,49
amcu:4641,amcu,30-р,2020-01-16,49176,15153bcb96039ab7053f85fd866cf3c6,True,48
amcu:4642,amcu,31-р,2020-01-16,49053,f0c3f51efe72c8d49f036deb6819b55d,True,48
amcu:4643,amcu,32-р,2020-01-16,38169,6fcda335804af206bac11d74c2f63ad2,True,38
amcu:4644,amcu,33-р,2020-01-16,47396,04e4689db6754048dd545176977ed452,True,47
amcu:4645,amcu,34-р,2020-01-16,37362,39a9d169018db9f06f06a9ccb55b17ff,True,37
amcu:4646,amcu,35-р,2020-01-23,3377,1d500081b81fb6991b1ac9fe20472c28,True,3
amcu:4647,amcu,36-р,2020-01-23,3847,1073021b1297afee5cc38e0d6ef45a04,True,4
amcu:4648,amcu,37-р,2020-01-23,3565,87bb42e50beeacb05ce2bbd3b8d0cbc9,True,4
amcu:4649,amcu,38-р,2020-01-23,3491,15c26fe6e63c47ba5a7de378140a6715,True,3
amcu:465,amcu,729-р,2017-03-14,3174,a055d845f97f31c3598a90640341ca29,True,3
amcu:4650,amcu,39-р,2020-01-23,3808,32160d9732708d78622806724103f4e7,True,4
amcu:4651,amcu,40-р,2020-01-23,3991,66a3fc554b3c69547fc5be9552c7ca18,True,4
amcu:4652,amcu,41-р,2020-01-23,2984,9dc111f97ed3dcd3abacbc197e3baf51,True,3
amcu:4653,amcu,42-р,2020-01-23,21559,c20d71641895d01def1eaf8734460d86,True,21
amcu:4654,amcu,43-р,2020-01-23,26955,996ef82d23fcf21ac14fe5502e076c5c,True,27
amcu:4655,amcu,44-р,2020-01-23,38168,0018ebe3eb735dc6afb104d562e45351,True,37
amcu:4656,amcu,45-р,2020-01-23,3221,b813cf9d2a85edd471e4be081c2dd808,True,3
amcu:4657,amcu,46-р,2020-01-23,33517,8565d48ac0d0d5418bd698e1cee2ef89,True,33
amcu:4658,amcu,47-р,2020-01-23,88057,2c4fb35b99e62032cf6ee4071498464b,True,87
amcu:4659,amcu,48-р,2020-01-30,3090,6c9c8569f000359eaf39b703fc2d5ace,True,3
amcu:466,amcu,724-р,2017-03-14,2273,acd23afdc4d6a50347a780bb75323994,True,2
amcu:4660,amcu,49-р,2020-01-30,3041,eebb9b6bedf7151495926a54f31c4731,True,3
amcu:4661,amcu,50-р,2020-01-30,3150,9920f50e7b3dc2e8b64207aa21bf419a,True,3
amcu:4662,amcu,51-р,2020-01-30,2907,fba88723f474fcfbe9d3b63ce159829b,True,3
amcu:4663,amcu,52-р,2020-01-30,3030,6b9c77da378a7f762b9d7e39a3c1b261,True,3
amcu:4664,amcu,53-р,2020-01-30,3257,06d4650e55f483335f3fba0ddc2f98d6,True,3
amcu:4665,amcu,54-р,2020-01-30,3092,03e711bf48a8b0dd966258c49913a8d1,True,3
amcu:4666,amcu,55-р,2020-01-30,3265,4b127731837838cf1b831ee1dcbe6cfd,True,3
amcu:4667,amcu,56-р,2020-01-30,6501,bb5b5fd832e4abdbb4b56b417b47d6d6,True,7
amcu:4668,amcu,57-р,2020-01-30,2106,d35d3b1cb057f6801c6290667dc1407b,True,2
amcu:4669,amcu,58-р,2020-01-30,3967,d332c03a5bd244c5c4371225a3ad8721,True,4
amcu:467,amcu,726-р,2017-03-14,3422,3e3cb67e10e8a893ea26c5855b48d55a,True,3
amcu:4670,amcu,59-р,2020-01-30,3891,1744551cca58e0464d75025c65aae4de,True,4
amcu:4671,amcu,60-р,2020-01-30,3469,dcd2225cd72ae77a4e21290c7862c5b0,True,3
amcu:4672,amcu,61-р,2020-01-30,4499,b136fd6056bc4942008ebacf46d6d61f,True,4
amcu:4673,amcu,62-р,2020-01-30,8998,1365285943158bef8ed75b28661aa16e,True,9
amcu:4674,amcu,63-р,2020-01-30,40170,9490b54c5146959f2e2a22b0c07b66da,True,40
amcu:4675,amcu,64-р,2020-01-30,36796,5d7b390ff3ffa538db3a291084435f85,True,37
amcu:4676,amcu,65-р,2020-01-30,46193,069bbe2e188d8e52ac26b2d6c808d429,True,45
amcu:4678,amcu,303-р,2024-04-02,3344,d430a895505fcfe1340c8ce57766b184,True,3
amcu:4679,amcu,302-р,2026-04-02,3896,289aa9d3f99da653c3658fe393e3511e,True,4
amcu:468,amcu,727-р,2017-03-14,4079,8240b90f7be482637814513e210de3af,True,4
amcu:4680,amcu,304-р,2026-04-02,3254,375d20611e51d16d386180d8e3bc8159,True,3
amcu:4681,amcu,305-р,2026-04-02,3199,606ee89d335170205154371173f44be3,True,3
amcu:4682,amcu,306-р,2026-04-02,2290,4a08762040a59824dc561ecb67e51490,True,2
amcu:4683,amcu,307-р,2026-04-02,3509,361704882261fa9b1f7ab925fc47a116,True,4
amcu:4684,amcu,308-р,2026-04-02,6193,f38e695731e3dd6b9048b8c135b318d2,True,6
amcu:4685,amcu,309-р,2026-04-02,16806,33f391ba6817d337090c63cffcd89461,True,16
amcu:4686,amcu,310-р,2026-04-02,16282,bbfbb200652672a3bf5e402067481c51,True,16
amcu:4687,amcu,311-р,2026-04-02,16981,50144d72c69fa231b74d1880ceffcd4f,True,17
amcu:4688,amcu,312-р,2026-04-09,3154,150085ba37f7252cc4f8a2d298b82155,True,3
amcu:4689,amcu,313-р,2026-04-09,3156,4005c6c83f986bb279c215f02a9e5709,True,3
amcu:469,amcu,731-р,2017-03-14,3646,b0853b4f05b0e1b98a6f9c8360b490c6,True,4
amcu:4690,amcu,314-р,2026-04-09,3169,105dfdaaa281fb4bed2d7f4babd46650,True,3
amcu:4691,amcu,315-р,2026-04-09,3138,e68e57c9f8aacafb50d0ece1149f9f5c,True,3
amcu:4692,amcu,316-р,2026-04-09,3144,2621d1576b72e1f59dc5db2106a7b3bf,True,3
amcu:4693,amcu,317-р,2026-04-09,3082,5420044fe699fa98ab62021e1d0bf77b,True,3
amcu:4694,amcu,318-р,2026-04-09,3014,be5319d8016b0cdb9d79ffb8ce3e5a68,True,3
amcu:4695,amcu,319-р,2026-04-09,2471,a8a2336a8923311b9a7f0e6ce821478f,True,2
amcu:4696,amcu,320-р,2026-04-09,3700,8c1e0167ce3fd18dee255625f4da2b4f,True,4
amcu:4697,amcu,321-р,2026-04-09,36889,41ad6ff5684b6654913744feb991147d,True,36
amcu:4698,amcu,322-р,2026-04-09,7005,0716f984f62297ee0e16f3e9cc8ba8a5,True,7
amcu:4699,amcu,323-р,2026-04-09,6949,6450218bf92a9203e8e9a212e9435342,True,7
amcu:47,amcu,966-р,2025-12-11,105671,a8ca0fb26063e181b057fd7bb24b3347,True,105
amcu:470,amcu,553-р,2017-03-14,2881,5300d1087320f053a1c46ec2a4b6c65b,True,3
amcu:4700,amcu,324-р,2026-04-16,4245,75eecb950b8ad58edf9bc9405d98177f,True,4
amcu:4701,amcu,325-р,2026-04-16,2907,b82e6f4cd012ebe020284d8fffc0d698,True,3
amcu:4702,amcu,326-р,2026-04-16,2923,7f23d051e98bb0feca5b0b62b8d5e703,True,3
amcu:4703,amcu,327-р,2026-04-16,3427,fa84d124be11bd0365c818726ff9626c,True,4
amcu:4704,amcu,328-р,2026-04-16,3444,1b3dd599b352f5e3a895af6c8067c559,True,4
amcu:4705,amcu,329-р,2026-04-16,3494,9d6332b6efbcd30a4cfb48ac02127416,True,4
amcu:4706,amcu,330-р,2026-04-16,3429,bf7adda5f2ceb88dba0ac8ff96e7f91e,True,3
amcu:4707,amcu,331-р,2026-04-16,3439,036e9811716ac280235dff8e73bb05ec,True,3
amcu:4708,amcu,332-р,2026-04-16,3441,9b1335de0143ff6dfcd9ae05babfd97d,True,4
amcu:4709,amcu,333-р,2026-04-16,3383,15b0961c9e0cdd1f71fcabc29d0d1a4b,True,3
amcu:471,amcu,554-р,2017-03-14,4469,266d1f2dc01c9ad910d1e1ace483281f,True,5
amcu:4710,amcu,334-р,2026-04-16,3411,1167ec9195a5ef097b2f54bb74c8b538,True,3
amcu:4711,amcu,335-р,2026-04-16,3436,01232322e2d3ee5fb64ca084ed918535,True,3
amcu:4712,amcu,336-р,2026-04-16,3559,8d795e3858913d2a4f6ca85ebb7102e9,True,4
amcu:4713,amcu,337-р,2026-04-16,3575,2e8c1bd0f7afd8db56b21daae4288a7f,True,4
amcu:4714,amcu,338-р,2026-04-16,3997,2587d4163ea67531dccee91176131c76,True,4
amcu:4715,amcu,339-р,2026-04-16,4029,b0a03446133d5ceda33d7b9a0630e628,True,4
amcu:4716,amcu,340-р,2026-04-16,4066,0183e2ecf78197c871338191c58c3abf,True,4
amcu:4717,amcu,341-р,2026-04-16,3989,c2dec73640fd11858f003961ea392b9f,True,4
amcu:4718,amcu,342-р,2026-04-16,3997,cdb62d0efe9d9962e16278a2d2efb914,True,4
amcu:4719,amcu,343-р,2026-04-16,4000,65cc313bd179f9f91b5adfa687a7e3f5,True,4
amcu:472,amcu,555-р,2017-03-14,4176,22f3b518af2ed77f80294054ac91f169,True,4
amcu:4720,amcu,344-р,2026-04-16,3967,9ceb0a83925c15e95ee43b3a494ebf00,True,4
amcu:4721,amcu,345-р,2026-04-16,3995,27811b7445f7899e93509fc1a2f3d220,True,4
amcu:4722,amcu,346-р,2026-04-16,3992,1fb46c2d4e6f6aae31ef3dbe62235d51,True,4
amcu:4723,amcu,347-р,2026-04-16,2293,098c55ef49b87f60d50db024fd2403e2,True,2
amcu:4724,amcu,348-р,2026-04-16,2172,c93d5b015e36dab93a1c742475441624,True,2
amcu:4725,amcu,349-р,2026-04-16,2380,d6308ef4cc9b98a1570f33ffd3930195,True,2
amcu:4726,amcu,350-р,2026-04-16,22579,7b431c52496ae6f16f4a5d879f3cd558,True,23
amcu:4727,amcu,351-р,2026-04-16,25157,f419eacacf52a7e780a1dbe1cc02df7e,True,25
amcu:4728,amcu,352-р,2026-04-16,118538,54c8dedc9a29834c41f74f7eb865f5ba,True,114
amcu:4729,amcu,353-р,2026-04-16,50138,e684eb09ed746dcfe4e844409e4a4076,True,50
amcu:473,amcu,556-р,2017-03-14,4117,b1631efa8f205ac340956d2ef4fe160f,True,4
amcu:4730,amcu,354-р,2026-04-16,36383,9dfd1f8e2dba2a92342b6a15b61ee513,True,37
amcu:4731,amcu,355-р,2026-04-23,94128,433f51c8eb0a59d16282c256ad571909,True,92
amcu:4732,amcu,356-р,2026-04-23,6666,2d29e3606461c9d987ce95edf0a50ead,True,7
amcu:4733,amcu,357-р,2026-04-23,3829,be392289d757f98dfb390d3651a1ff28,True,4
amcu:4734,amcu,358-р,2026-04-23,3341,62712c044b1a4953e26b2709ca51bbd4,True,3
amcu:4735,amcu,359-р,2026-04-23,3529,72fa2b40f366a0f5c330cd32c1a1f3fe,True,3
amcu:4736,amcu,360-р,2026-04-23,2730,941cf97f8e555aa9f9a5679fd764e708,True,3
amcu:4737,amcu,361-р,2026-04-23,2718,2d6036cddec2b57defe738cbeb31b9e4,True,3
amcu:4738,amcu,362-р,2026-04-23,2522,9722ef27d424e67f70a7516b80c82571,True,3
amcu:4739,amcu,363-р,2026-04-23,2510,fa4cea2fefe51a913f4679b4275a2033,True,3
amcu:474,amcu,557-р,2017-03-14,4097,4d78b0c498446e54dc82fb8cf3599b89,True,4
amcu:4740,amcu,364-р,2026-04-23,2661,ede98ee32a97237af8d8cd8b0086c611,True,3
amcu:4741,amcu,365-р,2026-04-23,2687,cba7caaa97034aac0c89dfcca94c60e0,True,3
amcu:4742,amcu,366-р,2026-04-23,2675,c12a7e01ca06a3469442b74c0e119639,True,3
amcu:4743,amcu,367-р,2026-04-23,8540,d73931df71c266bff957dcf5526d8def,True,9
amcu:4744,amcu,368-р,2026-04-23,8067,a4ba300bfb9f059caa505fea3fca0e5c,True,8
amcu:4745,amcu,369-р,2026-04-30,5237,b07d6339c130f977f9cf0a550b670f70,True,5
amcu:4746,amcu,370-р,2026-04-30,5329,eb6d9cccdec7d4bc0d2df32ac20eb1be,True,5
amcu:4747,amcu,371-р,2026-04-30,3060,7df402dd045bf02a7b037dbb5f61ed42,True,3
amcu:4748,amcu,372-р,2026-04-30,2285,a5a4c21d34b4970c8eafccc58bcd3c03,True,2
amcu:4749,amcu,373-р,2026-04-30,155757,d5c8ade386325d9f45a6eeb6c1df6996,True,145
amcu:475,amcu,552-р,2017-03-14,4346,a060774544c82abb83cae15ef00d0cd8,True,4
amcu:4750,amcu,374-р,2026-04-30,55182,7716b361bc6a14bb30074df61a6f7e7c,True,55
amcu:4751,amcu,375-р,2026-04-30,50029,06f5f46f23d66c10a1c806eda513c3e1,True,49
amcu:4752,amcu,376-р,2026-04-30,23319,c4de31557b428289da5df28b3169a781,True,23
amcu:4753,amcu,377-р,2026-04-30,7841,7830f0a85ff7938a339079b04f846b66,True,8
amcu:4754,amcu,378-р,2026-04-30,13219,4d1810c3a1901ff5eb4c0708e5012105,True,13
amcu:4755,amcu,700-р,2019-10-24,2749,e27b095985dad372be92f63237456656,True,3
amcu:4756,amcu,701-р,2019-10-24,2121,49ced1263b8dbdd89ec0696487906b74,True,2
amcu:4757,amcu,702-р,2019-10-24,1972,46f8cbc04f40e6d4c17e048b874b929e,True,2
amcu:4758,amcu,703-р,2019-10-24,2060,83e6382175cc4b29e354979bebb01541,True,2
amcu:4759,amcu,704-р,2019-10-24,2255,ae8ed2fb39eee9c57e686540aa9d5775,True,2
amcu:476,amcu,558-р,2017-03-14,3522,7846e3be5ea693c9033eae3ab0bf1126,True,4
amcu:4760,amcu,705-р,2019-10-24,2375,c2ebe949b38c35037beaf6f0c95b818b,True,2
amcu:4761,amcu,706-р,2019-10-24,4310,4aa1dd960c747e3312d5d7eb022c3c2f,True,4
amcu:4762,amcu,707-р,2019-10-24,3099,8e3b4a1b928207d4d1ebae20675f8be6,True,3
amcu:4763,amcu,708-р,2019-10-24,5259,1052f23357de9d7025576ac8db73ca81,True,5
amcu:4764,amcu,243-р,2024-08-01,3460,b9659d32b24fffc76dd0148d1f0da9a8,True,4
amcu:4765,amcu,244-р,2024-08-01,3714,426e892e085c401b31491228f5a1df40,True,4
amcu:4766,amcu,245-р,2024-08-01,3508,6dcb3d69389cfa3177651d79dad28970,True,4
amcu:4767,amcu,246-р,2024-08-08,3526,2d8e551e9165884a19e61a0010658173,True,3
amcu:4768,amcu,247-р,2024-08-08,3558,bc047084b96378093b75427102a078ad,True,3
amcu:4769,amcu,248-р,2024-08-08,3481,8fa8d3ce37cdaef09c68a3c630a20b4c,True,4
amcu:477,amcu,559-р,2017-03-14,3295,7192160486ef369ae440809d993b601f,True,3
amcu:4770,amcu,249-р,2024-08-08,3504,7e0d47bd44af4ea361c01d7ec60b1183,True,4
amcu:4771,amcu,250-р,2024-08-08,17451,917a737a50360c6a5aa3182b62396000,True,17
amcu:4772,amcu,251-р,2024-08-08,16072,8a15b601d327d426929601a9f12f8bc5,True,16
amcu:4773,amcu,252-р,2024-08-08,16100,d367f443be87e1a20a2c936772d177cd,True,16
amcu:4774,amcu,253-р,2024-08-08,16057,211e54f956c0ab47852ebf40eab75008,True,16
amcu:4775,amcu,254-р,2024-08-08,15407,5b4429011ffc893d35f6ba31055310b4,True,15
amcu:4776,amcu,255-р,2024-08-08,16420,c95d0e289a142443743b43dad0a8ffe0,True,16
amcu:4777,amcu,256-р,2024-08-08,15608,d6a81437792a6e097a380a74ffb9604e,True,15
amcu:4778,amcu,257-р,2024-08-15,123887,0fc08b4181f9611a8c8a3c089666b37c,True,122
amcu:4779,amcu,258-р,2024-08-15,4103,68db00eb7bcbb50f150795dbb4deff52,True,4
amcu:478,amcu,560-р,2017-03-14,3311,d69d0606297c4f8b074ef1dacc121c80,True,3
amcu:4780,amcu,259-р,2024-08-15,2482,38a492c1688096d4539ec2722a546caa,True,3
amcu:4781,amcu,260-р,2024-08-15,18797,345ad93506503267be79be24ac061a82,True,18
amcu:4782,amcu,261-р,2024-08-15,20054,c490adc2ec91cfedf4fe3aacf7338de2,True,19
amcu:4783,amcu,262-р,2024-08-22,2583,99de9da8ebd42aa989509ac9640fc52b,True,3
amcu:4784,amcu,263-р,2024-08-22,2542,780f732edca6d7d82f6dfa1fcb334c6f,True,3
amcu:4785,amcu,264-р,2024-08-22,2515,12e15f7530f2fc503d69486ac2e3d3a8,True,3
amcu:4786,amcu,265-р,2024-08-22,2530,a30899003a4bffa075fe534d053b3387,True,3
amcu:4787,amcu,266-р,2024-08-22,2573,2d9b0ed453cf672cbc00f1db8ed798e8,True,3
amcu:4788,amcu,267-р,2024-08-22,2812,1923915d0e87956900b284957b859a91,True,3
amcu:4789,amcu,268-р,2024-08-22,2824,66cda81a15dda3b26251d768797e22bc,True,3
amcu:479,amcu,561-р,2017-03-14,3476,2bc7bcc786da5eb415b826030a0e0e01,True,3
amcu:4790,amcu,269-р,2024-08-22,2346,e863722b45b6237fefec3238283a1672,True,2
amcu:4791,amcu,270-р,2024-08-22,2357,8ad8c22e44978e27bbfeb3c80ea474a7,True,2
amcu:4792,amcu,271-р,2024-08-22,2070,ff42c33e16825b30f101b70d1c08ee78,True,2
amcu:4793,amcu,272-р,2024-08-22,2295,2806798aa1ad9c78c617aab7cda2d138,True,2
amcu:4794,amcu,273-р,2024-08-22,2355,585baf4f91833f43982869dfb2d8cc38,True,2
amcu:4795,amcu,274-р,2024-08-22,2400,d386342e1c38bc0655fd510771fff097,True,2
amcu:4796,amcu,275-р,2024-08-22,2562,26c2f632bb74616ceb742ce9c2d1d28c,True,3
amcu:4797,amcu,276-р,2024-08-22,2534,1b2e99135aa8edfa8a9ed5974478e1e7,True,3
amcu:4798,amcu,277-р,2024-08-22,2534,c0138a00e4f76b4d18f97ac94708412e,True,3
amcu:4799,amcu,278-р,2024-08-22,2741,0d6610378e7304fe1fde0170ec2daff1,True,3
amcu:48,amcu,967-р,2025-12-11,82587,b778ed3057dd72312905d505a9b675a0,True,82
amcu:480,amcu,562-р,2017-03-14,2295,2ca759b067e1fecbcc54b4faa80b0e07,True,2
amcu:4800,amcu,279-р,2024-08-22,2545,3480265934eeec8253dcfa39c9c5c352,True,3
amcu:4801,amcu,280-р,2024-08-22,2529,6f5c172e6ab6428ee12fdc799a24a82e,True,3
amcu:4802,amcu,281-р,2024-08-22,4300,001fcc60bc546329b537f1dffd6b23db,True,4
amcu:4803,amcu,282-р,2024-08-22,4119,804a639bbc06a0bf20615dcf2c36510e,True,4
amcu:4804,amcu,283-р,2024-08-22,3281,cbc0270c78f3b979468ddc61bf03c1db,True,3
amcu:4805,amcu,284-р,2024-08-22,14897,8eab803e2d97cfe611c2ea2776068026,True,14
amcu:4806,amcu,285-р,2024-08-22,14838,7fa62439a1fdd4fdccab06a6fc0261fd,True,14
amcu:4807,amcu,286-р,2024-08-22,14504,dd0f7a226a634c49fd0be2044ac078cc,True,14
amcu:4808,amcu,287-р,2024-08-22,14875,d2555867171febe63f68f9755ca70872,True,14
amcu:4809,amcu,288-р,2024-08-22,22924,5183ffbe3995e2ee0316d412970a853f,True,22
amcu:481,amcu,563-р,2017-03-14,5844,706aeed957760532ca48ed58322ba9dd,True,6
amcu:4810,amcu,289-р,2024-08-22,113982,ec1ea69d6befe04afed6325f3a96ba0e,True,108
amcu:4811,amcu,290-р,2024-08-22,14929,86bdba9a1780a54ab81e19d7c7285036,True,15
amcu:4812,amcu,291-р,2024-08-29,1915,e6babc6b472499cabe955aec0aa876b3,True,2
amcu:4813,amcu,292-р,2024-08-29,3379,7e47b8008bb96b29d1abb49dd1b62afc,True,3
amcu:4814,amcu,293-р,2024-08-29,3879,c0426729400bd4b6cde6cc2a04888841,True,4
amcu:4815,amcu,294-р,2024-08-29,1888,fe9190a70c6ecfec78e61a0609542017,True,2
amcu:4816,amcu,295-р,2024-08-29,3303,c7154753509b629b7d265930b5a8e166,True,3
amcu:4817,amcu,296-р,2024-08-29,3375,599736b58f0b7e1e37bc5c0ee7d83bf7,True,3
amcu:4818,amcu,297-р,2024-08-29,3495,5e5860e683240ceaead8d1ddf6ac5259,True,4
amcu:4819,amcu,298-р,2024-08-29,18596,4c3c209090569de92a1456286dd3197e,True,18
amcu:482,amcu,686-р,2018-12-04,19957,a834ef402f1082dea2269663b317cb3b,False,0
amcu:4820,amcu,299-р,2024-08-29,23939,537b649b0bcdeed050c66dd2b1211b85,True,23
amcu:4821,amcu,300-р,2024-08-29,24464,31b543d94c16ee07c26961b1561061ca,True,24
amcu:4822,amcu,301-р,2024-08-29,76087,7c3c9aa474b37ce31b77e64c1e582c03,True,71
amcu:4823,amcu,302-р,2024-08-29,76688,8ab5bfdca776e9ad5c9ea04967d39cf0,True,77
amcu:4824,amcu,303-р,2024-08-29,7764,c633e915d1158ef22d5d74056347d705,True,8
amcu:4825,amcu,680-р,2020-11-03,486913,8f7b5e2e1041d5721251e96a7f99ae2d,True,473
amcu:4826,amcu,681-р,2020-11-05,3614,e91b996bc45d0801c46f7bdc58a13d13,True,4
amcu:4827,amcu,682-р,2020-11-05,15341,22fff317d2d68887c53d124d0554504e,True,15
amcu:4828,amcu,683-р,2020-11-05,205948,b0ea79d7b0e8e32b29cc63bee2737a50,True,179
amcu:4829,amcu,684-р,2020-11-05,27266,38ee49416d6c1b8a980129ed073f0be0,True,27
amcu:483,amcu,682-р,2018-12-04,42293,eb081a6902355ef2d8f38cbeecd9608a,False,0
amcu:4830,amcu,685-р,2020-11-05,31874,9134b323876cd9f1f205fdf79158be20,True,32
amcu:4831,amcu,686-р,2020-11-05,46835,f1faec79a8cb2d297e2c218fbfdef11b,True,47
amcu:4832,amcu,687-р,2020-11-10,3829,6bb7c7f5e14b943d4f7208ac6ffdf3b7,True,4
amcu:4833,amcu,688-р,2020-11-10,23110,b151f5254464fa629d2644daffc7c9ce,True,23
amcu:4834,amcu,689-р,2020-11-10,49833,5da1eedf1591562518ae740b28503366,True,50
amcu:4835,amcu,690-р,2020-11-10,20677,5f21b484791e5b57d6dda7be36ff65f0,True,21
amcu:4836,amcu,691-р,2020-11-10,37421,7c7fca75362cbb8befb17bc13f00d5ed,True,37
amcu:4837,amcu,692-р,2020-11-12,2203,ae5ec445637ec5c1f3d9b5f6e775e99c,True,2
amcu:4838,amcu,693-р,2020-11-12,125735,f7799a5844d17afda3bb7ba5ed64be54,True,125
amcu:4839,amcu,694-р,2020-11-12,93945,33c1a9fe1d8ebc7067e4fece84d209f4,True,94
amcu:484,amcu,683-р,2018-12-04,21509,7817e502bb86bad04b2db612eabe08b3,False,0
amcu:4840,amcu,695-р,2020-11-12,2452,f99a0284be97b38055d2a9b2e846461b,True,2
amcu:4841,amcu,696-р,2020-11-12,2185,9481d117b994ec6ffd64b48f152805ad,True,2
amcu:4842,amcu,697-р,2020-11-12,2047,0086b81bda2fa2ab256f7336b29ba12c,True,2
amcu:4843,amcu,698-р,2020-11-12,2037,a67f6ab51d15b6aa180740c58f16afdd,True,2
amcu:4844,amcu,699-р,2020-11-12,2083,9ac27832792155d4e0910e3d8549339e,True,2
amcu:4845,amcu,700-р,2020-11-12,2063,5116a409b80de4bdb123a2b0584a4673,True,2
amcu:4846,amcu,701-р,2020-11-12,2081,2e0042992e9e02a0306a34be2706a026,True,2
amcu:4847,amcu,702-р,2020-11-12,2267,685c6941884c805b170d2e9ed8f26092,True,2
amcu:4848,amcu,703-р,2020-11-12,2352,bc482de6f08cee8e617fae6917b4cfff,True,2
amcu:4849,amcu,704-р,2020-11-12,2266,3c24524418b1d5e3b1c36b883d890043,True,2
amcu:485,amcu,684-р,2018-12-04,19802,a358a494d986e611a8dd525d7ca5e760,False,0
amcu:4850,amcu,705-р,2020-11-12,2266,0b37480a14847beb0bbb58c860b334bc,True,2
amcu:4851,amcu,706-р,2020-11-12,2271,02552cb46b41cddb1a59d4c6c00ad586,True,2
amcu:4852,amcu,707-р,2020-11-12,2295,62394d8e1174bc6d02f0ac8edae98185,True,2
amcu:4853,amcu,708-р,2020-11-12,2206,33f9c66eaad7dd72aa131af21aadb583,True,2
amcu:4854,amcu,709-р,2020-11-12,2303,6772adf66cbac39217f17010c6ce84e4,True,2
amcu:4855,amcu,710-р,2020-11-12,2555,d3c6781aaef34861431b2e936daf4985,True,3
amcu:4856,amcu,711-р,2020-11-12,4979,085eff838e8229e2df107e854af65256,True,5
amcu:4857,amcu,712-р,2020-11-12,3630,f94bf96304471bea3127af7e08c20ebd,True,4
amcu:4858,amcu,713-р,2020-11-12,3746,90603ddc88a1d79f529e6abf84eadcf4,True,4
amcu:4859,amcu,714-р,2020-11-12,5277,bca3e8ad0e9b432145f0841a8541e548,True,5
amcu:486,amcu,685-р,2018-12-04,16820,b941cefd5f6c0cbf2631e2727d681985,False,0
amcu:4860,amcu,715-р,2020-11-12,3076,cf0a211a2fc5a32b8c3cfe8dd7323551,True,3
amcu:4861,amcu,716-р,2020-11-12,15178,16481ec729f03eaa93aa7b3cb5ceaa1e,True,15
amcu:4862,amcu,717-р,2020-11-12,15171,f7045d70a7c689f60e98dc6d44630d62,True,15
amcu:4863,amcu,718-р,2020-11-12,36272,bc7505d0260133e880b1ec14239c3c3d,True,36
amcu:4864,amcu,719-р,2020-11-12,38467,d941c02212db586c94cbca13655e4fa6,True,38
amcu:4865,amcu,720-р,2020-11-12,35956,29494ac574489c54ef3edfb6df5923af,True,36
amcu:4866,amcu,721-р,2020-11-12,2668,adf7073f52c97bd2383abfb2f12fd78d,True,3
amcu:4867,amcu,722-р,2020-11-19,2499,6745d162a56cde303b5a4ff32c4ee5ef,True,3
amcu:4868,amcu,723-р,2020-11-19,88803,bc4686defb625a2639fa17b6faf47e76,True,75
amcu:4869,amcu,724-р,2020-11-19,49071,b7696e4a02aaafd546347b9489b25019,True,48
amcu:487,amcu,688-р,2018-12-06,30598,62f02ae3986ac34b2d14c64fe40eedd8,False,0
amcu:4870,amcu,725-р,2020-11-23,2589,9466ce0c0d779cf2eca3c2c3f945be72,True,3
amcu:4871,amcu,726-р,2020-11-23,2620,fd9e7aa91e6c9aa744fb178672af07a7,True,3
amcu:4872,amcu,727-р,2020-11-23,2721,edbbc255276b2d07e154186a259bb912,True,3
amcu:4873,amcu,728-р,2020-11-24,31992,db41cf9731b8d2bc48e145c8b4db5957,True,32
amcu:4874,amcu,729-р,2020-11-24,32237,f87c8a9064807e1be29b33c85f665fac,True,32
amcu:4875,amcu,730-р,2020-11-24,35016,2e32db21bcd0985cb6be8d08c4a67ff7,True,34
amcu:4876,amcu,731-р,2020-11-26,2305,e3df32f9c5f5d4013c48a9ec0d241cb6,True,2
amcu:4877,amcu,732-р,2020-11-26,2058,0597f4dbb442721b22cc63f0d9264a52,True,2
amcu:4878,amcu,733-р,2020-11-26,2256,ea0c9c186f8291a6b74d36380c5eeb3a,True,2
amcu:4879,amcu,734-р,2020-11-26,3490,65a88239ee360d74b82df7e44b58075e,True,3
amcu:488,amcu,687-р,2018-12-06,5864,be72706bf3496351c9bb7a78b0942ec4,False,0
amcu:4880,amcu,735-р,2020-11-26,2565,a05a1648cd46e9332b82f227044d0a8a,True,3
amcu:4881,amcu,736-р,2020-11-26,2673,40b6942fec5db48cf9ed8edfdd0432f2,True,3
amcu:4882,amcu,737-р,2020-11-26,4750,183c4216874926fe6c65cec7e2d326a1,True,5
amcu:4883,amcu,738-р,2020-11-26,35826,6c0fc797ce4735a04e6d0d644d659904,True,36
amcu:4884,amcu,739-р,2020-11-26,62488,191a634cc8705a27c7b431a788d062e4,True,62
amcu:4885,amcu,740-р,2020-11-26,29633,9b6eaf061a327f866b50f89b2249be8f,True,30
amcu:4886,amcu,741-р,2020-11-26,57742,34e9f6aa90caca7a3200527a8aa1b37c,True,57
amcu:4887,amcu,742-р,2020-11-26,31584,047d6045a0c13fb551d07d8532fffbfb,True,31
amcu:4888,amcu,50-р,2019-01-30,31207,eeba87cab2ad377a3f451e3d66174ea6,False,0
amcu:4889,amcu,53-р,2019-01-30,16386,36d508996c95a2e7820411edcb5b703a,False,0
amcu:489,amcu,690-р,2018-12-06,34091,01edba7cd38781bde5e57e3cc35b85cb,False,0
amcu:4890,amcu,55-р,2019-01-30,20424,f55fc5f067fbf39a835cf3a72b103cd8,False,0
amcu:4891,amcu,63-р,2019-01-30,28142,fe99da6ef5be1931167013d7d568e2db,False,0
amcu:4892,amcu,51-р,2019-01-30,19302,19ef49eb14309b9738b879f7b313f2dd,False,0
amcu:4893,amcu,52-р,2019-01-30,15882,b3ee1a525ed75bab4c2c203acb0fe2b1,False,0
amcu:4894,amcu,54-р,2019-01-30,18660,ca36582098168e73e05e12207f59489e,False,0
amcu:4895,amcu,56-р,2019-01-30,16751,fe4ee51cd7be64cd1b397b0d00fdc887,False,0
amcu:4896,amcu,57-р,2019-01-30,18088,6bc62996cbd1747f08bdd0775979830c,False,0
amcu:4897,amcu,58-р,2019-01-30,25909,11bfb43cfc80037e509991cf1939554e,False,0
amcu:4898,amcu,59-р,2019-01-30,41071,bbbe51e989f956cf7d789d1b40d094c2,False,0
amcu:4899,amcu,60-р,2019-01-30,18030,851b7adf972c8f9831ded925aa9c071a,False,0
amcu:49,amcu,1000-р,2025-12-18,3281,f2b82e36b5e4e047b3f6d3d093a1cbdb,True,3
amcu:490,amcu,699-р,2018-12-06,24161,075e539c386273af59d6072a0af91671,False,0
amcu:4900,amcu,61-р,2019-01-30,61631,d281fae0c3f44a19edf462122b1b6fea,False,0
amcu:4901,amcu,62-р,2019-01-30,21995,85f40656997cba5f45ad9831b10ade34,False,0
amcu:4902,amcu,1,,2335,f4eae669479fad6468e50ae36303dd32,True,2
amcu:4903,amcu,100-р,2020-02-06,5010,bbf07b4514c178818f77dc7d40d2f0ac,True,5
amcu:4904,amcu,101-р,2020-02-06,4817,d85e0548e9a2187beca48bd1b5925e43,True,5
amcu:4905,amcu,102-р,2020-02-06,3630,0344debbfda019f742e637e09cb42702,True,4
amcu:4906,amcu,103-р,2020-02-06,4706,1a50d21d856f4f1582029add6722763e,True,5
amcu:4907,amcu,104-р,2020-02-06,5335,757d6a3f909eb2699ad8248e7eb3e394,True,5
amcu:4908,amcu,105-р,2020-02-06,26872,e902c9d93ad4c033fb9240bef2b90e0c,True,27
amcu:4909,amcu,106-р,2020-02-06,32510,60d996ee7c50f05e7b5ec3c459c696dd,True,33
amcu:491,amcu,689-р,2018-12-06,29474,f6b217e0aeae06925a9afedc71acebaa,False,0
amcu:4910,amcu,107-р,2020-02-06,84124,7d0b1affd982ba3e7cea7397a5126cf9,True,83
amcu:4911,amcu,108-р,2020-02-06,77803,d171053becad708c45f83f7fcbad8d7c,True,77
amcu:4912,amcu,109-р,2020-02-06,85144,055aabdaab16c8c9f427cd5f4c3fcf27,True,84
amcu:4913,amcu,110-р,2020-02-06,43994,79434ea25b2489b7b65464a9389c822f,True,44
amcu:4914,amcu,111-р,2020-02-06,59897,8b7728c3d33d01f5a27fe715ebf58950,True,60
amcu:4915,amcu,112-р,2020-02-06,56631,7d1cf72758ea1eafd4507fdefdc501d9,True,56
amcu:4916,amcu,113-р,2020-02-06,36234,43b083f1fd179bcdd3abc76644ce9bd7,True,36
amcu:4917,amcu,114-р,2020-02-06,2076,b35983728d68fcded1834210c65d08d3,True,2
amcu:4918,amcu,115-р,2020-02-06,2119,b21e317a32d7a14a464aa37f51adaa6a,True,2
amcu:4919,amcu,116-р,2020-02-06,2613,d9d14b01db1c967d39edcbad139801bc,True,3
amcu:492,amcu,691-р,2018-12-06,37710,8d7b21f00ab1625cad6a6487f0047566,False,0
amcu:4920,amcu,66-р,2020-02-06,5433,019c8e2239f2be88eae41a9f0e90deef,True,5
amcu:4921,amcu,67-р,2020-02-06,5492,e40379a31e2377f6ae70f871bb45469f,True,5
amcu:4922,amcu,68-р,2020-02-06,5417,34513dcb5e4301ff29df8802516be8a8,True,5
amcu:4923,amcu,69-р,2020-02-06,5457,dbbe3de517f632812da7331c111c985f,True,5
amcu:4924,amcu,70-р,2020-02-06,5435,91547c7bf98faec77d20fa0eff392183,True,5
amcu:4925,amcu,71-р,2020-02-06,5460,7be0999759790da7d589f94a12a34457,True,5
amcu:4926,amcu,72-р,2020-02-06,5482,f8d3eb6e7c56165fedd5f7e186e311ac,True,5
amcu:4927,amcu,73-р,2020-02-06,5468,472565b6bd8691cdf21cdcf125e2ef9b,True,5
amcu:4928,amcu,74-р,2020-02-06,5476,92814b99ab99bc80f69449ecbf8068a7,True,5
amcu:4929,amcu,75-р,2020-02-06,5431,f528656161ac5c004347c5158f7faa5f,True,5
amcu:493,amcu,692-р,2018-12-06,53665,b822ddf0ec74006ef4538af43c808dea,False,0
amcu:4930,amcu,76-р,2020-02-06,5449,54e1933903811f3b5eab10c103017033,True,5
amcu:4931,amcu,77-р,2020-02-06,5465,2f8dc51db3085e5c1dcac4855202e501,True,5
amcu:4932,amcu,78-р,2020-02-06,5468,f53eb2bf4d51044d709dbd0ebca4ae43,True,5
amcu:4933,amcu,79-р,2020-02-06,5407,29f024a568eb7002ae2ec9fb515f4375,True,5
amcu:4934,amcu,80-р,2020-02-06,5498,677ad9cc20f32f07295f1ccab9c61fa1,True,5
amcu:4935,amcu,81-р,2020-02-06,5534,c45f1c983a2afd4345c370845565a861,True,6
amcu:4936,amcu,82-р,2020-02-06,5519,e1b0d9686d140e8df335affd954ee333,True,6
amcu:4937,amcu,83-р,2020-02-06,5497,a779f6512d728187f64115c7a70ef95d,True,5
amcu:4938,amcu,84-р,2020-02-06,5357,7caecbadb3117733f6342ebd6aeee4bd,True,5
amcu:4939,amcu,85-р,2020-02-06,5043,778aa45f63609679254bde64363da8b7,True,4
amcu:494,amcu,693-р,2018-12-06,15548,b3377c94084f4cd9818ac3e8594052f0,False,0
amcu:4940,amcu,86-р,2020-02-06,4491,54a1df27a9753c4d93640dc8ea589eb8,True,4
amcu:4941,amcu,87-р,2020-02-06,4359,677b24a7ef1887f780bdc88ec356ae95,True,4
amcu:4942,amcu,88-р,2020-02-06,3833,e6e6f454b625343ed2d690a786baf408,True,4
amcu:4943,amcu,89-р,2020-02-06,3976,19439680869cb1f8929a45299fa45c52,True,4
amcu:4944,amcu,90-р,2020-02-06,3892,4b4a69849e3b763ddfe139cb7997e887,True,4
amcu:4945,amcu,91-р,2020-02-06,4057,9c5386b7bb45a9a8e9e90768995931ab,True,4
amcu:4946,amcu,92-р,2020-02-06,3065,aca90d42a9dce6b6cdcf7a9fdf8b1562,True,3
amcu:4947,amcu,93-р,2020-02-06,3377,b29cb05dc9577f68db53d1d5049c6cbf,True,3
amcu:4948,amcu,94-р,2020-02-06,2608,38d4089720e286fee89774bb3a5da468,True,3
amcu:4949,amcu,95-р,2020-02-06,5012,096e536997dbcdcba7c10d179613c97d,True,5
amcu:495,amcu,694,2018-12-06,15489,a4c2d8352bc67c190df29afbde02c49f,False,0
amcu:4950,amcu,96-р,2020-02-06,4816,b7abfafa7d4eccf1a6987cdd26224043,True,5
amcu:4951,amcu,97-р,2020-02-06,5336,9e07676f495d80e33c39ce0f3932d2e7,True,5
amcu:4952,amcu,98-р,2020-02-06,4911,c1b1165d506ca48e8175177300388dce,True,5
amcu:4953,amcu,99-р,2020-02-06,4665,a540f65acaf0f6f5358e1312233624db,True,5
amcu:4954,amcu,117-р,2020-02-13,5434,e4144d0a1d892cb2a9c598ba9a5b6b82,True,5
amcu:4955,amcu,118-р,2020-02-13,6179,4c81bcbcbe749b68b761211149e2a990,True,6
amcu:4956,amcu,119-р,2020-02-13,2311,a443e1901576dc4db948c42b5bbc51bf,True,2
amcu:4957,amcu,120-р,2020-02-13,35956,40aec561f2d17d4053dd49f0ca1fa804,True,36
amcu:4958,amcu,121-р,2020-02-13,4130,70fdeace3607387fc39c5baefc3cc7f8,True,4
amcu:4959,amcu,122-р,2020-02-13,2443,476d46723d1e1bcf8edc00ab33b4d7b7,True,2
amcu:496,amcu,695-р,2018-12-06,21475,d69cee750554e2296eead950e0b1ac2a,False,0
amcu:4960,amcu,123-р,2020-02-13,33602,7a46d3a1d922721af566efc93dd17233,True,34
amcu:4961,amcu,124-р,2020-02-13,67719,ddf628e4a6e015da1b95daee5292e709,True,67
amcu:4962,amcu,125-р,2020-02-13,66986,26d2075cff753bfe1aaf9ee9a9ebbc27,True,67
amcu:4963,amcu,126-р,2020-02-20,1934,8af6c2f1767da4b4cd03b85623f91508,True,2
amcu:4964,amcu,127-р,2020-02-20,1977,380e9bb91e7ecf3fa743a7d782551c5d,True,2
amcu:4965,amcu,128-р,2020-02-20,1980,d5cb063006d014b5fbde685785e909fe,True,2
amcu:4966,amcu,129-р,2020-02-20,2300,81e8c48cf37534005dc9dc73d4da5c16,True,2
amcu:4967,amcu,130-р,2020-02-20,4470,21c64e935fa450928090e2a0bfe0d725,True,5
amcu:4968,amcu,131-р,2020-02-20,80750,2aef2c362f93c28048c7f125a49a91f2,True,80
amcu:4969,amcu,132-р,2020-02-20,58753,1247090eb7eff165621ad07858e18562,True,58
amcu:497,amcu,698-р,2018-12-06,17277,86fe1269c3ca1a977b4c8edd01143657,False,0
amcu:4970,amcu,133-р,2020-02-20,80496,14aef1b3b2ceee39ff85bdebb9f607d7,True,80
amcu:4971,amcu,134-р,2020-02-20,19511,ddb1db1da5191d166a9e2e98a1f0c82b,True,19
amcu:4972,amcu,135-р,2020-02-20,29079,f16b032f0b932dc45cd1884b527f477e,True,29
amcu:4973,amcu,136-р,2020-02-20,36414,5131bc9590428eb1c76fab6b682d95cc,True,36
amcu:4974,amcu,137-р,2020-02-20,33140,ea4b57b4b32ab89fe0df19227e57f62c,True,33
amcu:4975,amcu,138-р,2020-02-27,2551,373cb7f9cc48fbe9ced8598be5571e3c,True,3
amcu:4976,amcu,139-р,2020-02-27,2556,681cd1dd4469057fa1703eb73298d2a8,True,3
amcu:4977,amcu,140-р,2020-02-27,2477,bf320bdc1f27e29295823aefdf964801,True,3
amcu:4978,amcu,141-р,2020-02-27,2630,04095f88495a3fa46c3b09bebc564ef7,True,3
amcu:4979,amcu,142-р,2020-02-27,4638,5ca7259f8152738943ecbd3860545d65,True,5
amcu:498,amcu,701-р,2018-12-06,53064,6a59cf08e9564a430f08e21a61b3c854,False,0
amcu:4980,amcu,143-р,2020-02-27,4382,57839af4b42d1813711e6ef79aff46a9,True,4
amcu:4981,amcu,144-р,2020-02-27,4292,d9908c11b58dcfaf64774fe6c34a1505,True,4
amcu:4982,amcu,145-р,2020-02-27,4021,5f92207a99168b736eb0d7d994a77261,True,4
amcu:4983,amcu,146-р,2020-02-27,4011,eea28a7e64b032f1d71a1ed6f127f180,True,4
amcu:4984,amcu,147-р,2020-02-27,3212,f8b57ee33e74f6eacb8f285d7f712b99,True,3
amcu:4985,amcu,148-р,2020-02-27,3469,6f9cfaca5cb6709f72ecb1595997a477,True,3
amcu:4986,amcu,149-р,2020-02-27,4041,fd23b5f606dce3a903897258d88cb063,True,4
amcu:4987,amcu,150-р,2020-02-27,69843,acf6da8c58a925d668b6b5eaa79886cc,True,69
amcu:4988,amcu,10-rp,2023-05-11,4278,01aaf2a651133df52bcc7bc111bfc668,True,4
amcu:4989,amcu,304-р,2024-09-05,143693,694df6f5ab57b798ad6ec9c5b7d13d06,True,142
amcu:499,amcu,696-р,2018-12-06,23024,4e90ee785db6c4391d9d4af5852fbfc6,False,0
amcu:4990,amcu,305-р,2024-09-05,14110,3b16a7f06b8eeedcf61a9f41d9d7602b,True,14
amcu:4991,amcu,306-р,2024-09-05,4889,a40e92b254fb2a606592ac8bd5284491,True,5
amcu:4992,amcu,307-р,2024-09-12,2309,ed8535bac6c6c26651dac6db9406d676,True,2
amcu:4993,amcu,308-р,2024-09-12,2194,925d521ff41966a3a5f37a06ea38c189,True,2
amcu:4994,amcu,309-р,2024-09-12,2155,eea1c78932bbc05615e6f8f29c3951c0,True,2
amcu:4995,amcu,310-р,2024-09-12,2177,f3fc3a0540175d32c58add7f0760bf01,True,2
amcu:4996,amcu,311-р,2024-09-12,2160,ee48bd57586aa49ee12d3dadaa0be8a0,True,2
amcu:4997,amcu,312-р,2024-09-12,3390,7150bf06a9dd0ec749bc119237e0c438,True,3
amcu:4998,amcu,313-р,2024-09-12,2012,fa338875604afbf7e5861221a19ff96e,True,2
amcu:4999,amcu,314-р,2024-09-12,2016,73bc70778c7f98a492226214d3225c92,True,2
amcu:5,amcu,924-р,2025-12-04,2097,5add25fe5002a3de07ff95d1a57e35ad,True,2
amcu:50,amcu,1001-р,2025-12-18,3281,ebabab2ed77d65c7060cf2799454ccc5,True,3
amcu:500,amcu,697-р,2018-12-06,19268,d0ab9b43eb07839af2f44b933c6389ab,False,0
amcu:5000,amcu,315-р,2024-09-12,2004,9fd40c3ca4fb92bb0c057e565d9d5de9,True,2
amcu:5001,amcu,316-р,2024-09-12,1956,87d874ec7ca2b6e39eb8991d50043edc,True,2
amcu:5002,amcu,317-р,2024-09-12,4964,4fa1e7a96f3841bf854424b1241269d4,True,4
amcu:5003,amcu,318-р,2024-09-12,2827,850691cd9f1c16cc78a86963ebe8ac97,True,3
amcu:5004,amcu,319-р,2024-09-12,2537,a9f36276fa3c897a8e2ff4a4e563bd9b,True,3
amcu:5005,amcu,320-р,2024-09-12,18544,9e082c4e6aca04fd410ea772d5cdf55d,True,18
amcu:5006,amcu,321-р,2024-09-12,20428,89bebfb9a5cf15954dfa5e2ed73d36df,True,20
amcu:5007,amcu,322-р,2024-09-12,44228,9ac8fe90ad36056bed6d306c99994d63,True,42
amcu:5008,amcu,323-р,2024-09-19,3282,51fb69988a08d42d870ebeba5bb7101e,True,3
amcu:5009,amcu,324-р,2024-09-19,3233,31656bd7bba108ed5820f701ec31e0f2,True,3
amcu:501,amcu,700-р,2018-12-06,28553,76c8d263f09a22b3b2fed49b28032996,False,0
amcu:5010,amcu,325-р,2024-09-19,19458,05adac53d46e7f7d9577dde09b1272ea,True,19
amcu:5011,amcu,326-р,2024-09-19,19634,8ef3ab6dd4b7452b467d3bbfd6bc51ca,True,19
amcu:5012,amcu,327-р,2024-09-19,25148,12be4a26f62c831b7504981a9384665a,True,25
amcu:5013,amcu,328-р,2024-09-19,14945,160b54f9fe8a4d5d72aa273da8842e49,True,15
amcu:5014,amcu,329-р,2024-09-19,17847,ee589c410fbc5fa288daedec7ad41266,True,18
amcu:5015,amcu,330-р,2024-09-19,16607,f0403c93aa171d28c3a0fee6af238ba8,True,16
amcu:5016,amcu,331-р,2024-09-19,18513,dfb5fc08fec9071d8ba89f19312a663c,True,18
amcu:5017,amcu,332-р,2024-09-19,18392,491032663a7217318d7ad8a369cf7e6a,True,18
amcu:5018,amcu,333-р,2024-09-19,17382,c3de5e9bd76fecaf036e90b505492941,True,17
amcu:5019,amcu,334-р,2024-09-19,17218,1383e5c8286a7dc4086ee25168d72246,True,17
amcu:502,amcu,714-р,2018-12-10,25249,18b6dca74e4e24462dd5d383a2784772,False,0
amcu:5020,amcu,335-р,2024-09-26,3139,9905489b127523e2720c00150194289f,True,3
amcu:5021,amcu,336-р,2024-09-26,3214,f4a10e4aedbf537047a66cdf70b04308,True,3
amcu:5022,amcu,337-р,2024-09-26,3098,dd0f4096580ee1b85ef7a3bc298d1ff5,True,3
amcu:5023,amcu,338-р,2024-09-26,2879,8134cfecaa9f1b97437c4e18f62e9d41,True,3
amcu:5024,amcu,339-р,2024-09-26,1906,5240fb0a14092b1522c435bd7c7721b4,True,2
amcu:5025,amcu,340-р,2024-09-26,19126,f871a54bf63a18cc4dd7ce38fd82fed0,True,19
amcu:5026,amcu,341-р,2024-09-26,76849,3c715cd9629a5988e211fae5e4bd5727,True,75
amcu:5027,amcu,342-р,2024-09-26,74110,693f8a9ccd2e26c600c612bd3c62e177,True,74
amcu:5028,amcu,343-р,2024-09-26,22933,10569ccdaa3010e8a3f202c1bbcc3e81,True,23
amcu:5029,amcu,344-р,2024-09-26,17472,594aeaec723d141182ab27d8a52bf616,True,18
amcu:503,amcu,702-р,2018-12-10,4923,208601095f2299b88cb98de014703407,False,0
amcu:5030,amcu,9,,2316,38ad2b888e81d21e7b35d6c81de01f68,True,2
amcu:5031,amcu,91-р,2019-02-13,38043,e699c57edd63203c89e2b1b25ea432e3,False,0
amcu:5032,amcu,101-р,2019-02-13,19822,6b885aa245879ebe60f6cf68ba78fe96,False,0
amcu:5033,amcu,104-р,2019-02-13,29040,795fdfe669cf419de744fa51edf157e8,False,0
amcu:5034,amcu,107-р,2019-02-13,20233,8efd260d1fab5e57a89a950b73adbb04,False,0
amcu:5035,amcu,92-р,2019-02-13,39750,9e615bd849b9f4947bc9dcc486ae2026,False,0
amcu:5036,amcu,94-р,2019-02-13,31530,7e1d9710432a2fcdb7ca7706d15d5231,False,0
amcu:5037,amcu,95-р,2019-02-13,17387,f831af9931a232c26031c5b3c14afb3f,False,0
amcu:5038,amcu,100-р,2019-02-13,18650,3b5d3735b1cc80883ea0ad58516ffc20,False,0
amcu:5039,amcu,102-р,2019-02-13,29202,9e4383f35243cbc12fa928166cd388cb,False,0
amcu:504,amcu,706-р,2018-12-10,3948,0eac3a40917acda99c65fcc49edbc6a7,False,0
amcu:5040,amcu,103-р,2019-02-13,35032,0d4b83148810663ae8e641263b597814,False,0
amcu:5041,amcu,105-р,2019-02-13,96295,79ac8dc1283c57fc86137c489355edb0,False,0
amcu:5042,amcu,106-р,2019-02-13,23411,5d279ef87fdf0498a5fcdbe64d14a5a5,False,0
amcu:5043,amcu,93-р,2019-02-13,17387,f831af9931a232c26031c5b3c14afb3f,False,0
amcu:5044,amcu,96-р,2019-02-13,23344,a90892d362a5bc1485ff08217426361f,False,0
amcu:5045,amcu,97-р,2019-02-13,18367,43dd0225d49a676cb11fe53252eb6fbc,False,0
amcu:5046,amcu,98-р,2019-02-13,20121,4b60b6c603b0101694370f259250f852,False,0
amcu:5047,amcu,99,2019-02-13,22713,240b2edcbdd12ce96a22119cc6e85f9f,False,0
amcu:5048,amcu,494-р,2019-07-16,22812,c0d90629d649056dd12ff2f5796fe6c1,True,23
amcu:5049,amcu,495-р,2019-07-16,29369,a935d04c3f565435e2330b993e5003ad,True,29
amcu:505,amcu,705-р,2018-12-10,4690,1b3b99ebd4d554ea4bc0b1d1cdcaabc8,False,0
amcu:5050,amcu,496-р,2019-07-16,35281,8b367f10c943370a03fa4e688c337ec9,True,35
amcu:5051,amcu,497-р,2019-07-16,39098,ead883aac59e23989e20727884f33c75,True,39
amcu:5052,amcu,498-р,2019-07-16,38670,59b60842eba6d3832e108d8d81c3b181,True,38
amcu:5053,amcu,499-р,2019-07-16,80037,7e5d14ac2ab1c776d320a6113de48f2b,True,79
amcu:5054,amcu,58-рк,2020-12-03,26088,2a02e9c86b26e82435a6904348f883db,True,26
amcu:5055,amcu,59-рк,2020-12-03,11742,020d0ee9b20cb058a33f955d91688604,True,12
amcu:5056,amcu,362-р,2019-05-30,3945,cc5c8440eed94cb0cf0b8c804bf40121,True,4
amcu:5057,amcu,363-р,2019-05-30,3882,4d6733bb9462e457fdf265c7b8518154,True,4
amcu:5058,amcu,364-р,2019-05-30,3907,40ba800181bb1623a95461931f2e3f10,True,4
amcu:5059,amcu,365-р,2019-05-30,3880,cfc0bbb1591cf9bde82fa8e88d7a7b2a,True,4
amcu:506,amcu,707-р,2018-12-10,4084,46e655d94c032f7cf428f6c039de5c8d,False,0
amcu:5060,amcu,366-р,2019-05-30,3876,f96828c6af552b03c31807433496b1ba,True,4
amcu:5061,amcu,367-р,2019-05-30,3896,9cbb87efb4b3834ca81b094b59b6c5f2,True,4
amcu:5062,amcu,368-р,2019-05-30,3954,456826bc063af3492e565c59b35ce35f,True,4
amcu:5063,amcu,369-р,2019-05-30,3852,e3ce1fd71abd3558c3bede40ed3ad2fe,True,4
amcu:5064,amcu,370-р,2019-05-30,3893,914e33520993fa535f51a22565a5ac71,True,4
amcu:5065,amcu,371-р,2019-05-30,4140,4cdad7676babc7f832d1b30e24545944,True,4
amcu:5066,amcu,372-р,2019-05-30,6045,a96b52de3a25f6a945fb94efb1522dcf,True,6
amcu:5067,amcu,373-р,2019-05-30,2348,acf232b61740d73e3b7ee32c3a986c82,True,2
amcu:5068,amcu,374-р,2019-05-30,4230,aaca465c8078ece40d05060ccde0f370,True,4
amcu:5069,amcu,375-р,2019-05-30,2984,a6bb53d3f840d942581caf1adc93adb9,True,3
amcu:507,amcu,710-р,2018-12-10,18991,30b4d65b028f74f5ff9ac7527cddb153,False,0
amcu:5070,amcu,376-р,2019-05-30,16573,dbfae6070dd9b9c1fa202d55f4b44119,True,17
amcu:5071,amcu,377-р,2019-05-30,16461,c836e67616b711af4f9727dfd4cb061e,True,16
amcu:5072,amcu,378-р,2019-05-30,3032,6f2aa5af53df8cfb29ee7e59b847d810,True,3
amcu:5073,amcu,1-рк,2021-02-04,17269,48185fecf3ea95fa259a56e770db608d,True,17
amcu:5074,amcu,2-рк,2021-02-11,12152,c7d02cd5d82f04832b65760a1427d826,True,12
amcu:5075,amcu,3-рк,2021-02-11,13244,3225d1ac752f54171103e8adb4b8e485,True,13
amcu:5076,amcu,4-рк,2021-02-25,17020,9255bc6f93dd5bd2510e369df47beaa6,True,17
amcu:5078,amcu,14-рп,2022-10-13,2271,77a6b0e3d8026fe830ce71f36f62c1b5,True,2
amcu:5079,amcu,231-р,2022-10-27,14122,4ceafac7b9a9c5cce66d2f4da1eeecaa,True,14
amcu:508,amcu,703-р,2018-12-10,4430,2a33c015becfa8937a2d56a6ce9af198,False,0
amcu:5080,amcu,232-р,2022-10-27,14264,330d02d3989160b88091f383e3132f51,True,14
amcu:5081,amcu,233-р,2022-10-27,14024,20c4f312f5684e16e2890159a9f561be,True,14
amcu:5082,amcu,236-р,2022-10-27,32435,a6cc45a17732faa0019511a470e5a25f,True,33
amcu:5083,amcu,218-р,2022-10-06,4091,abfaffa4720f92e482a963cdd36449dc,True,4
amcu:5084,amcu,219-р,2022-10-06,4227,64c9f4400eb5c62776d839e81199b363,True,4
amcu:5085,amcu,220-р,2022-10-06,3941,2f57f68067132523d685fddfa2d5ff46,True,4
amcu:5086,amcu,221-р,2022-10-06,3942,c6f2f850c2460b7c21731a087822a306,True,4
amcu:5087,amcu,222-р,2022-10-06,31631,57675106506d304202e11cb2ecd0e35b,True,32
amcu:5088,amcu,223-р,2022-10-13,3142,f5b794400b796bb28be9eb85573ff2b2,True,3
amcu:5089,amcu,224-р,2022-10-13,4658,14435e3b682ce69c19d2c9dd9d159ba2,True,5
amcu:509,amcu,704-р,2018-12-10,4106,cdc214a30dff1e400dc96d309538618e,False,0
amcu:5090,amcu,225-р,2022-10-13,4616,6d6ae8c42795d122b881a2ef5f49a1f6,True,5
amcu:5091,amcu,226-р,2022-10-13,6307,6d62fb3819677ea94ecf6200c7296adb,True,6
amcu:5092,amcu,227-р,2022-10-27,2293,88a60b8400453b27d4f1577e069f461c,True,2
amcu:5093,amcu,228-р,2022-10-27,3239,08dce6836efbadf801d9e179a9e253bc,True,3
amcu:5094,amcu,229-р,2022-10-27,3476,f2e736efadfa91be02fc1c22ac41de0e,True,4
amcu:5095,amcu,230-р,2022-10-27,3408,d0b19bf06738e8feda1a5e2b55f9f711,True,3
amcu:5096,amcu,234-р,2022-10-27,45571,15ad80872e9a207255ba4323ca836995,True,45
amcu:5097,amcu,235-р,2022-10-27,35591,f35f54b7b9f26b2b5ccb68e35ca9e9e8,True,35
amcu:5098,amcu,488-р,2019-07-11,2203,508454342da8737b220be75a40dabc21,False,0
amcu:5099,amcu,489-р,2019-07-11,2180,45ad7de04d07000472f4b85a0ec58809,False,0
amcu:51,amcu,1002-р,2025-12-18,3281,351fc27f347f33be18f87f440cfa202a,True,3
amcu:510,amcu,708-р,2018-12-10,2958,003fddfd021864d7d542e58a78cd67eb,False,0
amcu:5100,amcu,490-р,2019-07-11,2308,33620a27458d6de5cc70cbf6c4ebe12d,False,0
amcu:5101,amcu,491-р,2019-07-11,4382,96ed6f244a592ce8d8ae844839561641,False,0
amcu:5102,amcu,492-р,2019-07-11,3915,0f16811afcc416f4f8690d00a3296435,False,0
amcu:5103,amcu,493-р,2019-07-11,21323,0a1f02eeae1e6c6dbaf72e96acfa5fbc,False,0
amcu:5104,amcu,7-рк,2023-11-23,22887,ad8d7bdba84c0608810bcabe3f11da7d,True,23
amcu:5105,amcu,39-рк,2020-10-01,27708,2013897de38b35a845ac39d6f9a4ac2e,True,27
amcu:5106,amcu,40-рк,2020-10-08,39445,7287fd124a2158e8f6b1011c139b445c,True,40
amcu:5107,amcu,41-рк,2020-10-22,16730,832e09ca3b3888979ce571025306b12c,True,17
amcu:5108,amcu,42-рк,2020-10-22,16624,5f945716dea4b86b59e82e49a338c78d,True,17
amcu:5109,amcu,43-рк,2020-10-22,19733,6160ef0582f30be8ff61be213aa2c2d2,True,20
amcu:511,amcu,709-р,2018-12-10,4207,d2ccb5303e7d0b960f98f730d75c9729,False,0
amcu:5110,amcu,44-рк,2020-10-22,16687,3099b649696a0910c0528cb20cb00c44,True,17
amcu:5111,amcu,45-рк,2020-10-22,17675,d001943bbfc6f6b4c4400cfaceb78d3c,True,18
amcu:5112,amcu,46-рк,2020-10-22,16869,08182fd23c2b49644e4788f7d017d825,True,17
amcu:5113,amcu,47-рк,2020-10-22,19243,0b8c322b416536cde032955f2b9dffba,True,19
amcu:5114,amcu,108-р,2023-05-04,3405,63d89af1ca81242a6402ae3a45bc9627,True,3
amcu:5115,amcu,109-р,2023-05-04,4194,e8f3e603d79d5556422656736e30b9ea,True,4
amcu:5116,amcu,110-р,2023-05-04,4099,6274560c79341a82d4c8e2eb6a2edd9e,True,4
amcu:5117,amcu,111-р,2023-05-04,39821,6cbc4118abd651e53476b908fbba05aa,True,40
amcu:5118,amcu,112-р,2023-05-11,3379,14830a51cbc8bfe32de16c2aebd86990,True,4
amcu:5119,amcu,113-р,2023-05-11,2731,7d1b7ba24328a78e20d1c9d8be095c07,True,3
amcu:512,amcu,711-р,2018-12-10,18543,e8164f564da3aa9068c41b7adddc1a76,False,0
amcu:5120,amcu,114-р,2023-05-11,2628,8dfd5d5963c75ba095ac1f1ffcb0a77c,True,3
amcu:5121,amcu,115-р,2023-05-11,3165,9eaa96da9c5521868e39b08fc472b4e3,True,3
amcu:5122,amcu,116-р,2023-05-11,2218,0ceb392ab28c20f7a5af7b14d102a493,True,2
amcu:5123,amcu,117-р,2023-05-11,2176,49d5e797649dd2ff02750977a45244fc,True,2
amcu:5124,amcu,118-р,2023-05-11,3318,b64b61f0ede3012e5e27708de16fc355,True,3
amcu:5125,amcu,119-р,2023-05-11,2970,d0abe0e48d5d04a98bdfe20cdc75ea27,True,3
amcu:5126,amcu,120-р,2023-05-11,3022,1bac4085210d628996c72687a67003fa,True,3
amcu:5127,amcu,121-р,2023-05-11,3247,8d4ad50a31da884695916446a96c55fe,True,3
amcu:5128,amcu,122-р,2023-05-11,3317,d104d1c3497c0cf9578da7b2690c1c21,True,3
amcu:5129,amcu,123-р,2023-05-11,3441,4aeddff7449b2c2835da5ad3c847040f,True,3
amcu:513,amcu,712-р,2018-12-10,22493,25ae78e2a1c7caac7712b070a4b020c6,False,0
amcu:5130,amcu,124-р,2023-05-11,3364,2a3de5d64e8d0315ca7d701d30747a10,True,3
amcu:5131,amcu,125-р,2023-05-11,3377,82fe34baa1f200521079d5419aff1247,True,3
amcu:5132,amcu,126-р,2023-05-11,3422,a55c785a7466b7053395c3ca02a2c4dd,True,3
amcu:5133,amcu,127-р,2023-05-11,3528,8492b0d747e0761161f3952d4b5bb633,True,4
amcu:5134,amcu,128-р,2023-05-11,3350,c6e239ad6ada11bc95d55db70c2cb43e,True,3
amcu:5135,amcu,129-р,2023-05-11,3327,439df9049233d3a7cb97100606a27c9c,True,3
amcu:5136,amcu,130-р,2023-05-11,3432,cb3bd2c0d523e99ea917ad2892b0e354,True,3
amcu:5137,amcu,131-р,2023-05-11,3396,3a7576ed374657c1da9fe51d2427bee8,True,3
amcu:5138,amcu,132-р,2023-05-11,3340,374033b76a2b6e0e10eda810e2c6992a,True,3
amcu:5139,amcu,133-р,2023-05-11,3432,63e7e507c2f6d5b7a16327ae043c1f73,True,3
amcu:514,amcu,713-р,2018-12-10,19174,64d2e49c1da5384becaf56254c39169a,False,0
amcu:5140,amcu,134-р,2023-05-11,3415,79be14bd75fb957266b976df4cc56c36,True,3
amcu:5141,amcu,135-р,2023-05-11,3458,5bae8d5d61eb0ebb921bb1c5c38f87b2,True,4
amcu:5142,amcu,136-р,2023-05-11,3374,ee8528505c8564bddcd0674eca0df6e3,True,3
amcu:5143,amcu,137-р,2023-05-11,3350,3b8ee88413762b096cff103bbf49c319,True,3
amcu:5144,amcu,138-р,2023-05-11,3379,b8bf097fae8950e3a68a87b9fde19d63,True,3
amcu:5145,amcu,139-р,2023-05-11,3386,816a2235e0c93b200be34ae53c4c96ad,True,3
amcu:5146,amcu,140-р,2023-05-11,3363,57a1627bb429c660967babb35d241a3e,True,3
amcu:5147,amcu,141-р,2023-05-11,3361,3c43961620abc0a9c2007206a7cc9378,True,3
amcu:5148,amcu,142-р,2023-05-11,3397,1cecd1510a5fb2d86f6ea2eb51075d48,True,3
amcu:5149,amcu,143-р,2023-05-11,9953,793c2c756c114e9a6e161486a62cd29a,True,9
amcu:515,amcu,713-р,2018-12-10,19023,50090112ac85989a2ad843860778ee6d,False,0
amcu:5150,amcu,144-р,2023-05-18,3198,2f1c26208fb21431144bade6cba6e2ce,True,3
amcu:5151,amcu,145-р,2023-05-18,4710,6f14a96988e6c268596871565903b4b5,True,5
amcu:5152,amcu,146-р,2023-05-18,4090,2a3c09ef5212566d4ab224ececd770a7,True,4
amcu:5153,amcu,147-р,2023-05-18,3202,069ce2e2a84ccdd9146c632e364d4f75,True,3
amcu:5154,amcu,148-р,2023-05-18,32098,fd46db57404b2133b0c803d709a64de8,True,31
amcu:5155,amcu,149-р,2023-05-25,3185,1800f003ad62892b0eff89476b9ee47e,True,3
amcu:5156,amcu,150-р,2023-05-25,12561,6fad907555f8e0be929ad6040033a867,True,12
amcu:5157,amcu,151-р,2023-05-25,16164,ef395fa4d17b150c74978ff332f201e7,True,16
amcu:5158,amcu,152-р,2023-05-25,268008,77114c2333bddcaa3153b93d3b29c09f,True,196
amcu:5159,amcu,310-р,2019-05-06,80960,e094397b41790116e986ee9c15d34f35,True,80
amcu:516,amcu,715-р,2018-12-11,84230,64677c5721ed8277b99cdf48c3ce3cbb,False,0
amcu:5160,amcu,,,32681,dee8429e705a0c06b16358e1cf3c8b7b,True,32
amcu:5161,amcu,450-р,2021-08-05,3578,b9d57efa0122c69a406852f6940da53d,True,4
amcu:5162,amcu,451-р,2021-08-05,3941,66ac69ada203204d36162bb3eb55b7fd,True,4
amcu:5163,amcu,452-р,2021-08-05,2637,ea36f4ea165b3ce7b3c28e39c00e2554,True,3
amcu:5164,amcu,453-р,2021-08-05,35693,3b4163f9c1a288756903d993e13b2fe7,True,36
amcu:5165,amcu,454-р,2021-08-05,60810,cc392631e95964b1b08d5cd778d0242c,True,60
amcu:5166,amcu,455-р,2021-08-05,111149,8c4298dc70a2b32299e798161c5b40f5,True,110
amcu:5167,amcu,456-р,2021-08-12,89064,341d5db0730d2ac1ef9983e6e1849e45,True,88
amcu:5168,amcu,457-р,2021-08-12,2063,6cda16af99c91cef38c575faea633b74,True,2
amcu:5169,amcu,458-р,2021-08-12,4400,5e33cc8cbb67d2be9c591024317d5194,True,4
amcu:517,amcu,718-р,2018-12-11,3377,8adaafae158a6fbd34b66cc9e35e4bda,False,0
amcu:5170,amcu,459-р,2021-08-12,3817,def448899c7027770d642a313d60e2eb,True,4
amcu:5171,amcu,460-р,2021-08-12,3928,1f9cd77e7c360d556a24908758609902,True,4
amcu:5172,amcu,461-р,2021-08-12,4013,e1f4726054d8a805a6336c6885c663b4,True,4
amcu:5173,amcu,462-р,2021-08-12,4430,ea4629427743ffc77e3d96a8b00bf516,True,4
amcu:5174,amcu,463-р,2021-08-12,4419,5ae254039a1143f229370dfffa4808bc,True,4
amcu:5175,amcu,464-р,2021-08-12,4406,53554122cd94e579c96b194d0ec4af06,True,4
amcu:5176,amcu,465-р,2021-08-12,3125,aef3b9d6cad4c51645ee7bf6202489e6,True,3
amcu:5177,amcu,468-р,2021-08-12,34082,9ef53140638ca9aa5bfdd4e4fd140ca4,True,34
amcu:5178,amcu,469-р,2021-08-19,2046,419c325163aa14a56cabfcff7dfa45d9,True,2
amcu:5179,amcu,470-р,2021-08-19,2301,35a473b2936eb3996ce35ce04ae6455e,True,2
amcu:518,amcu,716-р,2018-12-11,53260,0bc7076fd1a9b1db24f0c503495f8ac9,False,0
amcu:5180,amcu,471-р,2021-08-19,2038,1b608c7957dbeae52a39cea6547f8cb4,True,2
amcu:5181,amcu,472-р,2021-08-19,2530,294d2be64fc32abfa9877767fe9075ac,True,3
amcu:5182,amcu,473-р,2021-08-19,6690,b0e50fe9feed7913e4eddf613b337d35,True,7
amcu:5183,amcu,474-р,2021-08-19,10412,a8de7ecdaa748be5aea0519ab7ffe69b,True,10
amcu:5184,amcu,475-р,2021-08-19,3383,97bd341cda0d0a1ccbf0f767f36ad230,True,3
amcu:5185,amcu,476-р,2021-08-19,3304,f52398cab84663f9b3b0dd0e4cbcb6b1,True,3
amcu:5186,amcu,477-р,2021-08-19,4872,ffccfb8aaf81e7084d812488b3a46258,True,5
amcu:5187,amcu,478-р,2021-08-19,6480,be322572a4bfb09335892776e7b12d2e,True,7
amcu:5188,amcu,479-р,2021-08-19,3305,db491d839c113400802c4a8b2f62433c,True,3
amcu:5189,amcu,480-р,2021-08-19,2693,675943ba83cae3bec75de6957a2c6a98,True,3
amcu:519,amcu,717-р,2018-12-11,55799,807450b897d34416689ba71b75e65371,False,0
amcu:5190,amcu,481-р,2021-08-19,3483,a0cfe4bd2b1c577c03a9e530bacc7cb6,True,3
amcu:5191,amcu,482-р,2021-08-19,15008,f23382513b7f4ceaf416333e31f01252,True,14
amcu:5192,amcu,483-р,2021-08-19,9006,e90e3251bbae1568f657ec67e59d947b,True,9
amcu:5193,amcu,484-р,2021-08-19,81012,18d420de90f5a176022972e2cc6b4288,True,80
amcu:5194,amcu,485-р,2021-08-26,56453,e81e2325fcdca88754771890816a062a,True,55
amcu:5195,amcu,486-р,2021-08-26,2051,5d8080e8c0207af79b530bc0351d04df,True,2
amcu:5196,amcu,487-р,2021-08-26,1919,4295805f1d9bc228fb9337944cda13fb,True,2
amcu:5197,amcu,488-р,2021-08-26,5295,9fbd30af182c110967bdff2014d3ffd0,True,5
amcu:5198,amcu,489-р,2021-08-26,3584,1477e2ca231b83d69e7d933703908b1c,True,4
amcu:5199,amcu,490-р,2021-08-26,6857,ac17c21eda7b14ad48bd2627ef250b6c,True,7
amcu:52,amcu,1003-р,2025-12-18,3281,835ab47d5b48b79aa0d66d4962fcb8ca,True,3
amcu:520,amcu,719,2018-12-11,100765,b3f0006bf61aeec3be3a66468ce005a2,False,0
amcu:5200,amcu,61-рк,2019-11-21,26046,9ea15bb2f1197bfefccf99525786045d,True,26
amcu:5201,amcu,62-рк,2019-11-21,21723,3b7b878c414af1a1c7027319d3c7e744,True,21
amcu:5202,amcu,596-р,2025-10-02,3009,a1290fd17b28af8662046f19bd7f24a3,True,3
amcu:5203,amcu,597-р,2025-10-02,3144,e30444cdcd3daf50adc2af991c56e77b,True,3
amcu:5204,amcu,598-р,2025-10-02,3795,6b99c5d0550bba9197b908085ad6ef7c,True,4
amcu:5205,amcu,599-р,2025-10-02,2999,f9d040d7bb987dc05609969f3c8b33c5,True,3
amcu:5206,amcu,600-р,2025-10-02,59457,d59f8688d8605c4ab687fd3e0ca72af9,True,56
amcu:5207,amcu,601-р,2025-10-02,134166,21314d13b8c49a5cbe7aef02def564ee,True,130
amcu:5208,amcu,602-р,2025-10-02,97703,f2227d2682ff1a86bd35d976008c0d7b,True,96
amcu:5209,amcu,603-р,2025-10-02,10514,a136cb7f4cc42af226cb499fa45e1a1b,True,10
amcu:521,amcu,720-р,2018-12-13,99275,675b715b6781fdbfd2c241ac32b9d165,False,0
amcu:5210,amcu,604-р,2025-10-09,3284,5e1a7caf7d55aa4a4ec8bdae7c7395cb,True,3
amcu:5211,amcu,605-р,2025-10-09,2727,b3f361a36966dd87dc2dbe6b9caa70a1,True,3
amcu:5212,amcu,606-р,2025-10-09,3553,8dd785d81d9d3121fa16e0e42b1d54b7,True,4
amcu:5213,amcu,607-р,2025-10-09,4532,8bafc4851342046fd790c45dced94554,True,4
amcu:5214,amcu,608-р,2025-10-09,3110,084cea09cd6a7ac9806247af784703d4,True,3
amcu:5215,amcu,609-р,2025-10-09,3176,432c6a4c071cc07d530ffd27665aa710,True,3
amcu:5216,amcu,610-р,2025-10-09,3044,d5068e887381e0f62595d6db7ff2b104,True,3
amcu:5217,amcu,611-р,2025-10-09,3742,9a92de07f8da418c534f2937863df2c8,True,4
amcu:5218,amcu,612-р,2025-10-09,2656,2d21e653822df8c31584555765499a7f,True,3
amcu:5219,amcu,613-р,2025-10-09,2310,7a05c58b9d74049cfd2d2382004c5dcf,True,2
amcu:522,amcu,721-р,2018-12-13,64713,3a6c47097e946a0ce488a16c5e1072f9,False,0
amcu:5220,amcu,614-р,2025-10-09,2326,c81a9ebb808fcd7c3216d4493310711a,True,2
amcu:5221,amcu,615-р,2025-10-09,2330,230c6fd953ce58398f1e6de12bc0584b,True,2
amcu:5222,amcu,616-р,2025-10-09,2311,246d433d0464cb5fc7457cd5503893ea,True,2
amcu:5223,amcu,617-р,2025-10-09,2331,8c9b7fa66771459a60787e3d41e67509,True,2
amcu:5224,amcu,618-р,2025-10-09,2355,7eab23537c8f029ac164533c639ebe67,True,2
amcu:5225,amcu,619-р,2025-10-09,24330,54a51a1cb1aa454c9d05b959256af125,True,24
amcu:5226,amcu,620-р,2025-10-09,104836,99be3613e2b1f64609e17f6c257055a7,True,85
amcu:5227,amcu,621-р,2025-10-09,55069,b4a3b8cbeaf0c2cfbd3b514261bd085f,True,55
amcu:5228,amcu,622-р,2025-10-09,3296,530a275f21fbc2fca7d1586adaf3826e,True,3
amcu:5229,amcu,623-р,2025-10-09,3298,29012fc043c284873c2226c654c1a44e,True,3
amcu:523,amcu,722-р,2018-12-13,19734,019f128ee5729ce332f345d85435e50a,False,0
amcu:5230,amcu,624-р,2025-10-09,3296,cacb193a62e91ba683fc78e24902bd71,True,3
amcu:5231,amcu,625-р,2025-10-09,3297,c42fe1e5873727320398e3e72480191e,True,3
amcu:5232,amcu,626-р,2025-10-09,3295,8408697ae1182c5b8c7c321282951852,True,3
amcu:5233,amcu,627-р,2025-10-09,3297,967a6aaf980afd2d0563ee87e0c354c3,True,3
amcu:5234,amcu,628-р,2025-10-09,3298,ec6fc8a8664e64795121b724c3336ba0,True,3
amcu:5235,amcu,629-р,2025-10-09,3297,0f1b2ef4e5b97cd6d569fc53f0302e53,True,3
amcu:5236,amcu,630-р,2025-10-09,3269,b1ecc0eab516f1dae4bcaf9ee911452d,True,3
amcu:5237,amcu,631-р,2025-10-09,3266,e736b23b5fe943d8971ca9634fee0ff3,True,3
amcu:5238,amcu,632-р,2025-10-09,3285,79120d6e0d6cfaf0e8d86fd337a58b5b,True,3
amcu:5239,amcu,633-р,2025-10-09,3284,eda27a9d2012dd761ce2750c634ca00f,True,3
amcu:524,amcu,723-р,2018-12-13,20020,9e3de2c42cb951f87b3b81dab4842ab4,False,0
amcu:5240,amcu,634-р,2025-10-09,3284,eda27a9d2012dd761ce2750c634ca00f,False,0
amcu:5241,amcu,635-р,2025-10-09,3284,df3c47b9f91bc390fab9b4708ac309ab,True,3
amcu:5242,amcu,636-р,2025-10-09,3284,14a6b834cc0a0119b24179fcb729bd29,True,3
amcu:5243,amcu,637-р,2025-10-09,3284,fd68e5d70c970d5826008f25bcf13794,True,3
amcu:5244,amcu,638-р,2025-10-09,3309,6f41f9656cbc411a0df627504454d5f9,True,3
amcu:5245,amcu,639-р,2025-10-09,3310,614e3fa0ec23a552643b747d798d5e65,True,3
amcu:5246,amcu,640-р,2025-10-09,3309,2ecff8c22d97cc80e956f3da3e708d41,True,3
amcu:5247,amcu,641-р,2025-10-09,3309,23b22af1a6cd0477f8f7a07be37b6263,True,3
amcu:5248,amcu,642-р,2025-10-09,3297,bbd00bc201d2905346878018a8870ed5,True,3
amcu:5249,amcu,643-р,2025-10-09,3303,3e422b2d64a563d0e6566863a2245e89,True,3
amcu:525,amcu,724-р,2018-12-13,16496,d916b78738a5fbd878a7f04dc0eae54e,False,0
amcu:5250,amcu,644-р,2025-10-09,3279,bd6887fb0a5fbf838f247c4c4c6c5a88,True,3
amcu:5251,amcu,645-р,2025-10-09,3272,b999b93111f4cbf2ba4bf9749660cdb6,True,3
amcu:5252,amcu,646-р,2025-10-09,3272,f6a5edd728e52540cfb13778dae89341,True,3
amcu:5253,amcu,647-р,2025-10-09,3272,cfe0fa34846c6f7fa1bab81135a1ad75,True,3
amcu:5254,amcu,648-р,2025-10-09,3272,06d163970b83f129ce4f3ffbd8e041f8,True,3
amcu:5255,amcu,649-р,2025-10-09,3273,5c982f344577d52355ff0b7146f84b1a,True,3
amcu:5256,amcu,650-р,2025-10-09,3272,5d2ab54f2f3fcf257f39e6b5f4bd9694,True,3
amcu:5257,amcu,651-р,2025-10-09,3280,80b5b2a5e02528175c3e1454bc3c2953,True,3
amcu:5258,amcu,652-р,2025-10-09,3284,d0b560b0912fd2b82ccd67f57cd3b17e,True,3
amcu:5259,amcu,653-р,2025-10-09,3303,bc39b8d6f06403b52c8f74343fa74818,True,3
amcu:526,amcu,725-р,2018-12-13,39579,7eb4e899bf7841fa077f74f70f6257f8,False,0
amcu:5260,amcu,654-р,2025-10-09,3302,58d8bd73a2564fb2cf6540785d0ca0c1,True,3
amcu:5261,amcu,655-р,2025-10-09,3302,c90ad5c6292820265f28f2a9c5069a14,True,3
amcu:5262,amcu,656-р,2025-10-09,3302,a4158d0cc8ba2611ca503438e1be4fb9,True,3
amcu:5263,amcu,657-р,2025-10-09,3278,b696651e60650f924bd551e28893166f,True,3
amcu:5264,amcu,658-р,2025-10-09,3278,ea955f52ed6944424aabf729696b7712,True,3
amcu:5265,amcu,659-р,2025-10-09,3278,a9ab3fc355fe6b2f4544b8dad0d4b578,True,3
amcu:5266,amcu,660-р,2025-10-09,3278,94a96fbceaacb336aeec032a28f39f19,True,3
amcu:5267,amcu,661-р,2025-10-09,3278,1322495ce5b363987959c05463a76111,True,3
amcu:5268,amcu,662-р,2025-10-09,3312,a8f533b19e018db983968ce101ce6cd4,True,3
amcu:5269,amcu,663-р,2025-10-09,3315,9a70301c38785acdc14432acc0c2565b,True,3
amcu:527,amcu,726-р,2018-12-17,2043,58d648983bb8da41e82624a91aee16c6,False,0
amcu:5270,amcu,664-р,2025-10-09,3314,98a5720c2ed8c42e8a62b573738f0ca3,True,3
amcu:5271,amcu,665-р,2025-10-09,3314,00d9a891fd462b51c2a5c31a5ff29fdb,True,3
amcu:5272,amcu,666-р,2025-10-09,3313,5fa1374285ac423555cc37dac6bb9df5,True,3
amcu:5273,amcu,667-р,2025-10-09,3312,78c8e2e9faa74ad6a5a0b4c4397db16f,True,3
amcu:5274,amcu,668-р,2025-10-09,3313,9616b3236ebcbf07f2a07c56258af29f,True,3
amcu:5275,amcu,669-р,2025-10-09,3313,63e7d9c6623e248f082aeed8753f5d05,True,3
amcu:5276,amcu,670-р,2025-10-09,3312,ad3aedc56af6ea22dcdefd76ebe7f3c4,True,3
amcu:5277,amcu,671-р,2025-10-09,3313,0ad102cf76d5c225ca5d5ef8c8a4ce05,True,3
amcu:5278,amcu,672-р,2025-10-09,3313,838f5afa64f6344ffe79d00338c59d7a,True,3
amcu:5279,amcu,673-р,2025-10-09,3314,c95e2ed4ab93cefad370bd7aec88760b,True,3
amcu:528,amcu,727-р,2018-12-17,2005,e0c7bdededb9a94788559fa74ff989db,False,0
amcu:5280,amcu,674-р,2025-10-09,3316,3f4df9eb62d0505bed28df74c0a739ed,True,3
amcu:5281,amcu,675-р,2025-10-09,3313,b93ce73e3d6974c3d2e4124ee37f7f2d,True,3
amcu:5282,amcu,676-р,2025-10-09,3314,2fd7ed8b8bba9c5d62906629b6b2e390,True,3
amcu:5283,amcu,677-р,2025-10-09,3313,9dcc478cdbc7fc063b2ceb3d309be09e,True,3
amcu:5284,amcu,678-р,2025-10-09,3275,f1388c4e6b483f068d65bd1e07e42e45,True,3
amcu:5285,amcu,679-р,2025-10-09,3275,2461069933b2bfbd78b398510a6ebe6a,True,3
amcu:5286,amcu,680-р,2025-10-09,3275,3f8845fcbed85bd3e233e86faff1d595,True,3
amcu:5287,amcu,681-р,2025-10-09,3275,a75beb0b7bffc62b759b579714307419,True,3
amcu:5288,amcu,682-р,2025-10-16,2568,4930bd8478abd31b777b57966c08fe48,True,3
amcu:5289,amcu,683-р,2025-10-16,2510,551dba06bf23a5743cbdbd3968dce124,True,3
amcu:529,amcu,732-р,2018-12-17,7640,1866d7f6925f021ca0f027c644688d3a,False,0
amcu:5290,amcu,684-р,2025-10-16,2353,7df353d661c8edf0eb1cec99f459c5f2,True,2
amcu:5291,amcu,685-р,2025-10-16,4032,abbc0facb7f17ce61c0efeeb02eba571,True,4
amcu:5292,amcu,686-р,2025-10-16,3953,0db94b98761456804d9c993f8d8b5f35,True,4
amcu:5293,amcu,687-р,2025-10-16,1931,d104ec7ca52f847dda78b31b5ca8e6f5,True,2
amcu:5294,amcu,688-р,2025-10-23,2696,ae638aea73b200ceb279fb2a94fd6310,True,3
amcu:5295,amcu,689-р,2025-10-23,17467,bdbcc3ea6496cb6bedef0bf7918154bc,True,17
amcu:5296,amcu,690-р,2025-10-23,19291,6b0457fe6b30274fee1857209c2b14e5,True,19
amcu:5297,amcu,691-р,2025-10-23,18939,72030bae434b54e84a5e2a252c718e4c,True,19
amcu:5298,amcu,692-р,2025-10-23,15358,aad540a7ac279bd8dc5f834033f46d43,True,15
amcu:5299,amcu,693-р,2025-10-23,23393,9bc9ed5ffc70b4308557e52ba29f5f46,True,23
amcu:53,amcu,1004-р,2025-12-18,3281,4d03fd8caef38a876a0810ccda6f1ee7,True,3
amcu:530,amcu,739-р,2018-12-17,19696,710ae1ecfadee3a05163b218fe87b13b,False,0
amcu:5300,amcu,694-р,2025-10-23,62928,b1d56042ed5778832a42b5bb69122578,True,63
amcu:5301,amcu,695-р,2025-10-23,12202,21758b8bf567d9de85473e345cc1d0d4,True,12
amcu:5302,amcu,696-р,2025-10-23,10651,5dc7c945f7770e88b68e947dd0c057ce,True,11
amcu:5303,amcu,697-р,2025-10-23,16530,8283f46569fe8b0c4961ff1ddd349e4d,True,16
amcu:5304,amcu,698-р,2025-10-30,3142,a6f7f7be626764a9d650bcb2f749b61e,True,3
amcu:5305,amcu,699-р,2025-10-30,3767,643d28a600ed725352e16f0d94f5c052,True,4
amcu:5306,amcu,700-р,2025-10-30,3341,3dd840ddfd8b9677ddd1c7e14e15bff4,True,3
amcu:5307,amcu,701-р,2025-10-30,2250,a3fa699335a7be7f51545b23b408be60,True,2
amcu:5308,amcu,702-р,2025-10-30,2438,b0c01662080ccb3e630f1152dff60abb,True,2
amcu:5309,amcu,703-р,2025-10-30,3001,72edc0ddb3245a6cd4d978b6d091a76b,True,3
amcu:531,amcu,733,2018-12-17,51996,347a77448aea530daab42c13aa172e74,False,0
amcu:5310,amcu,704-р,2025-10-30,3577,136e4d3e7751f080a3a12b36ce7a4328,True,3
amcu:5311,amcu,705-р,2025-10-30,22276,2c14aa6781ea044d45299a562661aa68,True,22
amcu:5312,amcu,706-р,2025-10-30,24869,372396663c4de6881a9fa37ceb014d15,True,25
amcu:5313,amcu,707-р,2025-10-30,24539,8b86375dcdead44846dc026d41438472,True,25
amcu:5314,amcu,708-р,2025-10-30,24357,241eea3ca425b39e5379eb1ea49f592a,True,24
amcu:5315,amcu,709-р,2025-10-30,17241,3585c18ee6e081a099b6b2282a46f101,True,17
amcu:5316,amcu,710-р,2025-10-30,18324,48c525997decb70e5140766129ca15b5,True,18
amcu:5317,amcu,711-р,2025-10-30,58676,055f92445f4d93f22150b47a09ab6eb2,True,58
amcu:5318,amcu,712-р,2025-10-30,134336,c79ebea96d826bb7138c9532d7e5c01b,True,134
amcu:5319,amcu,713-р,2025-10-30,203513,04a23659fb15fa041dc5837768bfc347,True,203
amcu:532,amcu,728-р,2018-12-17,1973,c371291698dc660d94715dcf9c8a5abd,False,0
amcu:5320,amcu,714-р,2025-10-30,84843,7cb4b92654865be3f615ad3d3b012b99,True,85
amcu:5321,amcu,715-р,2025-10-30,3296,bb37ea9d996e78b5be721283c4f81374,True,3
amcu:5322,amcu,716-р,2025-10-30,3295,f6bc14a5eeeff69de9ec7f598384f7c2,True,3
amcu:5323,amcu,717-р,2025-10-30,3300,e5022d3ba52b586fb2a70f4b0d56dc9c,True,3
amcu:5324,amcu,718-р,2025-10-30,3269,c05dd801b094ef07dbd3cdd27ef83c0a,True,3
amcu:5325,amcu,719-р,2025-10-30,3269,1a03d2b9717f58c428048d3ceab371cf,True,3
amcu:5326,amcu,720-р,2025-10-30,3269,3d4d505a498dde2bcf7d44976e36330a,True,3
amcu:5327,amcu,721-р,2025-10-30,3285,e00d4702171db9b9a70db60927785da8,True,3
amcu:5328,amcu,722-р,2025-10-30,3286,a8274e2f65fb8d01c23d1ab1db239ed3,True,3
amcu:5329,amcu,723-р,2025-10-30,3285,ba015976c4c50dbe0e432754035e3399,True,3
amcu:533,amcu,729-р,2018-12-17,2006,57546710324fdac16c6de6ae7d40ec28,False,0
amcu:5330,amcu,724-р,2025-10-30,3285,33f43d275b02c8427d93f6fac89b5d5d,True,3
amcu:5331,amcu,725-р,2025-10-30,3285,40ce928bc84928cbd3c43b071860e7e1,True,3
amcu:5332,amcu,726-р,2025-10-30,3285,b3f849b716260551f1132e228ef2acdc,True,3
amcu:5333,amcu,727-р,2025-10-30,3285,a3f56c44a63f7a4023c15b817796c18f,True,3
amcu:5334,amcu,728-р,2025-10-30,3285,6f9ee7a9c40ae95a3daa6d7fc8b17c0f,True,3
amcu:5335,amcu,729-р,2025-10-30,3296,f4b0a33f58136e0b9adcb6c08cd892cb,True,3
amcu:5336,amcu,730-р,2025-10-30,3297,43b7e67b4b0b76c7d939b6f678d462c0,True,3
amcu:5337,amcu,731-р,2025-10-30,3297,998fb8cf8111d045c9bfc609f084fffa,True,3
amcu:5338,amcu,732-р,2025-10-30,3296,d133fe1cf30934f7441ff526c572d44d,True,3
amcu:5339,amcu,733-р,2025-10-30,3296,1614e4a3eac86c5e9f4396b36c61900c,True,3
amcu:534,amcu,730-р,2018-12-17,2090,2ba405b5f2fc2b5d239c7c3058bd0ae7,False,0
amcu:5340,amcu,734-р,2025-10-30,3302,84c39d144d380f6c981a61f81e8ca048,True,3
amcu:5341,amcu,735-р,2025-10-30,3303,473a28421dc8a883f78305ca3da15ba6,True,3
amcu:5342,amcu,736-р,2025-10-30,3303,826226ac3e6c564d099dfa0f4f7cb92e,True,3
amcu:5343,amcu,737-р,2025-10-30,3302,d6020325782f121d5d9f781d3a8892d3,True,3
amcu:5344,amcu,738-р,2025-10-30,3302,df35f2bd76c1a039a7343589e4e7926a,True,3
amcu:5345,amcu,739-р,2025-10-30,3303,7ad92cb132496f9ea9153a865821dde8,True,3
amcu:5346,amcu,740-р,2025-10-30,3302,885c969147ff90ff038082da536d637d,True,3
amcu:5347,amcu,741-р,2025-10-30,3302,cd0f2dbf3444b84aafc027575eba86ac,True,3
amcu:5348,amcu,742-р,2025-10-30,3302,4d78b78f69eab5171ecb118f3e9c0d26,True,3
amcu:5349,amcu,743-р,2025-10-30,3279,82865e94c1b579d9da53aab5c84077f1,True,3
amcu:535,amcu,731-р,2018-12-17,4530,c09d73c4346510483c871477c162c23a,False,0
amcu:5350,amcu,744-р,2025-10-30,3279,b123381bd83765fa25d8e904f7806911,True,3
amcu:5351,amcu,745-р,2025-10-30,3279,6472ec65aab60cb78c5ccb108a9e6557,True,3
amcu:5352,amcu,746-р,2025-10-30,3290,9e8e1857d06c9ebfe830d59375b2c147,True,3
amcu:5353,amcu,747-р,2025-10-30,3272,ec26f6a2a43fdc6742a8967bbc6a2684,True,3
amcu:5354,amcu,748-р,2025-10-30,3272,a8275f3eafedf402246c7a72a05cdbd7,True,3
amcu:5355,amcu,749-р,2025-10-30,3273,5c0f61e33de0267665b22839349b7f17,True,3
amcu:5356,amcu,750-р,2025-10-30,3284,4dbd0a26188186c8b83323a529cbe088,True,3
amcu:5357,amcu,751-р,2025-10-30,3284,e224dc86637a3752bf00f091aa961fd8,True,3
amcu:5358,amcu,752-р,2025-10-30,3284,8446dae5f2bc17f0b861c921020d6f32,True,3
amcu:5359,amcu,753-р,2025-10-30,3284,01a17fb2b435d7ad916d11c479018726,True,3
amcu:536,amcu,740-р,2018-12-17,43987,b2005ab04462be48554bea07b3b02601,False,0
amcu:5360,amcu,754-р,2025-10-30,3284,3735045d25982c73be1d66dd87d16107,True,3
amcu:5361,amcu,755-р,2025-10-30,3284,2d88252628791446c9e0f40ef436488f,True,3
amcu:5362,amcu,756-р,2025-10-30,3284,295a8a25210d9cfe01e03650e936787d,True,3
amcu:5363,amcu,757-р,2025-10-30,3285,3abb1ea7b202cb7ea9da36d703468257,True,3
amcu:5364,amcu,758-р,2025-10-30,3285,89fabfe79dfee5d2e10b0ce934c059aa,True,3
amcu:5365,amcu,759-р,2025-10-30,3275,483098c810b6ee2a1ddb9683dc20f981,True,3
amcu:5366,amcu,760-р,2025-10-30,3302,b2c035a35090b944205834ef1ddd91cc,True,3
amcu:5367,amcu,761-р,2025-10-30,3304,cff116985baf79a75222e5cfae6cfd0f,True,3
amcu:5368,amcu,762-р,2025-10-30,3278,8c71d7eeff43442cc862f900a1160297,True,3
amcu:5369,amcu,763-р,2025-10-30,3278,bd4b9a5ede08dd644fb55c656441e1c4,True,3
amcu:537,amcu,734-р,2018-12-17,19364,f75b2fd9c9701625f6c3e60e48d2534e,False,0
amcu:5370,amcu,764-р,2025-10-30,3278,fb1ed0daaa31240e69fccd54311f1f8e,True,3
amcu:5371,amcu,765-р,2025-10-30,3278,eea2764eb577aa03613de714a5fc6d57,True,3
amcu:5372,amcu,766-р,2025-10-30,3278,70b01d41c31b952e73d90831756c47ba,True,3
amcu:5373,amcu,767-р,2025-10-30,3278,f7cd98817c72d8fb864b23cca7a6b5ba,True,3
amcu:5374,amcu,768-р,2025-10-30,3347,19118a759b5bd7ace455c3f3e7e72cc3,True,3
amcu:5375,amcu,769-р,2025-10-30,3345,02dd51d807dc6e7b8aae1e7e56d7a5ee,True,3
amcu:5376,amcu,770-р,2025-10-30,3342,034e179f82a67c45fa8ac30755da95fa,True,3
amcu:5377,amcu,771-р,2025-10-30,3353,24cec3e3efb99014e38f37ea1a66ac96,True,3
amcu:5378,amcu,772-р,2025-10-30,3347,9cf1ac4553c1def45f70eecedc79c77f,True,3
amcu:5379,amcu,773-р,2025-10-30,3348,40eece9031a9cb9457d2e3c411be9f58,True,3
amcu:538,amcu,735-р,2018-12-17,18238,6e291b401b5ccfc6b1b6bb771e63bf63,False,0
amcu:5380,amcu,774-р,2025-10-30,3318,5dfaffd11aff2d84165b9cb68e1f7fd1,True,3
amcu:5381,amcu,775-р,2025-10-30,3340,a797959a9e0a91c9b3ffebeb3177a8e4,True,3
amcu:5382,amcu,776-р,2025-10-30,3317,a14577b0122c09d559a73ed4612a9e40,True,3
amcu:5383,amcu,777-р,2025-10-30,3315,fabcb750197f77f170fffe7b636dcdc1,True,3
amcu:5384,amcu,778-р,2025-10-30,3276,b8185f9e4f958f1487f2fbb956ff2d9a,True,3
amcu:5385,amcu,779-р,2025-10-30,3281,1998202ae73ee6bd1137fb2925bca436,True,3
amcu:5386,amcu,780-р,2025-10-30,3281,0d56e14552db1e299e5da4ee81a62154,True,3
amcu:5387,amcu,781-р,2025-10-30,3281,e33f28f0018ec74f26c5a5c4bf30e12e,True,3
amcu:5388,amcu,782-р,2025-10-30,3281,be14076b6f785fc692f4d2807772e95c,True,3
amcu:5389,amcu,783-р,2025-10-30,3281,79c8bc510b05088679b77456e07315ae,True,3
amcu:539,amcu,736-р,2018-12-17,24590,d0a2d6b89737875b78e8bc41cd2f95c9,False,0
amcu:5390,amcu,784-р,2025-10-30,3281,78cecfc71e35350d5b5b9b6027a43b57,True,3
amcu:5391,amcu,19-від,2021-08-26,54649,dff4cc3164df54ef3ec15b4cf24ed883,True,55
amcu:5392,amcu,20-від,2021-08-26,34145,dc37fc206368a19576754ed75efc09bf,True,34
amcu:5393,amcu,1-рк,2023-02-09,19784,713cf4c12fe0065cfdb1b370fd84026c,True,19
amcu:5394,amcu,9-rk,2019-03-14,16268,ccd71532a0271ec2137df8d8c66665f1,True,16
amcu:5395,amcu,9-рк,2025-12-11,33942,ec3249477a13431979a2a03fd4883a3f,True,34
amcu:5396,amcu,178-р,,2370,4ad65edd9031eb0992b6f46c5b84f6d0,True,2
amcu:5397,amcu,181-р,,3597,17125a78b0d0ea3355c58a4af788c082,True,4
amcu:5398,amcu,180-р,,6793,e54e95082611ed9c4d20e92738b3bc51,True,7
amcu:5399,amcu,182-р,,3451,9b3bf4589e932f64201c868ce2750778,True,4
amcu:54,amcu,1005-р,2025-12-18,3281,ac6331b5a0ddb7481ccbc5f3080f8be4,True,3
amcu:540,amcu,737-р,2018-12-17,41427,1317ccbc7448ebe49643e88419a53c96,False,0
amcu:5400,amcu,183-р,,3545,c8ebc511c7eacbed894e8d0fa10f3438,True,4
amcu:5401,amcu,184-р,,25215,b01c811e52773b59c420545911efaa6f,True,25
amcu:5402,amcu,185-р,,27096,946e2d5a036149fada8a5eb35ce7b3b4,True,27
amcu:5403,amcu,179-р,2019-03-28,2216,a1df3c0a770eee498d94aadbd70a6256,True,2
amcu:5404,amcu,186-р,2019-03-28,14588,e9498222cfae5d64ae82148786428039,True,14
amcu:5405,amcu,187-р,2019-03-28,20217,01e06dfd8ba69c305518dc5e753f5592,True,20
amcu:5406,amcu,188-р,2019-03-28,31178,b14d9e188e3214227b53c33da1a2651f,True,31
amcu:5407,amcu,638-р,2019-09-26,3033,bcb1f5a3871e118419e752491007c09b,True,3
amcu:5408,amcu,639-р,2019-09-26,2303,b4d092bfcd477450769dad62f06844de,True,2
amcu:5409,amcu,640-р,2019-09-26,2124,aaa2aeab693b37ab37d1ecd4c87de454,True,2
amcu:541,amcu,738-р,2018-12-17,31895,e3dffbc018605e440fdc298b59ab1bd8,False,0
amcu:5410,amcu,641-р,2019-09-26,4719,a29d53be2cc85bb385d58eb4acb45c98,True,5
amcu:5411,amcu,642-р,2019-09-26,3543,228df12e52b509e249822ac273f5580d,True,3
amcu:5412,amcu,643-р,2019-09-26,3813,3b29b63be8392567928d5bd769290a65,True,4
amcu:5413,amcu,644-р,2019-09-26,3220,2a391f5c411841e41df5dce8854f50e1,True,3
amcu:5414,amcu,645-р,2019-09-26,123721,c94fa7ad5084be363d9c4c94847fb48e,True,123
amcu:5415,amcu,646-р,2019-09-26,121333,087af421242c1dc2d1405fb0bd65b328,True,117
amcu:5416,amcu,647-р,2019-09-26,61062,d7b9752728075615741aa29f4d45e30f,True,60
amcu:5417,amcu,648-р,2019-09-26,29401,c775019e398bbb72fbeb6a5c39133287,True,26
amcu:5418,amcu,649-р,2019-09-26,20714,586791c8a8b2f9603900a68e5cab83e2,True,21
amcu:5419,amcu,650-р,2019-09-26,25612,58cd12371f938d71712561f95f14ce4d,True,25
amcu:542,amcu,741-р,2018-12-18,4036,70626e7641da880fb8cc6d0e6f1e5992,False,0
amcu:5420,amcu,8-рк,2025-10-02,23148,4ad958076568ca12b8269bd1f2daebef,True,23
amcu:5421,amcu,163-r,2019-03-18,4365,37f8f4ee1916def52294aadd1388698e,True,4
amcu:5423,amcu,345-р,2024-10-03,3336,1309aa140f68a9f56f219fb88f1e4c13,True,3
amcu:5424,amcu,346-р,2024-10-03,2021,f33b2e4f08a9e33982bc70d61cdbe765,True,2
amcu:5425,amcu,347-р,2024-10-03,4170,18590d2fbdf795ad4f15ae5145dfc756,True,4
amcu:5426,amcu,348-р,2024-10-03,3738,0faeded34e81edb68ec77fee21877771,True,4
amcu:5427,amcu,349-р,2024-10-03,3067,e6c2b8a7021b8824684ae52afff90493,True,3
amcu:5428,amcu,350-р,2024-10-03,3932,f70fe3cea7553f9be892957a9a39bdd9,True,4
amcu:5429,amcu,351-р,2024-10-03,3914,291d8835c7a2bc9337ce016d2152e2db,True,4
amcu:543,amcu,758-р,2018-01-20,5674,b169f5a4ce728a8d2853e110f93bd872,False,0
amcu:5430,amcu,352-р,2024-10-03,3904,5199c6a2ac10454b479f4ceea5fa6950,True,4
amcu:5431,amcu,353-р,2024-10-03,3822,4b791673806e8225abbb98857f985c29,True,4
amcu:5432,amcu,354-р,2024-10-03,3853,590514b993ebde10d8ab0a6b6e8131a1,True,4
amcu:5433,amcu,355-р,2024-10-03,3786,94b6077807c45722475a17014540b99b,True,4
amcu:5434,amcu,356-р,2024-10-03,3807,0a740b4c220bf027b5a4c7c05aa07309,True,4
amcu:5435,amcu,357-р,2024-10-03,3843,4776782ea1a423a76947e09fb72aa3cb,True,4
amcu:5436,amcu,358-р,2024-10-03,3810,25de7944135e6de9c810dfcf160b3dd0,True,4
amcu:5437,amcu,359-р,2024-10-03,2958,571bd273237d6b8d9c17f4e3ba432271,True,3
amcu:5438,amcu,360-р,2024-10-03,2927,bdefebb8d75c6912acc36541562a4a76,True,3
amcu:5439,amcu,361-р,2024-10-03,2134,233e52a22cf5fec0862bfd7b81126707,True,2
amcu:544,amcu,755-р,2018-01-20,2221,eaf6498ccf750594fb9626267285c7cb,False,0
amcu:5440,amcu,362-р,2024-10-03,25855,294c4d9e260cb649d246d7e36ba03548,True,25
amcu:5441,amcu,363-р,2024-10-03,58577,a79bc08e6df0afec02cb4a55a56bfdd5,True,46
amcu:5442,amcu,364-р,2024-10-03,16618,bcd6b9a54e9cd04ef2924d6e4215a4f6,True,16
amcu:5443,amcu,365-р,2024-10-10,3115,207e1fa6d093a0bb62cc0473454d21ab,True,3
amcu:5444,amcu,366-р,2024-10-10,3003,4ecb40edb2d0eb58c56c4a7db4cc790e,True,3
amcu:5445,amcu,367-р,2024-10-10,3025,cc1ea0214eecc3f78cc612408a0cb3b4,True,3
amcu:5446,amcu,368-р,2024-10-10,3904,afaf568ebccd5e06396e48fadb5c55fa,True,4
amcu:5447,amcu,369-р,2024-10-10,33841,bb451fc270c4fc1a8b543b0f3aa404cb,True,34
amcu:5448,amcu,370-р,2024-10-10,20257,1d128e02b359ea40e2a6ca1b77741a68,True,20
amcu:5449,amcu,371-р,2024-10-10,19093,df8a9d1010d1ce4830928b92aab3704b,True,19
amcu:545,amcu,,2018-01-20,2893,83dd38c7fc9aac2b9bb0271f8fc28dca,False,0
amcu:5450,amcu,372-р,2024-10-10,93137,58f5e9c577ca2a99f787ef8b8b8369b0,True,93
amcu:5451,amcu,373-р,2024-10-10,60329,bbd37d6670796e616be6a00b23ca80d3,True,53
amcu:5452,amcu,374-р,2024-10-17,2649,44252edd7914c0ac8869cc6ced9c92fa,True,3
amcu:5453,amcu,375-р,2024-10-17,3216,23c005a5ea08bafc85a18f0ee814b26c,True,3
amcu:5454,amcu,376-р,2024-10-17,2595,0fff2885df414b8b83b4a0c98077e78f,True,3
amcu:5455,amcu,377-р,2024-10-17,2958,bf53a94e4ab0d70312856fba28c2cd50,True,3
amcu:5456,amcu,378-р,2024-10-17,4036,d3c6c8065d78b00b833638c3cd691906,True,4
amcu:5457,amcu,379-р,2024-10-17,3965,671f76d348f1e5a45385817f61c9565f,True,4
amcu:5458,amcu,380-р,2024-10-17,3995,f667377e20e0d843ccf4b2cb01ba21d7,True,4
amcu:5459,amcu,381-р,2024-10-17,3952,91fd7b50a29a58eabbfbefe4823ed6a7,True,4
amcu:546,amcu,742-р,2018-01-20,2101,8916db8f8c3127209b6110f6276ee992,False,0
amcu:5460,amcu,382-р,2024-10-17,3934,6b7792bf311b091ffb2677dcf5f019b2,True,4
amcu:5461,amcu,383-р,2024-10-17,4323,c0d470945fb47f153475e3f6f39fca13,True,4
amcu:5462,amcu,384-р,2024-10-17,3621,c3ec353ec3e19e54ff3515f2c240c106,True,4
amcu:5463,amcu,385-р,2024-10-17,3055,208c3dacc06c9772b8714725d64d2e14,True,3
amcu:5464,amcu,386-р,2024-10-17,28908,3e62b547cc3c07cdc791e9ff5834b509,True,28
amcu:5465,amcu,387-р,2024-10-17,20473,bff0e3a36a898364742b11ae5535e8f5,True,20
amcu:5466,amcu,388-р,2024-10-17,16902,16be6a76018da6ec9ce75d045f9acdc8,True,16
amcu:5467,amcu,389-р,2024-10-17,20687,7e910bddf60764443d1d5ce8f6088630,True,21
amcu:5468,amcu,390-р,2024-10-17,27316,514d97a686f2c1e070295f7b41b26d16,True,27
amcu:5469,amcu,391-р,2024-10-17,44446,78d1ea8230177ce5ef25e74fd90eb2c9,True,44
amcu:547,amcu,743-р,2018-01-20,1947,46f689a501ba7505b159574953d1b480,False,0
amcu:5470,amcu,392-р,2024-10-24,4042,036f02dfed3b80ed909d4ca145b83ebf,True,4
amcu:5471,amcu,393-р,2024-10-24,22024,011ff6d0e7638bc795ab1cf0c18944d3,True,22
amcu:5472,amcu,394-р,2024-10-24,21866,ddb4ac573400f297ea1ecdbdb1b7aacf,True,22
amcu:5473,amcu,395-р,2024-10-24,18512,667fc11ed26fbfc10b4cd363d391b3dd,True,18
amcu:5474,amcu,396-р,2024-10-24,48656,c060a234414a8945379df25cab88003a,True,49
amcu:5475,amcu,397-р,2024-10-24,12922,f2114fc3ed0c07666551fd668207f924,True,13
amcu:5476,amcu,398-р,2024-10-31,2705,9cd81bb43071d0fc24aa8eed00b82219,True,3
amcu:5477,amcu,399-р,2024-10-31,3117,07a4f2355963c7c58f8c928c83e810fb,True,3
amcu:5478,amcu,400-р,2024-10-31,3993,80599b2f3311c1bac61df48a1d5bf495,True,4
amcu:5479,amcu,401-р,2024-10-31,4006,5820e6f6440eb6069b01b0a78d6021ff,True,4
amcu:548,amcu,744-р,2018-01-20,2152,897251369d3985bad68ab0f0c51388b9,False,0
amcu:5480,amcu,402-р,2024-10-31,4043,72971d11e5b02487fbcd785abe718cc3,True,4
amcu:5481,amcu,403-р,2024-10-31,2826,980716560e8a8d5a87631d3c2b7a6f4d,True,3
amcu:5482,amcu,404-р,2024-10-31,2768,f1ddbd77b6d3b782142f60eccd054157,True,3
amcu:5483,amcu,405-р,2024-10-31,2738,d0c65a1220409a0c464f17ba6f4f4210,True,3
amcu:5484,amcu,406-р,2024-10-31,20208,54e2e9f9b8dfde5a44a3f6d7321d1c48,True,19
amcu:5485,amcu,407-р,2024-10-31,24198,edae473fcfa75bbb33cb89d3e516c978,True,23
amcu:5486,amcu,408-р,2024-10-31,104129,cd028ad01df63e0e14e31f08fb9b7a04,True,104
amcu:5487,amcu,409-р,2024-10-31,48202,35e3a6f4c879e1e043ad287944b78024,True,48
amcu:5488,amcu,410-р,2024-10-31,10148,aafafbceae6d2aafc7672d77f97a4ada,True,10
amcu:5489,amcu,411-р,2024-10-31,9810,9f5bdf0392ff4220124b1ab5144996a8,True,10
amcu:549,amcu,745-р,2018-01-20,2221,d644e15c2148b23b8dd526c0c27e3e55,False,0
amcu:5490,amcu,1-рк,2024-01-25,31824,63193a4d3207e2890d5e3820d7f96888,True,31
amcu:5491,amcu,6-рк,2022-12-08,38193,71b8805efef4fc68c985cbb10c81db53,True,38
amcu:5492,amcu,7-рк,2022-12-08,22969,e6461fe856e6c8d1f4e16407704b8e99,True,23
amcu:5493,amcu,626-р,2019-09-19,2503,20d2a4a7f7fb3564fd01ae0a861453fa,True,2
amcu:5494,amcu,627-р,2019-09-19,2302,1d6eb1c67e17653cca947f71c716f3a9,True,2
amcu:5495,amcu,628-р,2019-09-19,2421,5a66adf6d622b1dbb6ff2de86c095a09,True,2
amcu:5496,amcu,629-р,2019-09-19,2330,ec6976b00ca668da7ac34704106f29fb,True,2
amcu:5497,amcu,630-р,2019-09-19,2686,bf4b7ec6cb5a080497bc346133f97b37,True,3
amcu:5498,amcu,631-р,2019-09-19,4522,452fa44df59eb76f432e8490690efa8b,True,4
amcu:5499,amcu,632-р,2019-09-19,33516,56b7f113d9ff1780b69d743d96b1372d,True,33
amcu:55,amcu,1006-р,2025-12-18,3281,bcb0546bea16d849f5de30611fec6c38,True,3
amcu:550,amcu,746-р,2018-01-20,2030,f722b31156aa56632eba67a2e14db6b4,False,0
amcu:5500,amcu,633-р,2019-09-19,16642,caef6a38d8d8d330c32ff31310ae4290,True,16
amcu:5501,amcu,634-р,2019-09-19,30435,1bcf5200cd9aa83e62e343d95c420fde,True,30
amcu:5502,amcu,635-р,2019-09-19,31909,bdcefcba343d09e33883752f574caf69,True,32
amcu:5503,amcu,636-р,2019-09-19,62770,ae840db320e7e34270ed245f9deb736f,True,62
amcu:5504,amcu,637-р,2019-09-19,36899,c7adcd21836d8f2c76cd489ef0453d58,True,36
amcu:5505,amcu,111-р,2023-05-04,39821,6cbc4118abd651e53476b908fbba05aa,False,0
amcu:5506,amcu,1-рк,2026-02-26,19895,1d71c40553cd2bb3e3609eb5223ad06e,True,20
amcu:5507,amcu,329-р,2019-05-14,157141,0caf9d652544e9c1bf0bea409d875490,True,152
amcu:5508,amcu,330-р,2019-05-14,45784,2d0a2447e92d4df249238c529589032d,True,46
amcu:5509,amcu,21-рк,2021-09-16,33369,3ab6e7b736abb6e3a884b42604969980,True,34
amcu:551,amcu,747-р,2018-01-20,2033,15c494a1b7956d21e06dc8950de2fbe4,False,0
amcu:5510,amcu,564-р,2020-09-03,3314,3b4faf14a12a873ee9e74b769ff5bf9c,True,3
amcu:5511,amcu,565-р,2020-09-03,2250,fa4491976f9a5febfeb763272937f01b,True,2
amcu:5512,amcu,566-р,2020-09-03,4194,1514cc16d7951393ea6faff2550912a0,True,4
amcu:5513,amcu,567-р,2020-09-03,3488,f31798760f57c028324d5e663ca74ee9,True,4
amcu:5514,amcu,568-р,2020-09-03,3809,6e8e3709d9d6d489f2d6b674046d0eb5,True,4
amcu:5515,amcu,569-р,2020-09-03,3368,952cde486e02e86bfdd08ff996748e96,True,3
amcu:5516,amcu,570-р,2020-09-03,33401,e8e2c02f5dc5e37c50814de3aecc3910,True,33
amcu:5517,amcu,571-р,2020-09-03,34245,6bcdbd4c9f03ec049f79f13e3db5c51a,True,34
amcu:5518,amcu,572-р,2020-09-03,52980,088ce9b35674e5bac015b1325d719c6a,True,52
amcu:5519,amcu,573-р,2020-09-03,73424,f270f155286135d2cf8771dddf3002ac,True,73
amcu:552,amcu,749-р,2018-01-20,68721,290de3b264f220dafef798d0d13ed168,False,0
amcu:5520,amcu,574-р,2020-09-03,93661,674e150a1acdb4db15fa6f25682caca7,True,93
amcu:5521,amcu,575-р,2020-09-10,2464,801c967e4c0780116610e1010103377a,True,3
amcu:5522,amcu,576-р,2020-09-10,2412,b98b4e7ee7672702145b1fee51292eac,True,2
amcu:5523,amcu,577-р,2020-09-10,2413,97e7bbd4e1a505712cfa1cbd36c5c45e,True,2
amcu:5524,amcu,578-р,2020-09-10,2785,b83149c26c7074aa44082e3f2b060677,True,3
amcu:5525,amcu,579-р,2020-09-10,2996,c523d51020cefb52941719524fb86844,True,3
amcu:5526,amcu,580-р,2020-09-10,3072,fc9be6d22f9b51dedfae6e5015cfa267,True,3
amcu:5527,amcu,581-р,2020-09-10,3830,53156e7cb146b321ecb2bd3f3905171b,True,4
amcu:5528,amcu,582-р,2020-09-10,28432,5bb5bc961264a46c9d6be527b06c9cc0,True,29
amcu:5529,amcu,583-р,2020-09-10,19724,0ce525018e1f7ad1e48f4192234e0c6e,True,20
amcu:553,amcu,750-р,2018-01-20,10888,b0369e1ee79dcadd9bf58aecc5a0b496,False,0
amcu:5530,amcu,584-р,2020-09-10,45196,ba719e5ec5d9a4e8093602173a0012fa,True,45
amcu:5531,amcu,585-р,2020-09-17,2122,c36591fdb1db6dfbec72fdf3bb330edd,True,2
amcu:5532,amcu,586-р,2020-09-17,2830,1c4d55cdf95ac75b15a9c8d8786e0043,True,3
amcu:5533,amcu,587-р,2020-09-17,11621,9dc9084d505dd78e835af186547b3557,True,10
amcu:5534,amcu,588-р,2020-09-17,19059,14360ea1b10f6673b5b5c2241abc991e,True,19
amcu:5535,amcu,589-р,2020-09-17,21065,826f5468572885b0f9576f5be47d8a43,True,21
amcu:5536,amcu,590-р,2020-09-17,38855,438289168ec2d5375414a088c202f021,True,39
amcu:5537,amcu,591-р,2020-09-17,37531,9dff6dd66a9a009c90bbf8a2ee1ac339,True,37
amcu:5538,amcu,592-р,2020-09-17,31221,26d38252eb31156a83e341de5a67a738,True,31
amcu:5539,amcu,593-р,2020-09-24,3620,e158c593194d914309057add74397541,True,3
amcu:554,amcu,751-р,2018-01-20,16821,b206732b1d0c1260a3587a59774e8a36,False,0
amcu:5540,amcu,594-р,2020-09-24,3961,3c0eaacc01485619ef5ed7f014a32031,True,4
amcu:5541,amcu,595-р,2020-09-24,4109,bb096493ecea281dd03270925c4c8c41,True,4
amcu:5542,amcu,596-р,2020-09-24,4093,38c3b6b91d3cc41bfeaa2fc01a2f9145,True,4
amcu:5543,amcu,597-р,2020-09-24,4096,ec05efade7b0c6ef8d647494c085bf19,True,4
amcu:5544,amcu,598-р,2020-09-24,4098,588fb7e73775f4cd3a528a53d7c0e7a2,True,4
amcu:5545,amcu,599-р,2020-09-24,4175,f3efe51d75f08007e0cb801917931101,True,4
amcu:5546,amcu,600-р,2020-09-24,5578,caf20a297e5e1abb3cb5995b09e8fc7f,True,6
amcu:5547,amcu,601-р,2020-09-24,5996,f2e88e91a1df7baea0eb845cbaf5f452,True,6
amcu:5548,amcu,602-р,2020-09-24,3446,8d637c4f2b1d838b401473ae6613a2ae,True,3
amcu:5549,amcu,603-р,2020-09-24,13271,f4b5be29d2875c82b37b5bfad57516af,True,13
amcu:555,amcu,754-р,2018-01-20,2298,ee1809106f950defa90b66c153e34738,False,0
amcu:5550,amcu,604-р,2020-09-24,11995,e98a19895fdd5f9206b9f38ce7144651,True,12
amcu:5551,amcu,605-р,2020-09-24,35892,16957c046f476b7bd7a839a440991ec0,True,36
amcu:5552,amcu,606-р,2020-09-24,40088,81b6b8b465d135b1e643e4c13231e4a2,True,40
amcu:5553,amcu,607-р,2020-09-24,69009,6e8d95c9765f904420333ee908ffdc27,True,69
amcu:5554,amcu,1,,2397,b124e00f84c6ebac3464fed5bf530afa,True,2
amcu:5555,amcu,5-рк,2022-11-22,29787,4b69366a24413bf92c635ab6f4f27f79,True,30
amcu:5557,amcu,743-р,2019-11-21,19985,c17d8f96b266cd5834672ddd06c6d4bb,True,20
amcu:5558,amcu,744-р,2019-11-21,30252,7a8891cfdc2919d717fbc8afc306513e,True,30
amcu:5559,amcu,745-р,2019-11-21,19476,0a2c18a7e98185e8b7c0e21bac767673,True,20
amcu:556,amcu,756-р,2018-01-20,2229,9ba98970e860a7f4c5ee2d5f7c933c4e,False,0
amcu:5560,amcu,746-р,2019-11-21,23932,2cc6d81e698db99a3b8956b0adc8efc7,True,24
amcu:5561,amcu,747-р,2019-11-21,38518,0557dc477cf9152851ecff4213f48e80,True,39
amcu:5562,amcu,748-р,2019-11-21,2035,b1136ac109a59c1f542e673e64f54fa5,True,2
amcu:5563,amcu,749-р,2019-11-21,2051,7cc68ac3461063a7d287e6677b38b344,True,2
amcu:5564,amcu,750-р,2019-11-21,2074,5b00b3e1daea1e617e199f7be2df482b,True,2
amcu:5565,amcu,751-р,2019-11-21,2111,bdca74b37a46caf355cdff7e73afb99b,True,2
amcu:5566,amcu,752-р,2019-11-21,2107,fd8466069484485eb11033ad88cdfbab,True,2
amcu:5567,amcu,753-р,2019-11-21,1914,eabab5f4e327906a92a4f0bd33cafc60,True,2
amcu:5568,amcu,754-р,2019-11-21,4451,52723f82872e6577eb1f665ba1e85b29,True,4
amcu:5569,amcu,755-р,2019-11-21,4416,f3eb0d9c84784257fd6c1df6227f4b76,True,4
amcu:557,amcu,757-р,2018-01-20,2208,9e89f5fa18f0cc3836f42daa584baf48,False,0
amcu:5570,amcu,756-р,2019-11-21,4423,9b6c1114ec2336c3e64a82de8a2baba1,True,4
amcu:5571,amcu,757-р,2019-11-21,5068,2748c8abc8e557da586bf64428c7e8db,True,5
amcu:5572,amcu,758-р,2019-11-21,5044,883f602f9fb04d250dffa956a8845c25,True,5
amcu:5573,amcu,759-р,2019-11-21,5019,08818c07e03f0041289a887c2309065c,True,5
amcu:5574,amcu,760-р,2019-11-21,5000,afd7d9842a2bc41ee31abcc91133dfe1,True,5
amcu:5575,amcu,761-р,2019-11-21,2860,b2d90a8ce89f746a44416211c4db2192,True,3
amcu:5576,amcu,762-р,2019-11-21,4515,c64fe6c9e80958e715ffd2c77e10f451,True,4
amcu:5577,amcu,763-р,2019-11-21,5272,4b41c1b2eb659433bf31227a8a5025d5,True,5
amcu:5578,amcu,764-р,2019-11-21,25150,3b51a4e10dc60c37a6545ffa5f6bf1c3,True,25
amcu:5579,amcu,765-р,2019-11-21,35435,3cfce2137e804f015bb289de3128bf7c,True,35
amcu:558,amcu,764-р,2018-01-20,13687,e80b53fad80019d86ede5e25f63dbe1e,False,0
amcu:5580,amcu,766-р,2019-11-21,24915,83f0d36ce6d5a0a7db9a24ffa18e7054,True,25
amcu:5581,amcu,767-р,2019-11-21,135683,0b9cd6952b3e5d42ce1bd14126358bcb,True,126
amcu:5582,amcu,768-р,2019-11-21,40284,a9ff0638d0af238fb2b2459d2e623cb2,True,40
amcu:5583,amcu,79-р,2019-02-06,17756,b6c53314437ccc88eb9756e930d7374f,False,0
amcu:5584,amcu,80-р,2019-02-06,17972,492cf0debcdb997445e8c5531b92f2e2,False,0
amcu:5585,amcu,81-р,2019-02-06,16457,7ac2e78a980dc1c6ab27e1925e80663e,False,0
amcu:5586,amcu,85-р,2019-02-06,23190,f951d96828f540b20512d0786e5ca771,False,0
amcu:5587,amcu,86-р,2019-02-06,39682,f67d0531a791f3f53f9158cd8f179b57,False,0
amcu:5588,amcu,74-р,2019-02-06,27789,938016c1a7b48d090bf9241db57af3ea,False,0
amcu:5589,amcu,75-р,2019-02-06,28750,4113f4ef9ff81a83e7d49c6310b02427,False,0
amcu:559,amcu,759-р,2018-01-20,24661,03e318921674fa905bc6dda88ffeec1e,False,0
amcu:5590,amcu,76-р,2019-02-06,34848,af1b503bd65a96fbbc6b799b6cfedf34,False,0
amcu:5591,amcu,78-р,2019-02-06,18152,105039e03619b4c78a11c081315e2b86,False,0
amcu:5592,amcu,82-р,2019-02-06,20455,f62c27f5f21c27bbe07dfae07905e46b,False,0
amcu:5593,amcu,83-р,2019-02-06,18765,3d747736bb45bd4314520acbb58da6aa,False,0
amcu:5594,amcu,84-р,2019-02-06,17738,72dbdd089c3d7edaaa0aeb1be5d6fd72,False,0
amcu:5595,amcu,77-р,2019-02-06,30259,87947c7fe41f58e8313b7cc988cea697,False,0
amcu:5596,amcu,60-rk,2019-11-12,15737,5dc3cb4f6f3a9b125c60c92d5438c553,True,16
amcu:5597,amcu,41,,31295,579694f89a5fe2370896a6925e1b6c3e,True,31
amcu:5599,amcu,187-р,2023-07-06,2465,83c5e63a174fc295c6a4a5119187807c,True,2
amcu:56,amcu,1007-р,2025-12-18,3269,c4ff5c01b1f902c4754185a6e5e71d4a,True,3
amcu:560,amcu,753-р,2018-01-20,2186,ec14247fa0ed69605a5f3882dcdacbdf,False,0
amcu:5600,amcu,188-р,2023-07-06,2356,8d2a7a9a223727c4658dc945eb2d442b,True,2
amcu:5601,amcu,189-р,2023-07-06,50132,1f264143d9c6c6cd79258a3586294de6,True,47
amcu:5602,amcu,190-р,2023-07-13,3619,5e120dc5f9f285d5585074790eab7cc8,True,4
amcu:5603,amcu,191-р,2023-07-13,2836,e8697f0bd43efd5878527c7b2852ae44,True,3
amcu:5604,amcu,192-р,2023-07-13,3961,e555e3dc64e46640062afffea572535e,True,4
amcu:5605,amcu,193-р,2023-07-20,4713,592fc24fdac460c1f0fd07d2b4fe0ca9,True,5
amcu:5606,amcu,194-р,2023-07-20,3835,5fe73f58b1fabeab10e2203040aed56d,True,4
amcu:5607,amcu,195-р,2023-07-20,6352,d407eaecf8afff7af155d900ce72a553,True,6
amcu:5608,amcu,196-р,2023-07-27,3303,cb0b81971fb0ceefd8495433aa79d32a,True,3
amcu:5609,amcu,197-р,2023-07-27,2007,a9ccad2c24de78ab902726c1a3eed6d9,True,2
amcu:561,amcu,748-р,2018-01-20,67783,681e5bb470659a072bfd95a865db7893,False,0
amcu:5610,amcu,198-р,2023-07-27,2411,6345f99a520fda30529df59996d8ce54,True,2
amcu:5611,amcu,199-р,2023-07-27,2383,d636939d146b6685c294e0171aa468a8,True,2
amcu:5612,amcu,200-р,2023-07-27,15935,6274fc993adec6d9450ab486cc2e01a6,True,16
amcu:5613,amcu,201-р,2023-07-27,16015,259874214972fd9e159d951797a745de,True,16
amcu:5614,amcu,202-р,2023-07-27,15635,212ae538280e6f8d45e55d4a52f3de23,True,15
amcu:5615,amcu,203-р,2023-07-27,15847,d899c1bf516636c450190b0d14e53aef,True,16
amcu:5616,amcu,204-р,2023-07-27,15927,467e7bc4b51fc61eddc3a2665d55acf1,True,16
amcu:5617,amcu,205-р,2023-07-27,15227,5379698dd42b8fe85da522337f366791,True,15
amcu:5618,amcu,206-р,2023-07-27,16202,592c4778ef38851d9cc3e272b8a08af8,True,16
amcu:5619,amcu,207-р,2023-07-27,13376,d9add0ade2fd9181212b5238dcc9e23f,True,13
amcu:562,amcu,760-р,2018-01-20,20072,63c4125f2229b46a8c2f745777876fb0,False,0
amcu:5620,amcu,208-р,2023-07-27,7666,08c6675b50d75382e4c751945a82bc69,True,8
amcu:5621,amcu,463-р,2025-09-04,1669,186bc7801bab7c0bcdeec47884007cf8,True,2
amcu:5622,amcu,464-р,2025-09-04,2515,20833541d5862e69aecbd5a98bf554ce,True,3
amcu:5623,amcu,465-р,2025-09-04,1875,739236a7426211e6e1c3b034d6140b24,True,2
amcu:5624,amcu,466-р,2025-09-04,4234,a687e2cfd401e7406490ca8b13e48364,True,4
amcu:5625,amcu,467-р,2025-09-04,2982,ce617b111bb973dc820ded3f63450618,True,3
amcu:5626,amcu,468-р,2025-09-04,3074,8ec478d134a5a679e92aec1533496bcb,True,3
amcu:5627,amcu,469-р,2025-09-04,27715,ecbff95aa041dcdf46fd9a81c9814ec6,True,27
amcu:5628,amcu,470-р,2025-09-04,27667,77e529e4741175c9b394db1231bddb6f,True,27
amcu:5629,amcu,471-р,2025-09-04,27428,c7ac0278617447a333f297d80ac9a9cd,True,27
amcu:563,amcu,762-р,2018-01-20,26841,8cfaa264479de04c0837856c09cc95fd,False,0
amcu:5630,amcu,472-р,2025-09-04,41962,2f0177f2375356cd5e61f0f0b4d47d1e,True,41
amcu:5631,amcu,473-р,2025-09-04,127226,1a1cb10ac9940ab1aca6058818ce8857,True,127
amcu:5632,amcu,474-р,2025-09-04,63779,235875699e080e4e4023e97eb827a0e1,True,61
amcu:5633,amcu,475-р,2025-09-04,10039,158e4f9221f5941d3e86a323213b50f2,True,10
amcu:5634,amcu,476-р,2025-09-04,41261,bb10a71f9a0e970eb51db4b14ca2fe4f,True,41
amcu:5635,amcu,477-р,2025-09-04,52632,893a2236a30bb3a67b1672ae0d14dbbf,True,52
amcu:5636,amcu,478-р,2025-09-04,8371,ca14338f8b488417582b9de8fda518f2,True,8
amcu:5637,amcu,479-р,2025-09-04,3301,93d968d2df2a929ca4e902e9ca1b2c97,True,3
amcu:5638,amcu,480-р,2025-09-04,3298,53d9a0db7df568ea098b11fcb8487cbf,True,3
amcu:5639,amcu,481-р,2025-09-04,3302,624be32801bee580754bd415f729e703,True,3
amcu:564,amcu,763-р,2018-01-20,15287,6b6e01fd1a23c3a7160c051bac5e42f5,False,0
amcu:5640,amcu,482-р,2025-09-04,3305,d812d44fc9b15f8979ba8e02d7734d37,True,3
amcu:5641,amcu,483-р,2025-09-04,3306,6ea9391fba95c29b8191a6c44d14b3e5,True,3
amcu:5642,amcu,484-р,2025-09-04,3331,3eda2f00182efd758a47b4f1582ab61f,True,3
amcu:5643,amcu,485-р,2025-09-04,3301,8ccf2b09c79bd1c8e563bcc5e95e3a7e,True,3
amcu:5644,amcu,486-р,2025-09-04,3300,4a985f787e05fe365d00ea80e3651b7c,True,3
amcu:5645,amcu,487-р,2025-09-04,3307,9f03d36d521590cde2b1dc5ed88487ef,True,3
amcu:5646,amcu,488-р,2025-09-04,3327,835a7677e85f4cd3fa611f54945bb098,True,3
amcu:5647,amcu,489-р,2025-09-04,3326,3f836ec8cf70cad76cafb872fa68cc95,True,3
amcu:5648,amcu,490-р,2025-09-04,3329,0ff1f7c61dde9ee37c3cc0b556f02900,True,3
amcu:5649,amcu,491-р,2025-09-04,3270,b4d6b1f19469b7784db2061c82c52fad,True,3
amcu:565,amcu,765-р,2018-01-20,20914,852beacc17cdd82bb064a64665f975ae,False,0
amcu:5650,amcu,492-р,2025-09-04,3277,27a805dfa6d1f7b78cc7b416be09d2a8,True,3
amcu:5651,amcu,493-р,2025-09-04,3302,a04f241f64c5022def844c3a7c4b3655,True,3
amcu:5652,amcu,494-р,2025-09-04,3299,3df0d514e01e20860f61f49708047b48,True,3
amcu:5653,amcu,495-р,2025-09-04,3315,bb065a7de8642f3ddb4c72c5e2a14dec,True,3
amcu:5654,amcu,496-р,2025-09-04,3310,990038ec7093bf1afb94ca0fadf6c2dd,True,3
amcu:5655,amcu,497-р,2025-09-04,3309,c4c7f4407397844e527657448c4e6eeb,True,3
amcu:5656,amcu,498-р,2025-09-04,3308,4f31ee83dd4e483ff96e8c1775363531,True,3
amcu:5657,amcu,499-р,2025-09-04,3304,2c0485454de91060e783a92d6ca6612b,True,3
amcu:5658,amcu,500-р,2025-09-04,3292,8eb1a02767676220e725695c042d9d36,True,3
amcu:5659,amcu,501-р,2025-09-04,3283,a5adb31763dabb2e10f9fdbb23d30b83,True,3
amcu:566,amcu,766-р,2018-01-20,25408,f8ee0020a126c3a18f3cac4fb8b12f03,False,0
amcu:5660,amcu,502-р,2025-09-04,3276,84d413a689b45952763f525aa9f0df95,True,3
amcu:5661,amcu,503-р,2025-09-04,3278,81beac33e0218bfdfbe9d74595451e22,True,3
amcu:5662,amcu,504-р,2025-09-04,3276,20293bfe119804068f1830098fe677ce,True,3
amcu:5663,amcu,505-р,2025-09-04,3275,108752d635cd5e2819a36f5e8ea3f1ae,True,3
amcu:5664,amcu,506-р,2025-09-04,3278,e732216dd1e5b1d51261ac962f11d4ef,True,3
amcu:5665,amcu,507-р,2025-09-04,3282,0e163250315844d57082131376679022,True,3
amcu:5666,amcu,508-р,2025-09-04,3274,0fa5c32d3c4981368f55acf623f56e5e,True,3
amcu:5667,amcu,509-р,2025-09-04,3286,6d5500b54668b42f4800486b5959c7c0,True,3
amcu:5668,amcu,510-р,2025-09-04,3283,0a7f8def1dfb8e29bccc2d0567fdc97d,True,3
amcu:5669,amcu,511-р,2025-09-04,3285,bdfac1ed84e13ea36f17558beccfdfc3,True,3
amcu:567,amcu,767-р,2018-01-20,20162,69e08758b7e796167da946779653d444,False,0
amcu:5670,amcu,512-р,2025-09-04,3288,d0b02c1e038cf30c7a9f56ee3f5a2d96,True,3
amcu:5671,amcu,513-р,2025-09-04,3285,f3883aa5e715f5813f9c956a86f933a1,True,3
amcu:5672,amcu,514-р,2025-09-04,3283,361f399e32bca04a3139bc4d78e5b6ea,True,3
amcu:5673,amcu,515-р,2025-09-04,3290,d8c7abdc25fceb8068b26fe355c2dead,True,3
amcu:5674,amcu,516-р,2025-09-04,3283,43421b968499db20e2e6a90b9bcecefe,True,3
amcu:5675,amcu,517-р,2025-09-04,3284,3e557368f749c8df1b4992c4c24a0357,True,3
amcu:5676,amcu,518-р,2025-09-04,3288,b2b4e023335f52c83c8fcd8b4ddb3372,True,3
amcu:5677,amcu,519-р,2025-09-04,3285,80a7d993270227f509cedc884d8c852a,True,3
amcu:5678,amcu,520-р,2025-09-04,3283,817d270a5482d0f86be55122d1e0b8e8,True,3
amcu:5679,amcu,521-р,2025-09-04,3287,49b47f5e7a1398b7f53e02c57c7bee86,True,3
amcu:568,amcu,768-р,2018-01-20,4007,286650a2ec7c15cbd587f468e1248dca,False,0
amcu:5680,amcu,522-р,2025-09-04,3286,1e2e96a4facb4a377ff07c4074643625,True,3
amcu:5681,amcu,523-р,2025-09-04,3288,5477c4d5e75735708b022d350e9bf84d,True,3
amcu:5682,amcu,524-р,2025-09-04,3295,2595bb736fff8065e65e7a9a5d5da9c3,True,3
amcu:5683,amcu,525-р,2025-09-04,3293,6c5f58f9bb717296b291578f22b79f56,True,3
amcu:5684,amcu,526-р,2025-09-04,3288,dfdd431a4bad6b03c1d38c2d0ecdb02c,True,3
amcu:5685,amcu,527-р,2025-09-04,3287,735f0fa0a59ed70713fb308a205345ab,True,3
amcu:5686,amcu,528-р,2025-09-04,3297,5445a99b071cf5e698f869c5afc17bb6,True,3
amcu:5687,amcu,529-р,2025-09-04,3310,9baba825af229cd42aaf44ef8196cffd,True,3
amcu:5688,amcu,530-р,2025-09-04,3336,eb7f464af70c52249b54b54e74b20443,True,3
amcu:5689,amcu,531-р,2025-09-04,3309,efcc904f8847a767d7620029390a12a7,True,3
amcu:569,amcu,768-р,2018-12-20,4007,286650a2ec7c15cbd587f468e1248dca,False,0
amcu:5690,amcu,532-р,2025-09-04,3334,c858cecbf40e29253419613a12ca0a77,True,3
amcu:5691,amcu,533-р,2025-09-04,3307,9cd45546e28b2a0d8fde7c77500e7bf3,True,3
amcu:5692,amcu,534-р,2025-09-04,3339,27577a699a6aaad08387f746643babd5,True,3
amcu:5693,amcu,535-р,2025-09-04,3311,d2334630802e1a61f7b1fdca8ad947cb,True,3
amcu:5694,amcu,536-р,2025-09-04,3284,f7b5173861640b8b7f1ff442a5303026,True,3
amcu:5695,amcu,537-р,2025-09-04,3288,4cdf63183f14f9bdc1acbf5d4933172c,True,3
amcu:5696,amcu,538-р,2025-09-04,3283,46182c814bfca8f043be599d0913b79b,True,3
amcu:5697,amcu,539-р,2025-09-04,3283,813d6ff14dcb8c8b275bbc4e417d04d5,True,3
amcu:5698,amcu,540-р,2025-09-04,3283,b7eca731d9beb9c631826e93af70a1b3,True,3
amcu:5699,amcu,541-р,2025-09-04,3290,ee8d656e8a5644bab9896edf167ddb8f,True,3
amcu:57,amcu,1008-р,2025-12-18,3269,68644b99dc14216ef00f34679e7c1ad4,True,3
amcu:570,amcu,670-р,2018-11-27,2626,430ac7a78f7f7844b6c5a2b8cd11cc41,False,0
amcu:5700,amcu,542-р,2025-09-04,3287,546a1be14ffc08e754cbaac0f2ea7888,True,3
amcu:5701,amcu,543-р,2025-09-04,3301,3a006f3dec56adfa3f11e73a4a715fdf,True,3
amcu:5702,amcu,544-р,2025-09-04,3291,7265bc9bd31a968bd3b6249f00523f84,True,3
amcu:5703,amcu,545-р,2025-09-04,3282,17268e72d84de6c4f5210ab91d353651,True,3
amcu:5704,amcu,546-р,2025-09-04,3287,537b65a892bcee65d679b82d432cca09,True,3
amcu:5705,amcu,547-р,2025-09-04,3283,0803081829db2b85aff7a10439f4e5d6,True,3
amcu:5706,amcu,548-р,2025-09-04,3287,fff102989414f31e54530ef0430be304,True,3
amcu:5707,amcu,549-р,2025-09-04,3284,3a8c78eedccbba32a71c624b21d03b81,True,3
amcu:5708,amcu,550-р,2025-09-04,3290,1c1e9873065ae072b5f09b6719e0901c,True,3
amcu:5709,amcu,551-р,2025-09-04,3283,daf570b07c1779ae59f18298886cae78,True,3
amcu:571,amcu,672-р,2018-11-27,2887,fa82887294ad40474e09dc3963190011,False,0
amcu:5710,amcu,552-р,2025-09-04,3277,7058c7877cc6bbc52730a069a82d2767,True,3
amcu:5711,amcu,553-р,2025-09-04,3276,024a86430adce95dce334727bb32b6ee,True,3
amcu:5712,amcu,554-р,2025-09-11,4218,88b8479cd1aa925db15b95cbfafb1686,True,4
amcu:5713,amcu,555-р,2025-09-11,6495,aff437789e4f53866f44f7c30cdf3f9e,True,6
amcu:5714,amcu,556-р,2025-09-11,16910,09b4506592e1cf456922a4caf77c4a39,True,17
amcu:5715,amcu,557-р,2025-09-11,16133,a10fb669873a868fbfc7ea48a9130edd,True,16
amcu:5716,amcu,558-р,2025-09-11,90526,38ebfbc3ffae0506de91521ca1b6fb3d,True,73
amcu:5717,amcu,559-р,2025-09-18,2245,c6390d4c0150bd447efad399b56c8c0f,True,2
amcu:5718,amcu,560-р,2025-09-18,2952,78d1bd9f9ec8d6d0b24aac111f5296b6,True,3
amcu:5719,amcu,561-р,2025-09-18,4035,7b0fbca3dee191b83566666706db6c28,True,4
amcu:572,amcu,673,2018-11-27,3510,ce869740a78dd7479c6c690b25270122,False,0
amcu:5720,amcu,562-р,2025-09-18,4029,6df6bcf472b9b370b3d04c5aca10bc86,True,4
amcu:5721,amcu,563-р,2025-09-18,3777,af58d69cd4559571c95eb57c11826fd8,True,4
amcu:5722,amcu,564-р,2025-09-18,4414,4bd88c3d0698e310960b4744e023e1ee,True,4
amcu:5723,amcu,565-р,2025-09-18,3311,2e6e0eb1f678f640cd6b965089f8ec3f,True,3
amcu:5724,amcu,566-р,2025-09-18,3071,86105ac6cfee88258e56b9e18b4e2812,True,3
amcu:5725,amcu,567-р,2025-09-18,39159,736d955cb32ee81d46d2c334a9f19a9a,True,37
amcu:5726,amcu,568-р,2025-09-18,16557,5c0547cd47e2b078f6c35e397c08b9e3,True,17
amcu:5727,amcu,569-р,2025-09-18,17377,3e42e4aff27b0dee3936f7765f2decf8,True,17
amcu:5728,amcu,570-р,2025-09-18,6713,f59d4ef3ccf4b493c1d6c96a44458218,True,7
amcu:5729,amcu,571-р,2025-09-25,3292,9fcaaea5cb62ef7e22b3e6107d514948,True,3
amcu:573,amcu,,2018-11-27,4600,073c52349622259cd9d923d800934d96,False,0
amcu:5730,amcu,572-р,2025-09-25,3292,5ec69be4dbbacb8ba95f3e3c43b2cdc7,True,3
amcu:5731,amcu,573-р,2025-09-25,3292,116bee0262f785ba98f6a17f813a4fa7,True,3
amcu:5732,amcu,574-р,2025-09-25,3292,411c1ad6526fddad1163d9b5a489d3c4,True,3
amcu:5733,amcu,575-р,2025-09-25,3292,c0595281e3439ca93523d68af1db0e22,True,3
amcu:5734,amcu,576-р,2025-09-25,3292,99e56e36d80badc3265d057d8cdefa74,True,3
amcu:5735,amcu,577-р,2025-09-25,3292,3a659ac1226ec785bc943972f8f8362d,True,3
amcu:5736,amcu,578-р,2025-09-25,3292,cb110f0905a2bae46bee8d219b49e18e,True,3
amcu:5737,amcu,579-р,2025-09-25,3292,f543b6c459d52765aac179aa3c03a5af,True,3
amcu:5738,amcu,580-р,2025-09-25,3292,5d0690f0bfa5644c14835be69696372a,True,3
amcu:5739,amcu,581-р,2025-09-25,3292,c1b1a3b3e219ae3af13325f8352155cf,True,3
amcu:574,amcu,669-р,2018-11-27,3301,670924cc89f6a5c2c9ee79bd5cee79a1,False,0
amcu:5740,amcu,582-р,2025-09-25,3292,0df8d2477773794d77a6f44bc6b8b333,True,3
amcu:5741,amcu,583-р,2025-09-25,3292,83047b52709bdf75b3ec45b9e3c300da,True,3
amcu:5742,amcu,584-р,2025-09-25,3292,b2575925a757ffd267d065423856e309,True,3
amcu:5743,amcu,585-р,2025-09-25,3292,aabfc9bc353e7b5122a87ee0fba8ad16,True,3
amcu:5744,amcu,586-р,2025-09-25,3292,e34926cdcbeaf75f3194e9cb3e691fb0,True,3
amcu:5745,amcu,587-р,2025-09-25,3292,418f58161b15046b884b1206dd73dc77,True,3
amcu:5746,amcu,588-р,2025-09-25,2965,c4b30fc659d905dbb0d37d9ae957d5dd,True,3
amcu:5747,amcu,589-р,2025-09-25,4459,60b9ec3b91c44bc6c2d3f6ef418f7fa9,True,4
amcu:5748,amcu,590-р,2025-09-25,2796,522d80e29e985ce9382cf0d1df5c2d9c,True,3
amcu:5749,amcu,591-р,2025-09-25,95307,fd7139475be5adaa276644449979facb,True,85
amcu:575,amcu,671-р,2018-11-27,3290,06c2efda3b34c11267983f06b5abaee3,False,0
amcu:5750,amcu,592-р,2025-09-25,96338,44677b437b0030a04107e66ae689507d,True,90
amcu:5751,amcu,593-р,2025-09-25,19985,e007c63bdc543122766cfef88c86bd4e,True,20
amcu:5752,amcu,594-р,2025-09-25,19471,d68dc7e54d7d9a8cd6df5222b6152747,True,19
amcu:5753,amcu,595-р,2025-09-25,23339,dec561e4e77f91ce00c4a75536d23454,True,23
amcu:5754,amcu,189-р,,2238,ba6adf07730a87db3317104b395b6fa5,True,2
amcu:5755,amcu,191-р,,6653,439c66e0f755439b70ad9cdb844f0370,True,7
amcu:5756,amcu,194-р,,2355,c4be519b9f63026934cf4d1ac0253e01,True,3
amcu:5757,amcu,195-р,,2280,cece6d12e38131e35c47b1a5ca9eac3e,True,2
amcu:5758,amcu,196-р,,2279,a46e2b379f2053af760f22f2a65a660b,True,2
amcu:5759,amcu,197-р,,2280,5d107c137fcefd3fc2db15707ed4dfff,True,2
amcu:576,amcu,770-р,2018-12-27,3217,67a461b79fdbd574701679035c029534,False,0
amcu:5760,amcu,198-р,,2280,d469d7d67c4597f0ef571690f66cfd08,True,2
amcu:5761,amcu,190-р,,3955,7a74fd0defc7bf91401a94c768c93479,True,4
amcu:5762,amcu,192-р,,8625,688e52c901f0d535aaad65571a9158fc,True,9
amcu:5763,amcu,193-р,,2375,981b322a2d0dc6bda1f9c6566a8cad21,True,2
amcu:5764,amcu,199-р,,2567,191d13aa74b2b815207c71a1af1bae0e,True,3
amcu:5765,amcu,201-р,,19858,d9cd27f0f709d314ec307f60155c3e6f,True,20
amcu:5766,amcu,202-р,,26320,ba0fb39d9f8dd17526f5546cf7ee28b3,True,26
amcu:5767,amcu,203-р,,75134,f029eaa8e4c81e930cdbe98d20f537f4,True,75
amcu:5768,amcu,204-р,,23042,dbde74c0c866a86ac2dbed0a69cb97ad,True,23
amcu:5769,amcu,205-р,,43481,bac8a635085ed1be87e489c410c33727,True,43
amcu:577,amcu,769-р,2018-12-27,2253,fa0430b4722a4f5a6286c694382b7081,False,0
amcu:5770,amcu,261-р,2025-07-03,4129,107dd075cdb5c3218b601bba2a85df71,True,4
amcu:5771,amcu,262-р,2025-07-03,20721,387f4a89470c4875d7b35ddb8e5f6ce3,True,20
amcu:5772,amcu,263-р,2025-07-03,18491,44f2e10c2c50668f5eb69bd9fde583dd,True,18
amcu:5773,amcu,264-р,2025-07-03,66155,e6f8803808c8494582ad3f2c90044c61,True,65
amcu:5774,amcu,265-р,2025-07-03,96025,a28bbe3e2b4b6a1a0a3d2e9ac829e6cc,True,94
amcu:5775,amcu,266-р,2025-07-03,62541,33262d551492b036acb49ff38c838bb1,True,58
amcu:5776,amcu,267-р,2025-07-10,3279,9838b0d7dd6611cb8cda0029c8c1d970,True,3
amcu:5777,amcu,268-р,2025-07-10,3279,61b1c4c306692402a943bba41a6e7247,True,3
amcu:5778,amcu,269-р,2025-07-10,3278,dbf6e06926bc630d29dff37a0592f7d1,True,3
amcu:5779,amcu,270-р,2025-07-10,3279,fdd4d4b09767c0e149f97a1e894f0379,True,3
amcu:578,amcu,777-р,2018-12-27,3650,5b69a05274715159a0922013b53de62f,False,0
amcu:5780,amcu,271-р,2025-07-10,3279,fdf20d23343517abd3884556c25107b3,True,3
amcu:5781,amcu,272-р,2025-07-10,3279,bf2b8583fd73fb513bcce99b0b4c4b16,True,3
amcu:5782,amcu,273-р,2025-07-10,3279,308952e2b0471bfe8e807ff8cd699411,True,3
amcu:5783,amcu,274-р,2025-07-10,3279,27b5c949b171deefd192618cdecd4203,True,3
amcu:5784,amcu,275-р,2025-07-10,3279,3f048301688b82bfccc22bfe64be2da1,True,3
amcu:5785,amcu,276-р,2025-07-10,3279,30e2130585356dc000985dc2b3024a28,True,3
amcu:5786,amcu,277-р,2025-07-10,3279,e9ebfd909d56300f805092c6bd131758,True,3
amcu:5787,amcu,278-р,2025-07-10,3279,b4e3939b180e9d9d8f923e5cb360a8af,True,3
amcu:5788,amcu,279-р,2025-07-10,3279,c26a5cbd36ee6433ae375eac6c8d32ae,True,3
amcu:5789,amcu,280-р,2025-07-10,3303,523574060c51ba934bc97bf1ff203476,True,3
amcu:579,amcu,778-р,2018-12-27,3092,e1280858a985cddb83bd79ab95656da0,False,0
amcu:5790,amcu,281-р,2025-07-10,3303,25ee167a031acb315987b5e1cb1a471f,True,3
amcu:5791,amcu,282-р,2025-07-10,3303,c0b7b0a713bbc88c3d80982e189491b2,True,3
amcu:5792,amcu,283-р,2025-07-10,3303,f1a803178a37b8ef9b56aa1d0d247de0,True,3
amcu:5793,amcu,284-р,2025-07-10,3279,03796d0e2b90f4918823d29f47cf9a80,True,3
amcu:5794,amcu,285-р,2025-07-10,3273,dd044ff81f479694efeab4aa0edb2a2c,True,3
amcu:5795,amcu,286-р,2025-07-10,3291,48c56d446eb3d0cd1daf45cc187fe34a,True,3
amcu:5796,amcu,287-р,2025-07-10,3291,fee0a22228149ec3e3eb55e769c09328,True,3
amcu:5797,amcu,288-р,2025-07-10,3291,483f78c964485699f1d19de53792a73c,True,3
amcu:5798,amcu,289-р,2025-07-10,3291,8c88f18fec319012307c9fdb7653aa07,True,3
amcu:5799,amcu,290-р,2025-07-10,3279,abdc26eb038332b18328247ec70f3b4d,True,3
amcu:58,amcu,1009-р,2025-12-18,3269,2cc133b3f9a163d0fab64ea50e48c978,True,3
amcu:580,amcu,782-р,2018-12-27,55785,4d8a6e9d6233f3d9505ede05d8659197,False,0
amcu:5800,amcu,291-р,2025-07-10,3279,fa22d423183c0e77c4256c689b0762bf,True,3
amcu:5801,amcu,292-р,2025-07-10,3279,e257431b6e84d1a08426ddbff08570e1,True,3
amcu:5802,amcu,293-р,2025-07-10,3303,58fbf49ed9f4293c9d7465cdd54482ac,True,3
amcu:5803,amcu,294-р,2025-07-10,3303,e4a8f6b42b758956055ac8d923f67fb7,True,3
amcu:5804,amcu,295-р,2025-07-10,3303,17382fd701f0f165f4310b3c6cbf767e,True,3
amcu:5805,amcu,296-р,2025-07-10,3303,f6a3e362461d1bef0afaf4848e273d9a,True,3
amcu:5806,amcu,297-р,2025-07-10,3303,c99cd716855e2aae291759c63c30f120,True,3
amcu:5807,amcu,298-р,2025-07-10,3303,9bbfc2f29d97b7702ab6420b0d6771fc,True,3
amcu:5808,amcu,299-р,2025-07-10,3303,8101f6abb4dbe4344662c4317c166e07,True,3
amcu:5809,amcu,300-р,2025-07-10,3303,1df87535b75ace219fa553491a40339f,True,3
amcu:581,amcu,783-р,2018-12-27,53882,9e09974424632c41ba13f3cbbf095335,False,0
amcu:5810,amcu,301-р,2025-07-10,3660,a9716f44826efb778ea3779efa522a89,True,4
amcu:5811,amcu,302-р,2025-07-10,3083,b3c9cfe1ffe9656b054273e7c1a20e12,True,3
amcu:5812,amcu,303-р,2025-07-10,2153,9fcf79042bf17481ff86d98f74db25fb,True,2
amcu:5813,amcu,304-р,2025-07-17,3487,4729fc667816976d1ba03c65afb84317,True,4
amcu:5814,amcu,305-р,2025-07-17,2386,9fcfd013ad8703aa3e6ba7f0250c735b,True,2
amcu:5815,amcu,306-р,2025-07-17,3178,5c575de68943b4465e1d0a5f8aae46c8,True,3
amcu:5816,amcu,307-р,2025-07-17,25540,6aa6532289d4d8c01060cf829e73af75,True,24
amcu:5817,amcu,308-р,2025-07-17,17503,58adfdb1d0939bd55d4fa7cde7309348,True,18
amcu:5818,amcu,309-р,2025-07-17,44094,b6f31594e29dbaf5ec0c35bae06476b2,True,44
amcu:5819,amcu,310-р,2025-07-17,105523,16a0f9e8c947e08570b7492516a28f20,True,95
amcu:582,amcu,771-р,2018-12-27,4269,4db8cf9cb71136b94b1920d172ea63aa,False,0
amcu:5820,amcu,311-р,2025-07-17,7594,dba76cd73781f23eaec8d4a4777eadbe,True,8
amcu:5821,amcu,312-р,2025-07-24,21007,63e73fe45996fe509fdbf0370d5c8cd6,True,21
amcu:5822,amcu,313-р,2025-07-24,29212,e8658932f76738c77ff3d93d7912f635,True,29
amcu:5823,amcu,314-р,2025-07-24,62619,437137b0a8f740afed1ddcdadbf1f8c4,True,61
amcu:5824,amcu,315-р,2025-07-31,3281,ab842ff24589568dbc7e542907dc9bbf,True,3
amcu:5825,amcu,316-р,2025-07-31,3215,633a1f239befd421a61e1e51074b6473,True,3
amcu:5826,amcu,317-р,2025-07-31,3280,d5d803865cce94a30bbe99528fea723e,True,3
amcu:5827,amcu,318-р,2025-07-31,3266,d184fa17406ffd7ebdef47c681cb5f5c,True,3
amcu:5828,amcu,319-р,2025-07-31,3266,fb4fb8d79789a85f6372a1fb5705d65e,True,3
amcu:5829,amcu,320-р,2025-07-31,3281,15cceaca60fd49223c2c26395d07de86,True,3
amcu:583,amcu,772-р,2018-12-27,5873,537b73b5e7da03a3511b1c9417d03a52,False,0
amcu:5830,amcu,321-р,2025-07-31,3280,9c4c44c24738e1b693aab5cc31e6d60c,True,3
amcu:5831,amcu,322-р,2025-07-31,3280,98fcd481f03c9cc9d9c5fd7543e62af9,True,3
amcu:5832,amcu,323-р,2025-07-31,3280,cafd4d1da4535e66a9d7e47a6a64edf0,True,3
amcu:5833,amcu,324-р,2025-07-31,3280,e8bc4b48595bae7386dd4a1c61e73bf3,True,3
amcu:5834,amcu,325-р,2025-07-31,3270,5c58634cc10077c6ca88b264238cfa7c,True,3
amcu:5835,amcu,326-р,2025-07-31,3268,df7ac67ca199fea4becb88c4ffd5806d,True,3
amcu:5836,amcu,327-р,2025-07-31,3268,f77705a0a7e49c7a9d6fe9ba95f80e5d,True,3
amcu:5837,amcu,328-р,2025-07-31,3273,63c19a2d547d00ce339e49030cfe98da,True,3
amcu:5838,amcu,329-р,2025-07-31,3274,cb231ec17c156fedc353d12dbf09fadb,True,3
amcu:5839,amcu,330-р,2025-07-31,3286,41a76a456d4b2502f741045688b6256f,True,3
amcu:584,amcu,773-р,2018-12-27,4332,b9bd7e5b0ddbc9f9c9876ace59389ed2,False,0
amcu:5840,amcu,331-р,2025-07-31,3273,165dc6baa92a4134222222fdcc8e4783,True,3
amcu:5841,amcu,332-р,2025-07-31,3270,293150815acc1f2181788b54c1d44a65,True,3
amcu:5842,amcu,333-р,2025-07-31,3273,d5819c121805c116a74b1dd8a8196719,True,3
amcu:5843,amcu,334-р,2025-07-31,3257,045f2d6dc3a69dcb5fca304f6c73fb7a,True,3
amcu:5844,amcu,335-р,2025-07-31,3258,1359b465b52a262a883fb621ac36b11f,True,3
amcu:5845,amcu,336-р,2025-07-31,3258,04cda6fe87da64f539b1c78afbf08415,True,3
amcu:5846,amcu,337-р,2025-07-31,3259,a46fc75b29a9cb8a87fbb47edc5173ec,True,3
amcu:5847,amcu,338-р,2025-07-31,3258,ad92cebc73c019b2e59d561b84df5677,True,3
amcu:5848,amcu,339-р,2025-07-31,3259,fb52bac8dff4f288d475c798dcbf69e4,True,3
amcu:5849,amcu,340-р,2025-07-31,3258,4ccfd936feb68128645b3fc709ae792e,True,3
amcu:585,amcu,774-р,2018-12-27,4317,5d0cca9be254af12d99b34bda2629c85,False,0
amcu:5850,amcu,341-р,2025-07-31,3258,2a405cf7a958314cde75cb53cd1f9b02,True,3
amcu:5851,amcu,342-р,2025-07-31,3258,cc50c31f9686af11867b111f2add5867,True,3
amcu:5852,amcu,343-р,2025-07-31,3288,cb3484f90877b3022d1201192a972a52,True,3
amcu:5853,amcu,344-р,2025-07-31,3287,9ff7ee8fc0172f08945649f39187c578,True,3
amcu:5854,amcu,345-р,2025-07-31,3289,649bd8740a8d908eb4b603a7df501775,True,3
amcu:5855,amcu,346-р,2025-07-31,3288,7ecd5e4d852d7c0149423837816c86f1,True,3
amcu:5856,amcu,347-р,2025-07-31,3288,d9fa6ea40d45ce9b623b2e359543d8dd,True,3
amcu:5857,amcu,348-р,2025-07-31,3288,9c2432536eb84b617f7dc5a01844462b,True,3
amcu:5858,amcu,349-р,2025-07-31,3288,ae3b8abe20bd32c992e28bde83d808e5,True,3
amcu:5859,amcu,350-р,2025-07-31,3287,fba8bb684758e4ccc20c1fb319b3dfee,True,3
amcu:586,amcu,775-р,2018-12-27,4318,a9e32230d97b916489056c70bc332ddb,False,0
amcu:5860,amcu,351-р,2025-07-31,3287,31a9fd4f0ab3f230613bede2b84a3122,True,3
amcu:5861,amcu,352-р,2025-07-31,3288,4931ffe77ba846b321ad1cbf91693537,True,3
amcu:5862,amcu,353-р,2025-07-31,3280,a94ec2e9db4c8387b282616017df450a,True,3
amcu:5863,amcu,354-р,2025-07-31,3273,0c8f91aa38a9b5951561a356a3f5efb9,True,3
amcu:5864,amcu,355-р,2025-07-31,3273,ac8479303e4e49e678a1025be2e9771d,True,3
amcu:5865,amcu,356-р,2025-07-31,3264,2c71d0d200ab819521b1ef71d4678c12,True,3
amcu:5866,amcu,357-р,2025-07-31,3270,fc0032b6eee020d0226f4b4fc6c1a247,True,3
amcu:5867,amcu,358-р,2025-07-31,3269,feee8285545cf3c4d3ae4e3795c16a99,True,3
amcu:5868,amcu,359-р,2025-07-31,3268,70d3a3ddd7cc89541e4fe95497d9cfd5,True,3
amcu:5869,amcu,360-р,2025-07-31,3269,07b852fa3c53ad9f59ffd363c6f7e83e,True,3
amcu:587,amcu,776-р,2018-12-27,3449,4c76fae7b4ad0a6ea7a5a1c5cd83daa7,False,0
amcu:5870,amcu,361-р,2025-07-31,3269,5b434b08c3246dcff0fc187fe0cffde0,True,3
amcu:5871,amcu,362-р,2025-07-31,4862,cc6743befaacfa6a4c8d21a1ea589096,True,5
amcu:5872,amcu,363-р,2025-07-31,3155,2cdf16f3f7abad2a1b0aca397bfe5a18,True,3
amcu:5873,amcu,364-р,2025-07-31,3721,8097402c6bc8b9986f035973cd950e4d,True,4
amcu:5874,amcu,365-р,2025-07-31,2929,86ea3544881f5598eb72a3a4649b57d6,True,3
amcu:5875,amcu,366-р,2025-07-31,3633,fc73def8ab3e68df363c29a8f57ac09e,True,4
amcu:5876,amcu,367-р,2025-07-31,3235,da6c8dbbffc735a776e0525e9f93b9c7,True,3
amcu:5877,amcu,368-р,2025-07-31,3145,90b39e4462b9bc3e8fd1bed514fa1353,True,3
amcu:5878,amcu,369-р,2025-07-31,2074,32a49518dfa84b4bb1185067685b5722,True,2
amcu:5879,amcu,370-р,2025-07-31,340123,8d54c8bf6a9362ac4fa64ce42088cd11,True,303
amcu:588,amcu,779-р,2018-12-27,2913,0cfdfde3b681e82432b1d56614c306da,False,0
amcu:5880,amcu,248-р,,2336,40b8c513daaa8640cc391bf6f176a2ce,True,2
amcu:5881,amcu,249-р,,2268,247c4bf48054b6920fe7c5c78c49e873,True,2
amcu:5882,amcu,250-р,,2153,e87745a89f5d9d98ff3f8a2284e4702f,True,2
amcu:5883,amcu,251-р,,2699,00caa12e13826a8ad013b5301fd52e98,True,3
amcu:5884,amcu,252-р,,3136,de3d96c4ebb746748425bdc9e182973b,True,3
amcu:5885,amcu,253-р,,1803,4cbe87b67a661e20b8e3317e9e898f8d,True,2
amcu:5886,amcu,254-р,,2024,112c4adcb9d73c51c35f419a4f294103,True,2
amcu:5887,amcu,255-р,,2741,4f2fbaf58e209ad1986779879349acc1,True,3
amcu:5888,amcu,256-р,,61583,f604e1d04434f46cc5d294c590d2b34f,True,61
amcu:5889,amcu,257-р,,61153,e054c76bdca8edc1149f7f1fae585da5,True,60
amcu:589,amcu,780-р,2018-12-27,3769,67fb0ff40d11b477d4eeb8b8e68441f4,False,0
amcu:5890,amcu,258-р,,61508,e212efbb4d96909a46c3ac225fc5fa71,True,61
amcu:5891,amcu,259-р,,61062,dee9e6980a028309bc3acbb306992878,True,60
amcu:5892,amcu,260-р,,61430,e6580681ed3c748f2d2dc5405353383c,True,60
amcu:5893,amcu,262-р,,8207,28352d815be44f2061f7d4e0407b12bf,True,8
amcu:5894,amcu,264-р,,31484,f6c01259308cb5b924e0a1ca7c6cba17,True,31
amcu:5895,amcu,238-р,,22462,3a77c7a5a1a3a87b6730ca00c0dffc82,True,22
amcu:5896,amcu,239-р,,24539,30e9163107bef9e14363f392c6c512b3,True,24
amcu:5897,amcu,240-р,2019-04-18,26854,6fe3dc1daab00a8fa5fd3e5609c1cc28,True,26
amcu:5898,amcu,241-р,2019-04-18,15887,5c96ae596dcfe6fea186158715cfe446,True,16
amcu:5899,amcu,242-р,2019-04-18,34358,db224b13eb39d214a3d355a524e441e9,True,34
amcu:59,amcu,968-р,2025-12-18,19844,d2cc8091acd3a71c85a5f98029a264f5,True,20
amcu:590,amcu,781-р,2018-12-27,3429,f2d1a63f0960b69c683626a5444925ac,False,0
amcu:5900,amcu,243-р,2019-04-18,35951,add4c46eb07e1387bfd9b9d268466882,True,36
amcu:5901,amcu,244-р,2019-04-18,48439,01d8a38acc67d0e701eecbcb5ee40e99,True,48
amcu:5902,amcu,245-р,2019-04-18,35929,8921d64c2948d3b4d673ca1ff8885a5d,True,36
amcu:5903,amcu,246-р,2019-04-18,76512,8e498b939786f8e6e978aaa5ceea8501,True,76
amcu:5904,amcu,247-р,2019-04-18,35178,4f3046067ad5d33584766b92bf728978,True,35
amcu:5905,amcu,261-р,2019-04-18,61773,0fbc21419a9db035d7a61b745273a59b,True,61
amcu:5906,amcu,263-р,2019-04-18,118007,f4e7492b9255799414cbcca3271f4625,True,116
amcu:5907,amcu,265-р,2019-04-18,36223,53b87d31b6b19f0a76ad2facaca4d966,True,36
amcu:5908,amcu,266-р,2019-04-18,46246,779d08a44dbfdbe57a5a15c157909b14,True,46
amcu:5909,amcu,267-р,2019-04-18,38458,fbd27f8e2aadc6c93a19c3613000821d,True,38
amcu:591,amcu,793-р,2018-12-27,37006,1d9c8389a55b3247960064dcc7d7ffd7,False,0
amcu:5910,amcu,268-р,2019-04-18,23000,250096f84bfe1f6ed0f4ad43331e481c,True,23
amcu:5911,amcu,269-р,2019-04-18,24229,17450a42b376638fcb8e37e685bad5e2,True,24
amcu:5912,amcu,47-рк,2019-07-04,13796,334fb7b6f5a5d40341c5d52495b36b2b,True,14
amcu:5913,amcu,48-рк,2019-07-04,11117,1734e22144a6c898311e22eb1d8a5ab5,True,11
amcu:5914,amcu,49-рк,2019-07-04,18892,b0b8cf04c4f6b65155117f5991bc0790,True,19
amcu:5915,amcu,50-рк,2019-07-04,11783,32ff441823f096ce1e677eaafdfca3e4,True,12
amcu:5916,amcu,434-р,2019-06-19,23399,3daecb16ef89055528f93e50d6d25b1c,True,23
amcu:5917,amcu,435-р,2019-06-19,38636,17c2bfff08bd752c12662a4103169a60,True,38
amcu:5918,amcu,436-р,2019-06-19,34485,fe8fe3ed00a0f0cf2a13fc1f986f0f21,True,34
amcu:5919,amcu,437-р,2019-06-19,64048,325d5a00d3c87c4c11acb2ec12009fc8,True,64
amcu:592,amcu,795-р,2018-12-27,43596,c7982f473bffe3056326f54e3f4c51cb,False,0
amcu:5920,amcu,232-р,2026-03-05,2831,7effe2884bd7ca5b850abba01aeba97b,False,0
amcu:5921,amcu,233-р,2026-03-05,167984,470e1cd43c7af8277733bc7229da2b40,False,0
amcu:5922,amcu,234-р,2026-03-12,3539,7a8a19fc80de902bf76d40cb234402e2,False,0
amcu:5923,amcu,235-р,2026-03-12,3654,dad26a0789f02929d8cd5972efd44f12,False,0
amcu:5924,amcu,236-р,2026-03-12,2424,76b1de8e924669c7712a7e3da5c09a87,False,0
amcu:5925,amcu,237-р,2026-03-12,2565,513ab431c07a402ff1372b021bec7944,False,0
amcu:5926,amcu,238-р,2026-03-12,2546,5944cced08f10ccf6d54a9da93bf6a9a,False,0
amcu:5927,amcu,239-р,2026-03-12,4131,ef7b4a9f98b7f4b9128754f9c1bcd9e4,False,0
amcu:5928,amcu,240-р,2026-03-12,3292,743efa5c9c29cc8091fa0f530f15ce52,False,0
amcu:5929,amcu,241-р,2026-03-12,3289,3e25923fc7a77cea684134646d9baeea,False,0
amcu:593,amcu,784-р,2018-12-27,36748,90dc66deec5551b71b7d857a87434dc3,False,0
amcu:5930,amcu,242-р,2026-03-12,3308,34d331578da1da23c1dfaa2cc982a9df,False,0
amcu:5931,amcu,243-р,2026-03-12,3288,357756398d2e0c132c12eb5a59b7e40c,False,0
amcu:5932,amcu,244-р,2026-03-12,3296,62c63caacf95f11861ba8705ec91e278,False,0
amcu:5933,amcu,245-р,2026-03-12,3295,c49f04e8c008cc239fa3e2829c36ed65,False,0
amcu:5934,amcu,246-р,2026-03-12,3296,b56db8d30c12d87e0f77a20fbaff88d9,False,0
amcu:5935,amcu,247-р,2026-03-12,3295,f1fd4a2b170f809013cd8703bb773f5c,False,0
amcu:5936,amcu,248-р,2026-03-12,3312,ed876de95dd856494d8fbd33c3f12da8,False,0
amcu:5937,amcu,249-р,2026-03-12,3313,3ef1222fbb690c15be30baa826d92b3b,False,0
amcu:5938,amcu,250-р,2026-03-12,3314,f62a8923bd16a68f42557c325e9f8cbc,False,0
amcu:5939,amcu,251-р,2026-03-12,3314,e791dd0300ad258343fb269ea271d89a,False,0
amcu:594,amcu,786-р,2018-12-27,23765,1339dfd54337746764f9c1e7ab4f07b1,False,0
amcu:5940,amcu,252-р,2026-03-12,3314,16af7f52e329998229216494245fabed,False,0
amcu:5941,amcu,253-р,2026-03-12,3370,46958bb57a9addf5a34fa1ff6f7b478c,False,0
amcu:5942,amcu,254-р,2026-03-12,3314,e32aa7636db33ec7505b9f98341d479f,False,0
amcu:5943,amcu,255-р,2026-03-12,3312,bdad7c6bed5910864dcc12370eaf422e,False,0
amcu:5944,amcu,256-р,2026-03-12,3314,adc794ce23fb535cf152f5af14f97d55,False,0
amcu:5945,amcu,257-р,2026-03-12,3314,0919f1f93866da37b7415045f5921cb8,False,0
amcu:5946,amcu,258-р,2026-03-12,3313,d31d49bd8df6cc0356e966df5a22d67e,False,0
amcu:5947,amcu,259-р,2026-03-12,3301,1aca385d3cba2a4bbe48d4d6d2e0fb08,False,0
amcu:5948,amcu,260-р,2026-03-12,3302,5ada68f01a76993eb788dc254933db0a,False,0
amcu:5949,amcu,261-р,2026-03-12,3307,14b6a1f598745cca6c75ff80f4b38a71,False,0
amcu:595,amcu,787-р,2018-12-27,33509,3de34e0a9716a4fe1cd8122d8f72a256,False,0
amcu:5950,amcu,262-р,2026-03-12,3288,447cc51de3cb22a480849e43ab460413,False,0
amcu:5951,amcu,263-р,2026-03-12,3288,621b03ce0f0e0cfa6d2f083ab500d481,False,0
amcu:5952,amcu,264-р,2026-03-12,3288,319006e8cb13282eaa9624eb183ebed9,False,0
amcu:5953,amcu,265-р,2026-03-12,3289,39859ce5635461540264352081f66b23,False,0
amcu:5954,amcu,266-р,2026-03-12,3283,7e6091658102c2c59bbad73ec49984fa,False,0
amcu:5955,amcu,267-р,2026-03-12,3288,93ddd704bbd6f6d0549feb6a1316dbe1,False,0
amcu:5956,amcu,268-р,2026-03-12,3288,f870dc215ec0a33c07cbaca25fd6280d,False,0
amcu:5957,amcu,269-р,2026-03-12,3288,467708757d4dcd547d7f066b478282ab,False,0
amcu:5958,amcu,270-р,2026-03-12,3289,2ecc017c58f4c792ac7fea0a97cb1a4d,False,0
amcu:5959,amcu,271-р,2026-03-12,43359,329743c566df13016e9b5448f031db2f,False,0
amcu:596,amcu,788-р,2018-12-27,31979,3e27653ded943447e848a8f53b119e32,False,0
amcu:5960,amcu,272-р,2026-03-12,11997,ca94a66b501ec457ecc9859508712091,False,0
amcu:5961,amcu,273-р,2026-03-12,12441,77215260931c5ea101d3e750c633d612,False,0
amcu:5962,amcu,283-р,2025-03-19,26224,d451ce24dc5c0bb7174be4ee06166bf1,True,27
amcu:5963,amcu,274-р,2026-03-19,3399,2b50416a5c201a172d202c6e9b6c9572,True,3
amcu:5964,amcu,275-р,2026-03-19,3554,1e52101e55a45c991ffd772def55c009,True,4
amcu:5965,amcu,276-р,2026-03-19,4819,87fddee371dfb38bf931d488fb0e4e40,True,5
amcu:5966,amcu,277-р,2026-03-19,3109,6f3e3002ff6dc7b3fe2f9facf0d416b1,True,3
amcu:5967,amcu,278-р,2026-03-19,2794,de1d50f5bcb4d94a7c639144693e9f8e,True,3
amcu:5968,amcu,279-р,2026-03-19,3075,999ce12b4f7c48f77c3ed430a3f9fdb8,True,3
amcu:5969,amcu,280-р,2026-03-19,2373,9cc63975598c00bb29060f587f52b4d6,True,2
amcu:597,amcu,789-р,2018-12-27,22749,d9ad6c48bb00c8f243caf018faa939eb,False,0
amcu:5970,amcu,281-р,2026-03-19,2373,92eac925d90480543606624167db1de7,True,2
amcu:5971,amcu,282-р,2026-03-19,2057,8034397be09e7d737f40f67ab9a9c43e,True,2
amcu:5972,amcu,284-р,2026-03-26,3325,6c951bd6bd8c76d3df9e13dfca43f06b,True,3
amcu:5973,amcu,285-р,2026-03-26,3292,9c19bdc19cee541f0e0d7ed6284dc6b3,True,3
amcu:5974,amcu,286-р,2026-03-26,3279,2db422fff4c5eada903c345344fcbc4f,True,3
amcu:5975,amcu,287-р,2026-03-26,3013,a7e1a2e3eb13b536fa1c93b75ecabbf3,True,3
amcu:5976,amcu,288-р,2026-03-26,2954,330bd7949af1e38f3d0d96f3579f6c48,True,3
amcu:5977,amcu,289-р,2026-03-26,3022,a8a40adf8ab14baa3bbc579eaea426e3,True,3
amcu:5978,amcu,290-р,2026-03-26,2998,4212c0211cc20edda6974cf16f5011d2,True,3
amcu:5979,amcu,291-р,2026-03-26,2972,22176e67ecc3f781f36e88fc4301ce46,True,3
amcu:598,amcu,790,2018-12-27,14980,d957dd50a64412cc1d17d9b87a68fca2,False,0
amcu:5980,amcu,292-р,2026-03-26,3014,6fc7d2dceeda4cdd1ba18c88a61d4abb,True,3
amcu:5981,amcu,293-р,2026-03-26,3997,6f351abe99b404a5e405bc916dcca1e5,True,4
amcu:5982,amcu,294-р,2026-03-26,3003,96642a9de22c71a4d2d00771ddd2db92,True,3
amcu:5983,amcu,295-р,2026-03-26,2650,587f2321fd0c83761ad3cc3bc15714d1,True,3
amcu:5984,amcu,296-р,2026-03-26,2727,4d764c49b34ebab99d7699a42b59bdcd,True,3
amcu:5985,amcu,297-р,2026-03-26,3653,9b01b4526986cd2672f66a0c7103a67e,True,4
amcu:5986,amcu,298-р,2026-03-26,3653,d3e2e47cb4c7bc7dc205d05f2d3e3716,True,4
amcu:5987,amcu,299-р,2026-03-26,10361,2a8d265aefa66ad4bbb3fff1294989c8,True,10
amcu:5988,amcu,300-р,2026-03-26,13599,85eb52c05d78fec4c58df9719e18e81a,True,13
amcu:5989,amcu,301-р,2026-03-26,11674,0ea7b1fa6ef304e0aae202f7c09eb80f,True,12
amcu:599,amcu,791-р,2018-12-27,16501,18a43425475f7928b467a95ad0a84af4,False,0
amcu:5990,amcu,306-р,2023-11-02,3359,365b2b08b14daf092d21b216a1defc38,True,3
amcu:5991,amcu,307-р,2023-11-02,2807,2f5a7a6274140f3e47327859a3c1ceab,True,3
amcu:5992,amcu,308-р,2023-11-09,3881,73fe06030b4251aa2ada48327a8d34a7,True,4
amcu:5993,amcu,309-р,2023-11-09,3664,b14d1d2b7bfd20c1e55f29aa7669eb79,True,4
amcu:5994,amcu,310-р,2023-11-09,3370,37b8dff4a58a3a9d6a8dcf466f727661,True,3
amcu:5995,amcu,311-р,2023-11-21,3112,d974206f3db181d87728af444474f679,True,3
amcu:5996,amcu,312-р,2023-11-21,51077,413e8f1d0eb596dff292a661e05d41e3,True,51
amcu:5997,amcu,313-р,2023-11-21,42214,cb931b5e0e3a83bf010e49da17ce608b,True,40
amcu:5998,amcu,314-р,2023-11-21,50713,73da284dd3a7ccad35e5bcdb6cc271e8,True,50
amcu:5999,amcu,315-р,2023-11-21,73262,898c17cc447541cf972e1290df1a59f4,True,72
amcu:6,amcu,925-р,2025-12-04,2101,482a0f8d30e1724f92dc029ad46468a8,True,2
amcu:60,amcu,969-р,2025-12-18,70953,d4943d17e4281321b6916fefbf239048,True,71
amcu:600,amcu,792-р,2018-12-27,37030,43c9a8ed3048c422e91ede6a7e74e608,False,0
amcu:6000,amcu,316-р,2023-11-23,2065,7004dba6865d470b7052c03e2ae7f583,True,2
amcu:6001,amcu,317-р,2023-11-23,5229,a7b21e742e6acfceae5fb738ccb7841b,True,5
amcu:6002,amcu,318-р,2023-11-23,5532,9d09979e454ed6dfad4dfb2121cb4228,True,6
amcu:6003,amcu,329-р,2023-11-30,3790,3bacac1d9b6c5788deb9ef27b0109074,True,4
amcu:6004,amcu,319-р,2023-11-30,20941,4be2ce37aa3c693ed38374678bb66567,True,21
amcu:6005,amcu,320-р,2023-11-30,3320,ca243f61654cf02c27f2e3bf10b87505,True,3
amcu:6006,amcu,321-р,2023-11-30,3610,7b745b9e99501560cfca00c8348b5e4c,True,4
amcu:6007,amcu,322-р,2023-11-30,4307,09ee72b03bcd9c20b371230bceaa10c8,True,4
amcu:6008,amcu,323-р,2023-11-30,3651,e1eac12435eb38be19db0399a1efd094,True,4
amcu:6009,amcu,324-р,2023-11-30,3965,9a74e3985f705e59643511da64ef503b,True,4
amcu:601,amcu,794-р,2018-12-27,23198,8f99b08d5a901fc925e08fe07e873a2f,False,0
amcu:6010,amcu,325-р,2023-11-30,3945,86b1bfe1ba97813c7231d92bfe67086a,True,4
amcu:6011,amcu,326-р,2023-11-30,3746,67c41b1e30c4e4e712671493bae08ce3,True,4
amcu:6012,amcu,327-р,2023-11-30,3785,d7bd6cd394167e9b2c4ab9d8f7277cdb,True,4
amcu:6013,amcu,328-р,2023-11-30,3754,abfbd829b97457ea6da1152ac61c61f4,True,4
amcu:6014,amcu,329-р,2023-11-30,3790,3bacac1d9b6c5788deb9ef27b0109074,False,0
amcu:6015,amcu,330-р,2023-11-30,3839,198afba1cf585069dfc894364ab1101f,True,4
amcu:6016,amcu,331-р,2023-11-30,3829,27f02db1d3c70d59e16e7f61d9b9dc21,True,4
amcu:6017,amcu,332-р,2023-11-30,3754,81d2857bc3870f5486f978e98558c988,True,4
amcu:6018,amcu,333-р,2023-11-30,3789,fe876d1c07e74294f2d920417e0b2d1e,True,4
amcu:6019,amcu,334-р,2023-11-30,3519,163fd2e5233b43fd08ce65571fb1c35a,True,4
amcu:602,amcu,785-р,2018-12-27,13429,12cbb09604b1785c99e12e4826d6d5be,False,0
amcu:6020,amcu,335-р,2023-11-30,3656,0e8c650ae7572602bfd9c4bb2c79c2f7,True,4
amcu:6021,amcu,336-р,2023-11-30,3798,0d4a7ccdd153067da7988524ba896c29,True,4
amcu:6022,amcu,337-р,2023-11-30,2906,dc081f3630f4de0e00b68d07d08dca6a,True,3
amcu:6023,amcu,338-р,2023-11-30,4975,3579e38725d8e853f1bc6ae525e92da3,True,5
amcu:6024,amcu,339-р,2023-11-30,3631,962b139d6e72638ecaaf0ef87127d0f5,True,4
amcu:6025,amcu,340-р,2023-11-30,7175,f87b8e8dcf894b16dc42120ba61de1b0,True,7
amcu:6026,amcu,341-р,2023-11-30,6771,5dc985efe3847958065078b805d5f1a2,True,7
amcu:6027,amcu,7-рк,2024-08-01,46653,e000b84a4bd6539188ee4793e20f077d,True,46
amcu:6028,amcu,379-р,2026-05-07,4108,55051bfa4a562e878bc3d5e648d414c0,True,4
amcu:6029,amcu,380-р,2026-05-07,4157,f6c449f43ada9a5536a2d74b3d9a1463,True,4
amcu:603,amcu,675-р,2018-11-29,28829,3368fd8ffc28bc195aba093bdaaec4be,False,0
amcu:6030,amcu,381-р,2026-05-07,4242,d80b94d10f19fbfeacd18262879e64b3,True,4
amcu:6031,amcu,382-р,2026-05-07,3986,e73e701d237e99f44ad25582350aa1cc,True,4
amcu:6032,amcu,383-р,2026-05-07,3968,c2358286b7407d5cafd630a9bfa9a554,True,4
amcu:6033,amcu,384-р,2026-05-07,4267,f9d7e953ba88b8e7448eb73e9060f5b7,True,4
amcu:6034,amcu,385-р,2026-05-07,4292,b4a7a63a59b0e6049e7b495dacfa8a58,True,4
amcu:6035,amcu,386-р,2026-05-07,3539,8e5238d00cb4605c0b91206e6eb3434c,True,3
amcu:6036,amcu,387-р,2026-05-07,3744,bc5a049d87a13335da2e370a1651cc81,True,4
amcu:6037,amcu,388-р,2026-05-07,3548,ab6fe20abcd596dda93b2d853a42b446,True,3
amcu:6038,amcu,389-р,2026-05-07,3716,548066ff77a754cfd96d7df7cdaff9df,True,4
amcu:6039,amcu,390-р,2026-05-07,3166,dcee7dfbeeed891392abfbc60f950e30,True,3
amcu:604,amcu,681-р,2018-11-29,19762,66f03db712602b886bbcd06cfa998989,False,0
amcu:6040,amcu,391-р,2026-05-07,3419,e1fd9be1ab3db0177785ebd1d71e02c9,True,3
amcu:6041,amcu,392-р,2026-05-07,38488,c9146df13b9af9890446e28357dc043f,True,38
amcu:6042,amcu,393-р,2026-05-07,40430,4474865763c23d63dc1f94a84aa88cda,True,40
amcu:6043,amcu,394-р,2026-05-07,21361,ff2725aa3d31785c8d2531335b5c2e59,True,21
amcu:6044,amcu,395-р,2026-05-07,22384,c2b6488931e238ebe1836c680de85aa2,True,22
amcu:6045,amcu,396-р,2026-05-07,32777,1ffd9a869f15946a04b9c1c2ddd44b69,True,33
amcu:6046,amcu,397-р,2026-05-14,3266,fc9eb670a59073c4a8f9f578a1832e52,True,3
amcu:6047,amcu,398-р,2026-05-14,2835,7dc4625afff07d34d64f2c3ef8d378c1,True,3
amcu:6048,amcu,399-р,2026-05-14,2574,47e90c6708a72061880778b28311a390,True,3
amcu:6049,amcu,400-р,2026-05-14,2577,aebb690711f758c5bef64c30084f62f1,True,3
amcu:605,amcu,676-р,2018-11-29,33367,1619166b84cadb3404ebba453734b007,False,0
amcu:6050,amcu,401-р,2026-05-14,1987,86c74d8780cf68b90d089367773c87fa,True,2
amcu:6051,amcu,402-р,2026-05-14,3593,07a9ecf2a3b7d6eb7adf4798ad99a6e2,True,4
amcu:6052,amcu,403-р,2026-05-14,3606,f35441876286b669be105abaeeeadd43,True,4
amcu:6053,amcu,404-р,2026-05-14,3606,c40e16f32950582f735087259b7e7113,True,4
amcu:6054,amcu,405-р,2026-05-14,3606,fe8eb6eb08807d897e12f802f4a45845,True,4
amcu:6055,amcu,406-р,2026-05-14,3569,903e85346875fcd9b33e0c7ec51a6e5c,True,4
amcu:6056,amcu,407-р,2026-05-14,21550,335a5c422b34f9b51a42448f425de64f,True,21
amcu:6057,amcu,408-р,2026-05-14,21474,06f9c24076e1badb6d0c2a7d6e3b41c6,True,21
amcu:6058,amcu,409-р,2026-05-14,23355,02ba42b4f93826e74b01279557475eda,True,23
amcu:6059,amcu,410-р,2026-05-14,24515,4bec683fa7e7e666601345e154dd867c,True,24
amcu:606,amcu,678-р,2018-11-29,16170,954232f2f40cf692b76e114aaddfdcce,False,0
amcu:6060,amcu,411-р,2026-05-21,3147,479391c14fca7b29bd0f506ddf1e327b,True,3
amcu:6061,amcu,412-р,2026-05-21,2684,8842dd784bec81c2713156c16c7bafe0,True,3
amcu:6062,amcu,413-р,2026-05-21,2493,808ed4a0edf0079cbd74fbbde563399e,True,3
amcu:6063,amcu,414-р,2026-05-21,20685,889970f63bcb2883ee5e5eae148acdbb,True,20
amcu:6064,amcu,415-р,2026-05-21,20527,fb2508c033e20739bcae99d11b3233fa,True,20
amcu:6065,amcu,416-р,2026-05-21,29311,6ea9459e8bfcfbb5f8d4f85ec562ff69,True,29
amcu:6066,amcu,417-р,2026-05-21,29262,530ee18512712f1129ec21b2be8c2be2,True,29
amcu:6067,amcu,418-р,2026-05-21,27390,a721039b762ff98c62339088e062bb26,True,27
amcu:6068,amcu,419-р,2026-05-28,75189,eb3d968c924a6a0e920aa8585fd9a536,True,69
amcu:6069,amcu,420-р,2026-05-28,135749,c2628976343dcffe6866a9ed0beafa4e,True,135
amcu:607,amcu,679-р,2018-11-29,33230,f50f17e7c5b60ad8d0030f6df9b69b74,False,0
amcu:6070,amcu,421-р,2026-05-28,4513,f30095af3680fc417308fbd9faee634b,True,5
amcu:6071,amcu,422-р,2026-05-28,3597,91f9fa7c44ad5c5b683766fa72d8207f,True,4
amcu:6072,amcu,423-р,2026-05-28,3399,c33f174122012029afe30e0ea218d574,True,4
amcu:6073,amcu,424-р,2026-05-28,3099,4a686568bf67e604a5ba714f179dfcc7,True,3
amcu:6074,amcu,425-р,2026-05-28,3124,bd9c9710fa73453e87bfa0c26a6ee4b9,True,3
amcu:6075,amcu,426-р,2026-05-28,3029,10c1cf97b383c4f6d20008a4035a90f6,True,3
amcu:6076,amcu,427-р,2026-05-28,2635,e9b0b230c51a43bdd50a3a435d2254b3,True,3
amcu:6077,amcu,428-р,2026-05-28,31119,27ff07bcb4da10c90e548c6ff2c95762,True,31
amcu:6079,amcu,796-r,2018-12-28,134530,50e4ed8cb91d57f6569b4ffa7ededfe5,True,116
amcu:608,amcu,680-р,2018-11-29,26748,44a4d9aa03736501c32e96b5ae2e0f3e,False,0
amcu:6080,amcu,1-рк,2020-01-16,16416,7dd02c905165b51e3cb2d9b04c4bae25,True,17
amcu:6081,amcu,2-рк,2020-01-17,21649,32b5b8a65b7efcfb82b5be6262dc2274,True,21
amcu:6082,amcu,31-рк,2019-04-11,21569,6e4851c8ec89456880c219d31e3a5e92,True,21
amcu:6083,amcu,32-рк,2019-04-11,25140,cb12bf5f46b47d11a9aa0b539e7f529d,True,25
amcu:6084,amcu,33-рк,2019-04-11,20115,ec9d3ca3319d73edc753be25c8ea446d,True,20
amcu:6085,amcu,34-рк,2019-04-11,20669,ecbb4e1e7b147e3930727efbbd076fa9,True,21
amcu:6086,amcu,35-рк,2019-04-11,20046,156dd1e6835b04d7ce4a5296f2b0491c,True,20
amcu:6087,amcu,36-рк,2019-04-11,24859,c77c125f781ed9de8f9ec292588e108a,True,25
amcu:6088,amcu,37-рк,2019-04-11,21739,e960eddd061b32e3f3a5e687526cbd06,True,22
amcu:6089,amcu,38-рк,2019-04-11,21757,fc1171ef574a0eb9f3b88465e624a348,True,22
amcu:609,amcu,677-р,2018-11-29,18677,594691738c5f6e6fec63800a835254df,False,0
amcu:6090,amcu,39-рк,2019-04-11,21967,a5b55aad4c0e89a9d8e0711f9e323f91,True,22
amcu:6091,amcu,40-рк,2019-04-11,21574,8bd5ca81b0be8c8c5850c9e551d6638a,True,21
amcu:6092,amcu,41-рк,2019-04-11,25679,6b7c29a72b66bd7a5dce15fd5f4ad955,True,26
amcu:6093,amcu,42-рк,2019-04-11,19512,4a4fd48782cd713f4eeff425dd691cb5,True,20
amcu:6094,amcu,43-рк,2019-04-11,20394,570f7e706b6b0bc068df39ec47bad3f0,True,20
amcu:6095,amcu,10-рк,,16623,2784b1278b3e41365334c1aeec0b65f7,True,17
amcu:6096,amcu,11-рк,,16153,29f1de84396d7d2c228de77350f8f737,True,16
amcu:6097,amcu,12-рк,,15097,1da5c4f6b399b94ba45d805b30284027,True,15
amcu:6098,amcu,13-рк,,16385,01f47f89e049f4f9cbc9f0bce7c7685d,True,16
amcu:6099,amcu,14-рк,,15854,8f9882b0e0b34a3a67717a182fc48a19,True,16
amcu:61,amcu,970-р,2025-12-18,179913,9b46b14a03f2e2705b4b25be35ba6af3,True,176
amcu:610,amcu,79-р,2019-02-06,17756,b6c53314437ccc88eb9756e930d7374f,False,0
amcu:6100,amcu,15-рк,,15985,e61244dbf238bb052cc14b58d83622f7,True,16
amcu:6101,amcu,16-рк,,15956,9979e7441a61c581d85e33cd19019bcf,True,16
amcu:6102,amcu,17-рк,,16715,cd947ab0b1dca9d1044d4ab82f08d0fd,True,17
amcu:6103,amcu,18-рк,,16038,72374345e20c90d2cbcea2b291da737b,True,16
amcu:6104,amcu,19-рк,,16062,b673d8a00361b329aee119b4b16a40b0,True,16
amcu:6105,amcu,20-рк,,14910,c1fd77fb23d83c26edeed11b07e2743c,True,15
amcu:6106,amcu,21-рк,,15643,0c59b952c5ccbf4b302ae12bac3d4755,True,16
amcu:6107,amcu,22-рк,,16015,ea8dd9e47658e395559bd6f413448319,True,16
amcu:6108,amcu,23-рк,,29203,e5902279fc76b60336f2dbd1edba9fb2,True,29
amcu:6109,amcu,24-рк,,17320,691fda0728aa31fd900b8dafc9d57311,True,17
amcu:611,amcu,80-р,2019-02-06,17972,492cf0debcdb997445e8c5531b92f2e2,False,0
amcu:6110,amcu,25-рк,,20704,64fed35429a82a4f017a5be39b1ec616,True,20
amcu:6111,amcu,26-рк,,23342,781ba2a1592fe2755e6452a0583dbe33,True,23
amcu:6112,amcu,27-рк,,21195,908c171d0ada562fbe96427069a77acf,True,21
amcu:6113,amcu,28-рк,,22700,f8fd77dea3904dc70c94a8f5459c6666,True,23
amcu:6114,amcu,29-рк,,24849,6d61a84ca79cd5d3ba4848c819fad8e9,True,25
amcu:6115,amcu,30-рк,,23022,a22e6dceec76b2ebd819b7f572ee53c7,True,23
amcu:6116,amcu,44-рк,,37204,215f021d7f7a98d41e88e68fe44c20d3,True,37
amcu:6117,amcu,45-рк,,18184,623c1854cd3617e7b8de34da26eefbaa,True,18
amcu:6118,amcu,133-r,2019-03-04,32947,82e5018c795173d0f02bb0ba24610408,True,32
amcu:6119,amcu,,2023-03-02,35131,ec6a9b998f45ac30e6139d5765238c1b,True,35
amcu:612,amcu,81-р,2019-02-06,16457,7ac2e78a980dc1c6ab27e1925e80663e,False,0
amcu:6120,amcu,,2023-03-02,13615,405b5e4c4c4a4ef10b668f5bf6bf36dc,True,14
amcu:6121,amcu,,2023-03-02,13756,3cec1a6ae01387c129adad022ae6843b,True,14
amcu:613,amcu,85-р,2019-02-06,23190,f951d96828f540b20512d0786e5ca771,False,0
amcu:614,amcu,86-р,2019-02-06,39682,f67d0531a791f3f53f9158cd8f179b57,False,0
amcu:615,amcu,74-р,2019-02-06,27789,938016c1a7b48d090bf9241db57af3ea,False,0
amcu:616,amcu,75-р,2019-02-06,28750,4113f4ef9ff81a83e7d49c6310b02427,False,0
amcu:617,amcu,76-р,2019-02-06,34848,af1b503bd65a96fbbc6b799b6cfedf34,False,0
amcu:618,amcu,78-р,2019-02-06,18152,105039e03619b4c78a11c081315e2b86,False,0
amcu:619,amcu,82-р,2019-02-06,20455,f62c27f5f21c27bbe07dfae07905e46b,False,0
amcu:62,amcu,971-р,2025-12-18,132504,b7fc091d3a1d4a7e2fdfe9833e986772,True,132
amcu:620,amcu,83-р,2019-02-06,18765,3d747736bb45bd4314520acbb58da6aa,False,0
amcu:621,amcu,84-р,2019-02-06,17738,72dbdd089c3d7edaaa0aeb1be5d6fd72,False,0
amcu:622,amcu,77-р,2019-02-06,30259,87947c7fe41f58e8313b7cc988cea697,False,0
amcu:623,amcu,87-р,2019-02-07,4846,929ad9fb9bdd5c43bad19fa36bc45760,False,0
amcu:624,amcu,88-р,2019-02-07,3581,00edbc156e8187d089463de90d214d64,False,0
amcu:625,amcu,89-р,2019-02-07,3422,c03821bae3f1269488b8b5ee83239572,False,0
amcu:626,amcu,90-р,2019-02-07,4585,be44cf7ca59cbe391d30f46567f49ceb,False,0
amcu:627,amcu,91-р,2019-02-13,38043,e699c57edd63203c89e2b1b25ea432e3,False,0
amcu:628,amcu,101-р,2019-02-13,19822,6b885aa245879ebe60f6cf68ba78fe96,False,0
amcu:6284,amcu,29,,16272,d9331ea8bb03c5e8f17af3a0f13d817a,True,16
amcu:6285,amcu,30,,20292,2b51890a8c3d0792dd9408d383c28c3a,True,20
amcu:6286,amcu,31,,19988,5e65c10a927fbc0be827ad1b452bde55,True,20
amcu:6287,amcu,32,,19191,a2351229c439ab9bf2b1f819abfe55d2,True,19
amcu:6288,amcu,33,,18189,3d101c1eff225a060951674093b58496,True,18
amcu:6289,amcu,34,,19152,2b7d68ebe13e0f0c0e272fe0d81f18bd,True,19
amcu:629,amcu,104-р,2019-02-13,29040,795fdfe669cf419de744fa51edf157e8,False,0
amcu:6290,amcu,35,,18573,230d830d59b77c64ff3a390378789118,True,19
amcu:6291,amcu,36,,20851,23297d9d4196c3760f381b812cea9265,True,21
amcu:6292,amcu,37,,18831,c2accf9730d32c14b612faadefec93d0,True,19
amcu:6293,amcu,38,,18557,cc27a999ff654baa2da2edca9a84851d,True,19
amcu:6294,amcu,39,,18119,77486843b10241cadc5c81968dc37745,True,18
amcu:6295,amcu,40,,17646,df1b30728f23c1ba81f1cb07697be774,True,18
amcu:63,amcu,972-р,2025-12-18,170219,08102c23a52670f0f9385a1fd0988dd1,True,160
amcu:630,amcu,107-р,2019-02-13,20233,8efd260d1fab5e57a89a950b73adbb04,False,0
amcu:631,amcu,92-р,2019-02-13,39750,9e615bd849b9f4947bc9dcc486ae2026,False,0
amcu:632,amcu,94-р,2019-02-13,31530,7e1d9710432a2fcdb7ca7706d15d5231,False,0
amcu:6323,amcu,526-р,2018-10-03,95806,fa4ff0651bc4014fc3a203d1490dd25a,True,93
amcu:6324,amcu,525-р,2018-10-03,3414,e12930182b14a21de81912149695576e,True,3
amcu:633,amcu,95-р,2019-02-13,17387,f831af9931a232c26031c5b3c14afb3f,False,0
amcu:634,amcu,100-р,2019-02-13,18650,3b5d3735b1cc80883ea0ad58516ffc20,False,0
amcu:635,amcu,102-р,2019-02-13,29202,9e4383f35243cbc12fa928166cd388cb,False,0
amcu:6359,amcu,715-р,2018-12-11,84230,64677c5721ed8277b99cdf48c3ce3cbb,False,0
amcu:636,amcu,103-р,2019-02-13,35032,0d4b83148810663ae8e641263b597814,False,0
amcu:6360,amcu,718-р,2018-12-11,3377,8adaafae158a6fbd34b66cc9e35e4bda,False,0
amcu:6361,amcu,716-р,2018-12-11,53260,0bc7076fd1a9b1db24f0c503495f8ac9,False,0
amcu:6362,amcu,717-р,2018-12-11,55799,807450b897d34416689ba71b75e65371,False,0
amcu:6363,amcu,719,2018-12-11,100765,b3f0006bf61aeec3be3a66468ce005a2,False,0
amcu:6364,amcu,650-р,2018-11-20,2550,7e55695de9390ed4a64e09f0278ee034,False,0
amcu:6365,amcu,656-р,2018-11-20,40468,65994d0376d04f05efd08acb7d5c9783,False,0
amcu:6366,amcu,642-р,2018-11-20,27942,3978e92febcef6a6e1de45946bd9de62,False,0
amcu:6367,amcu,,2018-11-20,4357,ff94653a0c0e9648f61689bd19f4e105,False,0
amcu:6368,amcu,641-р,2018-11-20,49402,8ddd84690152de5f1eae7c93936b211a,False,0
amcu:6369,amcu,643-р,2018-11-20,6667,8771ebfed0b429a0560941c1c19e6dbd,False,0
amcu:637,amcu,105-р,2019-02-13,96295,79ac8dc1283c57fc86137c489355edb0,False,0
amcu:6370,amcu,644-р,2018-11-20,6750,3f74961fec5b1956d90bd604d7cc312a,False,0
amcu:6371,amcu,645-р,2018-11-20,6705,a98644354b4c02b15beb62d6e61be075,False,0
amcu:6372,amcu,646-р,2018-11-20,5548,6aa2eedf3926bd2449c973e798c0f38b,False,0
amcu:6373,amcu,647-р,2018-11-20,4587,c03c315044118795b4586ea68a5ea3cf,False,0
amcu:6374,amcu,648-р,2018-11-20,4686,b98dc677cc4b99820280bee8d62f4f2d,False,0
amcu:6375,amcu,649-р,2018-11-20,5089,318c040271784204db9f44c379d8527d,False,0
amcu:6376,amcu,655-р,2018-11-20,23957,7cdae1f9082863c23e8957899e72689e,False,0
amcu:6377,amcu,652-р,2018-11-20,42595,139fbae37fe38b00a346a7c404ff7907,False,0
amcu:6378,amcu,653-р,2018-11-20,26501,f6cb400de2f018a52005b86075112718,False,0
amcu:6379,amcu,654-р,2018-11-20,29686,81f42b7159edec4003bc7cce383bf256,False,0
amcu:638,amcu,106-р,2019-02-13,23411,5d279ef87fdf0498a5fcdbe64d14a5a5,False,0
amcu:639,amcu,93-р,2019-02-13,17387,f831af9931a232c26031c5b3c14afb3f,False,0
amcu:64,amcu,973-р,2025-12-18,456862,7e57012eeee1bc87b09711a227fd392b,True,430
amcu:640,amcu,96-р,2019-02-13,23344,a90892d362a5bc1485ff08217426361f,False,0
amcu:641,amcu,97-р,2019-02-13,18367,43dd0225d49a676cb11fe53252eb6fbc,False,0
amcu:642,amcu,98-р,2019-02-13,20121,4b60b6c603b0101694370f259250f852,False,0
amcu:643,amcu,99,2019-02-13,22713,240b2edcbdd12ce96a22119cc6e85f9f,False,0
amcu:644,amcu,1-р,2019-01-15,2681,f74757fd940797cfe2de931ad4ebbe04,True,3
amcu:645,amcu,10-р,2019-01-15,2544,3ba6bb4f0b5497ccda342c5b6defd3ab,True,3
amcu:646,amcu,2-р,2019-01-15,2360,547d1f06ff47f747d720c11561c6762d,True,2
amcu:647,amcu,3-р,2019-01-15,2343,a3fa31f459f11fcea0d599cb84b424cb,True,2
amcu:648,amcu,4-р,2019-01-15,2338,c2f936acb2fff90569398422207105b9,True,2
amcu:649,amcu,5-р,2019-01-15,2500,9a30c4c1380c9e4101e71720b6b48038,True,3
amcu:65,amcu,974-р,2025-12-18,79421,56a94a96c15a40ab05ef43dd701638dc,True,59
amcu:650,amcu,6-р,2019-01-15,2253,ce6bada541768e641b55ca0cc6d32535,True,2
amcu:651,amcu,7-р,2019-01-15,2332,4382a3763138c2595d579f59137eb48e,True,2
amcu:652,amcu,8-р,2019-01-15,2502,263fdfa59496c9b2b512b87d92975f68,True,2
amcu:653,amcu,9-р,2019-01-15,2663,93641817cb8b5bc1cd129b32cefe65dd,True,3
amcu:654,amcu,11-р,2019-01-15,4756,20af27e022eeab78e0109d9977170c3f,True,5
amcu:655,amcu,12-р,2019-01-17,4344,8cdaf63244316c66d3cd88058eda558c,False,0
amcu:656,amcu,14-р,2019-01-17,3487,53294383de3e00c8ffc415212a936c9f,False,0
amcu:657,amcu,15-р,2019-01-17,20384,e2dd5348cee46c9a6a02e998edadea59,False,0
amcu:658,amcu,,2019-01-17,28632,4a1c921995044d26e501e759a5fbb248,False,0
amcu:659,amcu,13-р,2019-01-17,2804,dc673544ebabb0497ae27f5ed79a51d1,False,0
amcu:66,amcu,975-р,2025-12-18,21264,75d3904c3ff8b4606341a00919fe221f,True,21
amcu:660,amcu,16-р,2019-01-17,21607,180becb283bc7cc9e92ff29c9cb7706e,False,0
amcu:661,amcu,17-р,2019-01-17,20054,9f3b65d5dd897fc00dc4aa2e6923769b,False,0
amcu:662,amcu,18-р,2019-01-17,16238,197b9f0d2f4457e80541e5a9b5296975,False,0
amcu:663,amcu,19,2019-01-17,26401,3d487118521d36f16f55a421864df0c9,False,0
amcu:664,amcu,20-р,2019-01-17,30192,8f283560fe7b795e049bc282b3a6380c,False,0
amcu:665,amcu,21,2019-01-17,25167,5d99af49a261783dc8ca9556bb838cea,False,0
amcu:666,amcu,23-р,2019-01-17,41726,84d6adf5a63c1b1e756add5ffeb611f1,False,0
amcu:667,amcu,24-р,2019-01-17,28427,73faeb566104aa5f8470584663bd6fed,False,0
amcu:668,amcu,112-р,2019-02-20,18101,35ed308f1e80e1c6d33cbb0b2ddc71be,False,0
amcu:669,amcu,113-р,2019-02-20,18133,9c111994887507843150f964cea3dcc9,False,0
amcu:67,amcu,976-р,2025-12-18,29545,14323a92f86a43a021a1652e3442be73,True,29
amcu:670,amcu,114-р,2019-02-20,21584,3650755cbeb627b9f941bc931c077dce,False,0
amcu:671,amcu,110-р,2019-02-20,15611,b17e9b66d38c3c9ea47465872951f143,False,0
amcu:672,amcu,111-р,2019-02-20,24222,2ff7864e7d3d4b77215df6c6e86fb510,False,0
amcu:673,amcu,108-р,2019-02-20,17232,6ddbd75a77b493d2f43e75f3ad3125bf,False,0
amcu:674,amcu,109-р,2019-02-20,18111,e1d6fb5c59eebb6ddae074e579740c53,False,0
amcu:675,amcu,115-р,,2200,dde5d889e7a5af6f358245facfd0f367,False,0
amcu:676,amcu,116-р,,20396,a37c9270130cebdc94d0f5bde880465b,False,0
amcu:677,amcu,25-р,2019-01-22,41993,36f8dacd3a2e43b9c1a6adc22fa2c7f0,False,0
amcu:678,amcu,26-р,2019-01-22,46018,0da7cbc67159654d0e76f54964a2aa71,False,0
amcu:679,amcu,27-р,2019-01-24,2048,8d19537507fdb39fe6703baae7abc0fc,False,0
amcu:68,amcu,977-р,2025-12-18,13839,51a5f0f245b98cefa14844db3e6ff3ad,True,13
amcu:680,amcu,28-р,2019-01-24,3975,383c06448af85941f4141a148d0fd98f,False,0
amcu:681,amcu,29-р,2019-01-24,3425,04b65125a3a356b67deb65c45d7aadfa,False,0
amcu:682,amcu,30-р,2019-01-24,3470,b42bf1c4ced56bb9716c3ef8fc52d2d5,False,0
amcu:683,amcu,31-р,2019-01-24,20324,8aadbf584029cf1866a7f0beafc20068,False,0
amcu:684,amcu,37-р,2019-01-24,16340,bf73a0ead9f8a61fe2ff0273c4a2d92b,False,0
amcu:685,amcu,45-р,2019-01-24,56835,1532d94ec6e81c6bed342871fd39972a,False,0
amcu:686,amcu,32-р,2019-01-24,14998,581809c791828639d5892297830d4a93,False,0
amcu:687,amcu,33-р,2019-01-24,14593,81dc4e7ff248a3196685cb33f9d96af8,False,0
amcu:688,amcu,34-р,2019-01-24,21700,528edc4d6932a8bc2c830fb2f2450852,False,0
amcu:689,amcu,35-р,2019-01-24,17268,84d34004f290c386961009b4343b2b10,False,0
amcu:69,amcu,978-р,2025-12-18,22795,5600ce69d255a6c61962617e1abccca5,True,22
amcu:690,amcu,36-р,2019-01-24,45824,bab02c8c6a9a5dbdc38624fc2c90ba24,False,0
amcu:691,amcu,38-р,2019-01-24,17024,cf75fbec2eef9a57772919d06c258331,False,0
amcu:692,amcu,39-р,2019-01-24,16385,b4e39d0c7e9aab8aa9fb6ecc6a103da3,False,0
amcu:693,amcu,40-р,2019-01-24,33141,0a154735a8d63c7488de375af23e89d5,True,33
amcu:694,amcu,41-р,2019-01-24,25857,1e5d19b68dc453c98c0e6b774ba7a87c,False,0
amcu:695,amcu,42-р,2019-01-24,15964,0ff27f71050d9359d54ee6c7689384b1,False,0
amcu:696,amcu,43,2019-01-24,22576,7caf81555f6dcd418d54122785a99d0f,False,0
amcu:697,amcu,44-р,2019-01-24,21289,89cd3f5f717ee1cc3a45f0df5680ce6b,False,0
amcu:698,amcu,46-р,2019-01-24,15950,dabe955716931128525511ab841b0e2d,False,0
amcu:699,amcu,47-р,2019-01-24,19241,f63f8457760de8ad12a0930bc9dad452,False,0
amcu:7,amcu,926-р,2025-12-04,2115,341eb7ec52d5d1172f3a3ef4da52681e,True,2
amcu:70,amcu,979-р,2025-12-18,23865,9755118e7956611beb373feb6dcbd4e8,True,23
amcu:700,amcu,48-р,2019-01-24,18491,56e5b6a1c6dd1f3029e2ea407b157b98,False,0
amcu:701,amcu,49-р,2019-01-24,29737,d432bfbfa30587aa8faf783fea1f9f9f,False,0
amcu:702,amcu,125-р,2019-02-27,20932,cbb8a88679ae12f5801c6afeeda5bce7,True,21
amcu:703,amcu,122-р,2019-02-27,3708,9b2686728bdac140412916592309f5cf,True,4
amcu:704,amcu,118-р,2019-02-27,3478,1a9b2729d90ae503b19b6c9c6b2c4cb3,True,4
amcu:7047,amcu,1-р,2019-01-15,2681,f74757fd940797cfe2de931ad4ebbe04,False,0
amcu:7048,amcu,10-р,2019-01-15,2544,3ba6bb4f0b5497ccda342c5b6defd3ab,False,0
amcu:7049,amcu,2-р,2019-01-15,2360,547d1f06ff47f747d720c11561c6762d,False,0
amcu:705,amcu,119-р,2019-02-27,3476,84d0317b9faa5b5fead53af3632b0c50,True,4
amcu:7050,amcu,3-р,2019-01-15,2343,a3fa31f459f11fcea0d599cb84b424cb,False,0
amcu:7051,amcu,4-р,2019-01-15,2338,c2f936acb2fff90569398422207105b9,False,0
amcu:7052,amcu,5-р,2019-01-15,2500,9a30c4c1380c9e4101e71720b6b48038,False,0
amcu:7053,amcu,6-р,2019-01-15,2253,ce6bada541768e641b55ca0cc6d32535,False,0
amcu:7054,amcu,7-р,2019-01-15,2332,4382a3763138c2595d579f59137eb48e,False,0
amcu:7055,amcu,8-р,2019-01-15,2502,263fdfa59496c9b2b512b87d92975f68,False,0
amcu:7056,amcu,9-р,2019-01-15,2663,93641817cb8b5bc1cd129b32cefe65dd,False,0
amcu:7057,amcu,11-р,2019-01-15,4756,20af27e022eeab78e0109d9977170c3f,False,0
amcu:706,amcu,117-р,2019-02-27,68635,6823071a2feb58add60eb14909960aeb,True,69
amcu:707,amcu,120-р,2019-02-27,3615,cc11173c6ccafe2514b26fc74ecae3ea,True,4
amcu:708,amcu,121-р,2019-02-27,3615,1f6c566b2f8c9fa1c7638cf7d4177fbd,True,4
amcu:709,amcu,123-р,2019-02-27,4972,3ed7ee56fa8e33de5f59c344844eda25,True,5
amcu:71,amcu,980-р,2025-12-18,2302,eba6fee5abffd69a64516da0ede2b6e1,True,2
amcu:710,amcu,124-р,2019-02-27,26853,b82117a946822e3320af8c30da2f0286,True,26
amcu:711,amcu,126-р,2019-02-27,21999,c16e1f938653ed469daff65d31785868,True,22
amcu:712,amcu,127-р,2019-02-27,27411,0923da559d9f6a72cd1e379c5dbab5d6,True,27
amcu:713,amcu,128-р,2019-02-27,23235,ad082d10dda5aac3335f1a4edd2e5bde,True,23
amcu:714,amcu,129-р,2019-02-27,35079,ec5bac56ca794e65637eebd51e56a9d5,True,35
amcu:715,amcu,130-р,2019-02-27,30151,0a47d9a5b9efbaaa4db0ff467c84736e,True,30
amcu:716,amcu,131-р,2019-02-27,24079,f2ee4b28c958311ea28b065c36e1379f,True,24
amcu:717,amcu,132-р,2019-02-27,55630,11d8e79b75df74b796312c9bb8c0358f,True,55
amcu:718,amcu,50-р,2019-01-30,31207,eeba87cab2ad377a3f451e3d66174ea6,False,0
amcu:719,amcu,53-р,2019-01-30,16386,36d508996c95a2e7820411edcb5b703a,False,0
amcu:72,amcu,981-р,2025-12-18,2642,33b39adba2de2265934aa258004c3b37,True,3
amcu:720,amcu,55-р,2019-01-30,20424,f55fc5f067fbf39a835cf3a72b103cd8,False,0
amcu:721,amcu,63-р,2019-01-30,28142,fe99da6ef5be1931167013d7d568e2db,False,0
amcu:722,amcu,51-р,2019-01-30,19302,19ef49eb14309b9738b879f7b313f2dd,False,0
amcu:723,amcu,52-р,2019-01-30,15882,b3ee1a525ed75bab4c2c203acb0fe2b1,False,0
amcu:724,amcu,54-р,2019-01-30,18660,ca36582098168e73e05e12207f59489e,False,0
amcu:7244,amcu,463-р,2018-09-13,4115,06ab6e40dbabc420e94f6f7fcb3edd8c,True,4
amcu:7245,amcu,452-р,2018-09-13,3689,fb334c03cd58d7fc813c3ce2b249a7aa,True,4
amcu:7246,amcu,451-р,2018-09-13,3515,04809d880c6be48ab7174c22b49973b8,True,4
amcu:7247,amcu,453-р,2018-09-13,3697,4fe9d31f083ce9558814be5de7e75fe0,True,4
amcu:7248,amcu,455-р,2018-09-13,4399,589aa301f5b6753be028d7efd2f94134,True,4
amcu:7249,amcu,459-р,2018-09-13,4364,59989b16ee2c6d3174cc80c53604d210,True,4
amcu:725,amcu,56-р,2019-01-30,16751,fe4ee51cd7be64cd1b397b0d00fdc887,False,0
amcu:7250,amcu,460-р,2018-09-13,4558,de7aea7cfde51b86d9f2c06d270470aa,True,5
amcu:7251,amcu,461-р,2018-09-13,4578,c6f935be652be0967d8136a8ba507b3b,True,5
amcu:7252,amcu,462-р,2018-09-13,4614,13f8499eb64eb4abf5fddd64e7d3d632,True,5
amcu:7253,amcu,464-р,2018-09-13,2463,8d7ae8b50df63de42b38f3ae50234fcf,True,3
amcu:7254,amcu,474-р,2018-09-13,23479,4d17397150c6cd3e06d24621e5099c1c,True,24
amcu:7255,amcu,454-р,2018-09-13,4440,f92b315036862abad6225f2e9b07bf09,True,4
amcu:7256,amcu,456-р,2018-09-13,3107,135e90bea48c9cf24ce9a87e51b82735,True,3
amcu:7257,amcu,457-р,2018-09-13,2220,2975fa1b12b9284d53a0edfb0702fd81,True,2
amcu:7258,amcu,458-р,2018-09-13,1432,69ec18db46c8ca038f8b3fc137c1a9ab,True,2
amcu:7259,amcu,466-р,2018-09-13,59153,967a01e2c1e3df61c0294eab88565ebc,True,58
amcu:726,amcu,57-р,2019-01-30,18088,6bc62996cbd1747f08bdd0775979830c,False,0
amcu:7260,amcu,467-р,2018-09-13,59177,14d207c5906e15ce3fb3dd1e89538eba,True,58
amcu:7261,amcu,468-р,2018-09-13,59121,1dc7344496301bb09aa631fa934406ca,True,58
amcu:7262,amcu,469-р,2018-09-13,59214,1ede15d13387ba1306f2f4b92a10b6ee,True,58
amcu:7263,amcu,470-р,2018-09-13,59133,abcebb4fac4ae70032a92d202b4be826,True,58
amcu:7264,amcu,473-р,2018-09-13,29362,d9336a20e0c4bafdafda29558d412db6,True,29
amcu:7265,amcu,448-р,2018-09-13,3813,daea1e6e2e86342db8da21910d741b8d,True,4
amcu:7266,amcu,449-р,2018-09-13,3833,ace1d3827bbbab2ebc0e496459d53a5f,True,4
amcu:7267,amcu,450-р,2018-09-13,3924,2b6bfa0b5831a67d60a015593ce66e3c,True,4
amcu:7268,amcu,465-р,2018-09-13,5786,8ca939e756d8483a502387b5a8bd88f2,True,6
amcu:7269,amcu,471-р,2018-09-13,33616,c5e3f07076aec8a6cbe032c1ac8e48c5,True,33
amcu:727,amcu,58-р,2019-01-30,25909,11bfb43cfc80037e509991cf1939554e,False,0
amcu:7270,amcu,472-р,2018-09-13,30599,b7ea9265c97e30044d62f1646985385a,True,30
amcu:728,amcu,59-р,2019-01-30,41071,bbbe51e989f956cf7d789d1b40d094c2,False,0
amcu:729,amcu,60-р,2019-01-30,18030,851b7adf972c8f9831ded925aa9c071a,False,0
amcu:73,amcu,982-р,2025-12-18,3244,98405136d691e43ecb4ef36cd16b3848,True,3
amcu:730,amcu,61-р,2019-01-30,61631,d281fae0c3f44a19edf462122b1b6fea,False,0
amcu:731,amcu,62-р,2019-01-30,21995,85f40656997cba5f45ad9831b10ade34,False,0
amcu:732,amcu,64-р,2019-01-31,31699,e38bfb5ac6f1fab0c08be96aa9a63397,False,0
amcu:733,amcu,65-р,2019-01-31,36150,7630e75205588bd44b83cbf1d38ee873,False,0
amcu:734,amcu,66-р,2019-01-31,32367,3db0dcd5d68b4534f303cae55504ff69,False,0
amcu:735,amcu,68-р,2019-01-31,29341,a8a0e9335f9b20d077f10e9c483166f2,False,0
amcu:736,amcu,69-р,2019-01-31,3922,3cc19527027898c96260a8c695839f5b,False,0
amcu:737,amcu,70-р,2019-01-31,3939,feee84adea00071123d18faeb423380a,False,0
amcu:738,amcu,71-р,2019-01-31,2742,eaf7631c54cdef8312233fd08a194a30,False,0
amcu:739,amcu,72-р,2019-01-31,4964,e1ad4f2d314ca6fd7bcbd80b493a689b,False,0
amcu:74,amcu,983-р,2025-12-18,2355,99649048e2040d44b7629414bbec789d,True,2
amcu:740,amcu,67-р,2019-01-31,27089,82c6c77a52f40c6345cd7d83a785ee01,False,0
amcu:741,amcu,73-р,2019-01-31,18559,b8b4869783a2449105b3ce1020b933f3,False,0
amcu:742,amcu,7-рк,2026-06-25,19898,00ebe49f7b82f6830d83eb5fc9f657da,False,0
amcu:743,amcu,1-р,2026-01-08,3266,47c7e2de4eec2a506ba1e10be93e2a59,False,0
amcu:744,amcu,10-р,2026-01-08,3641,89b5d95d678fe7ace7ee628f4b03b1df,False,0
amcu:7446,amcu,657-р,2018-11-22,42081,daeb64082ab6e3afcbdc0e99c71ef1de,True,42
amcu:7447,amcu,658-р,2018-11-22,36060,60ea1e730ee79418a0cb85ecfbd10a1b,True,36
amcu:7448,amcu,660-р,2018-11-22,34933,8b633d3c1d53b875591c364647eb4ffc,True,34
amcu:7449,amcu,659-р,2018-11-22,35975,5d1f514451d28a558b59d965b42973f8,True,35
amcu:745,amcu,11-р,2026-01-08,3634,c263033b6ea478d8e811ec53937fca1e,False,0
amcu:7450,amcu,661-рй,2018-11-22,28853,602a98406d26723449e4e542c26fcd9d,True,29
amcu:7451,amcu,663-р,2018-11-22,23951,e3feee7253d65b783b61c45c0a87a62a,True,24
amcu:7452,amcu,664-р,2018-11-22,21597,e4e9d47420097dcce0520d109ed1bcbb,True,21
amcu:7453,amcu,665-р,2018-11-22,16254,1635195fa99a042baca1042662343bb9,True,16
amcu:7454,amcu,666-р,2018-11-22,21675,ec38f207f94ffe500a82915ca17eff72,True,21
amcu:7455,amcu,667-р,2018-11-22,25463,188aab8c2d0e4089533da3525489387c,True,25
amcu:7456,amcu,668-р,2018-11-22,25122,821fd42199b0d04ee6e58b4d47a921ac,True,25
amcu:7457,amcu,662-р,2018-11-22,39666,a85bc7fd3da07082075bdf5e9f4e5006,True,39
amcu:746,amcu,2-р,2026-01-08,2824,8fcf7d6abfb8397efeb5e6db6197e126,False,0
amcu:7462,amcu,675-р,2018-11-29,28829,3368fd8ffc28bc195aba093bdaaec4be,False,0
amcu:7463,amcu,681-р,2018-11-29,19762,66f03db712602b886bbcd06cfa998989,False,0
amcu:7464,amcu,676-р,2018-11-29,33367,1619166b84cadb3404ebba453734b007,False,0
amcu:7465,amcu,678-р,2018-11-29,16170,954232f2f40cf692b76e114aaddfdcce,False,0
amcu:7466,amcu,679-р,2018-11-29,33230,f50f17e7c5b60ad8d0030f6df9b69b74,False,0
amcu:7467,amcu,680-р,2018-11-29,26748,44a4d9aa03736501c32e96b5ae2e0f3e,False,0
amcu:7468,amcu,677-р,2018-11-29,18677,594691738c5f6e6fec63800a835254df,False,0
amcu:747,amcu,3-р,2026-01-08,2831,f2f7a3e9c1ed8de4a5e5fdf63d37c6cc,False,0
amcu:748,amcu,4-р,2026-01-08,2841,8da26aea3d8d1ad93cf9653ad0ead62f,False,0
amcu:7485,amcu,630-р,2018-11-13,5913,c36205c284508a45e412dcfb8b43b68e,True,6
amcu:7486,amcu,631-р,2018-11-13,4817,1adb074c57bf0863cf99022d95abbf09,True,5
amcu:7487,amcu,629-р,2018-11-13,4883,723df7445c5d983f24c4a7882ff3394a,True,5
amcu:7488,amcu,634-р,2018-11-13,31443,b1364ee21be018129ad5d86e92614444,True,31
amcu:7489,amcu,633-р,2018-11-13,25658,1a85dad4295724215c687d9160fa4e23,True,26
amcu:749,amcu,5-р,2026-01-08,2819,3ff069e42f677ab05b995cd4b041a815,False,0
amcu:7490,amcu,626-р,2018-11-13,4764,d5f34e63784d210ad995e70c2ade5e52,True,5
amcu:7491,amcu,623-р,2018-11-13,3257,6b12f5815ae7c517983ed1de18577f77,True,3
amcu:7492,amcu,624-р,2018-11-13,3585,412ec5205b10c6f830e643caaac83e4d,True,4
amcu:7493,amcu,625-р,2018-11-13,3666,bb71f44466a819feed2b60aa63987ec7,True,4
amcu:7494,amcu,627-р,2018-11-13,4723,0b233bf8f19a93aa80ca3b4f9a2282ea,True,5
amcu:7495,amcu,628-р,2018-11-13,4733,3e459b7c22adc5e767a7462dcc1ed29b,True,5
amcu:7496,amcu,621-р,2018-11-13,91393,94a185f4c945b1706db251e3ce04c5a1,True,91
amcu:7497,amcu,622-р,2018-11-13,8646,f877d5b8155041c83bc591be8be20f59,True,9
amcu:7498,amcu,632-р,2018-11-13,2039,a5c32df4bdda0f7fd07bef1e1595cda5,True,2
amcu:7499,amcu,619-р,2018-11-09,18519,eaffe11b176f4b43e97193eca954b4f8,True,18
amcu:75,amcu,984-р,2025-12-18,3334,b507ab1c8d996004a0e92b0288aa83cb,True,3
amcu:750,amcu,6-р,2026-01-08,2816,8e420e22113156eaa300c66a05b38ba4,False,0
amcu:7500,amcu,620-р,2018-11-09,17217,c01826e35ded58db2e52d172237de2ee,True,17
amcu:7501,amcu,618-р,2018-11-09,4672,aee3a68424967394612b0f5df44ec650,True,5
amcu:751,amcu,7-р,2026-01-08,3048,56f1e12d95066247ee77685701145a0e,False,0
amcu:752,amcu,8-р,2026-01-08,2832,09828c4cd7b0842d817c39ad26d38546,False,0
amcu:753,amcu,9-р,2026-01-08,2809,189358bfd57e28172c555919d5e1bd12,False,0
amcu:754,amcu,12-р,2026-01-15,3269,31c3fa7a11d867c286fc38b437180165,False,0
amcu:755,amcu,13-р,2026-01-15,3307,5b990337b0a4fc737ed5df10c33681a0,False,0
amcu:756,amcu,14-р,2026-01-15,3815,666d5bdd352bf05eba52cd01b514af61,False,0
amcu:757,amcu,15-р,2026-01-15,3851,ca998db3bd869c2647c2145e001159cd,False,0
amcu:758,amcu,16-р,2026-01-15,3907,6c54f2035c5e24cbccc8350c5497d200,False,0
amcu:759,amcu,17-р,2026-01-15,4000,d011b1f220c2775f31cf4999da9c15e8,False,0
amcu:7590,amcu,581-р,2018-10-25,3469,de7827180a2bbbd2052fe4e6a4b74a92,False,0
amcu:7591,amcu,582-р,2018-10-25,3547,351849fbe5777cacdf163af480dc23ba,False,0
amcu:7592,amcu,576-р,2018-10-25,2599,91474d910721a2416b1cd0462091ef58,False,0
amcu:7593,amcu,590-р,2018-10-25,48897,d15d74528021f3c69c0e1a1439a4cfd1,False,0
amcu:7594,amcu,591-р,2018-10-25,48882,c7e252dd442aa489fd8c12ebd21f095c,False,0
amcu:7595,amcu,577-р,2018-10-25,2819,673a181f9a21d18f29ce61847e333d0a,False,0
amcu:7596,amcu,592-р,2018-10-25,67950,19a0593e6cabe0ef8180728e9142a04c,False,0
amcu:7597,amcu,593-р,2018-10-25,16199,e9c1d2bd044cd6c3fefc3084e646ccbc,False,0
amcu:7598,amcu,594-р,2018-10-25,15893,72d3c96d9f388d728251f8a03a79588e,False,0
amcu:7599,amcu,579-р,2018-10-25,3921,6eb65279fb51fa084f0861b45d466415,False,0
amcu:76,amcu,985-р,2025-12-18,3597,c26ac082ebc0e6942ec43eceb95fc249,True,4
amcu:760,amcu,18-р,2026-01-15,3968,7a4920d71a9ef9184ce9dcc359571fed,False,0
amcu:7600,amcu,580-р,2018-10-25,3932,4fe5e127b6e18403b83f293dfe5c9253,False,0
amcu:7601,amcu,583-р,2018-10-25,3555,f0a674d3ae88ab1e5f74ae5da2ef4ae4,False,0
amcu:7602,amcu,584-р,2018-10-25,3560,e2eb884fc26439e28dcc6c8126fd090a,False,0
amcu:7603,amcu,585-р,2018-10-25,3519,d89916b690483f0a69b7db9715e98936,False,0
amcu:7604,amcu,586-р,2018-10-25,3543,66fd923509c21f62afefbbb2377311df,False,0
amcu:7605,amcu,587-р,2018-10-25,3536,0276d4650537150765fa73a8d8468dc3,False,0
amcu:7606,amcu,588-р,2018-10-25,3544,4a60232d76c65e21e1459a2753c4053a,False,0
amcu:7607,amcu,589-р,2018-10-25,3560,b1a65a5b7db08971260dc0a89bef4953,False,0
amcu:7608,amcu,578-р,2018-10-25,3107,fc3f777a2b016ad05486ae202addeb95,False,0
amcu:761,amcu,19-р,2026-01-15,3972,3bf94121f6cef16df020c7088a3295d5,False,0
amcu:762,amcu,20-р,2026-01-15,3822,897397d3f1d31192eb552daff7bf90c2,False,0
amcu:763,amcu,21-р,2026-01-15,3911,cab28fca64a20e9b779052a8ad89d930,False,0
amcu:764,amcu,22-р,2026-01-15,3859,cf6e9f24d2719698229c70de068aa680,False,0
amcu:765,amcu,23-р,2026-01-15,3942,4bb3263f8aea89566de27f92053a9728,False,0
amcu:766,amcu,24-р,2026-01-15,3899,2c8cfa2e38205a33704e53012a4592d3,False,0
amcu:767,amcu,25-р,2026-01-15,3948,89114697d07a004a481e9b30432ba509,False,0
amcu:768,amcu,26-р,2026-01-15,3941,4910e8e31de1c9ab7bb451696c9b220c,False,0
amcu:769,amcu,27-р,2026-01-15,3884,5b16673d010d599383cae659007c7b4c,False,0
amcu:77,amcu,986-р,2025-12-18,13003,43b82bd30cd427afd94ef514f2b4590a,True,13
amcu:770,amcu,28-р,2026-01-15,3945,b06340affbde27d7013cecb2f03cb023,False,0
amcu:771,amcu,29-р,2026-01-15,3944,84da5eecae88267589d2a12fc91bd394,False,0
amcu:772,amcu,30-р,2026-01-15,3944,cdacae5a24246ededd2f181e65f9a350,False,0
amcu:773,amcu,31-р,2026-01-15,4114,f120edbbfc3ddffc81a84c63f54b9a5a,False,0
amcu:774,amcu,32-р,2026-01-15,3803,bf60f7a95591a3267e52485c5db2a91d,False,0
amcu:775,amcu,33-р,2026-01-15,3902,41ca4505232630c56b72483048c94c1a,False,0
amcu:776,amcu,34-р,2026-01-15,3839,34d6fe2ac8b70bed6e1d3a86bcc1e072,False,0
amcu:777,amcu,35-р,2026-01-15,3975,a02f76a788a274a158f47a7d00e879ae,False,0
amcu:7772,amcu,385-р,2018-08-07,3323,aed298a076393a1d39f2cece3cd30606,True,3
amcu:7773,amcu,383-р,2018-08-07,8365,d6d267852ffd3e4d6c8d1bf7e9b8fc07,True,8
amcu:7774,amcu,386-р,2018-08-07,3422,2d4d782e4996510c0674b82b10ddc8f8,True,4
amcu:7775,amcu,387-р,2018-08-07,3340,a001993f42f7f96a465b69b0f500baca,True,3
amcu:7776,amcu,388-р,2018-08-07,12259,b327fa086342c6441a868016ef49b07d,True,12
amcu:7777,amcu,389-р,2018-08-07,11685,c32070d50f71a3c18933dde807743f4b,True,11
amcu:7778,amcu,390-р,2018-08-07,29658,10d153544596b9a6df031813d8d3f2bd,True,29
amcu:7779,amcu,382-р,2018-08-07,3097,defdc5d2ba0aa6dd8f60152e143e9d38,True,3
amcu:778,amcu,36-р,2026-01-15,3823,51bf62c72a3da08161f9749ba3d7b750,False,0
amcu:7780,amcu,384-р,2018-08-07,4047,5a00815401feba3bb5f3ace813207987,True,4
amcu:7781,amcu,392-р,2018-08-07,19440,13fae45a2c0612327664adbf57c7e234,True,19
amcu:7782,amcu,393-р,2018-08-07,16524,9296d4f4c5fdca3bed953d0742e80b3d,True,16
amcu:7783,amcu,394-р,2018-08-07,18043,ff785f32a37d34839521a32276e88d74,True,18
amcu:7784,amcu,391-р,2018-08-07,23290,6826bb19dc32d83f20e9244d5976b42b,True,23
amcu:779,amcu,37-р,2026-01-15,3146,7f9631f1676d65c3ca641847b035e68d,False,0
amcu:78,amcu,987-р,2025-12-18,3276,0fd0f31fdec989617a7e7c96e8c2d3ad,True,3
amcu:780,amcu,38-р,2026-01-15,2811,6d60982f2fc59031e2b6ca7380613d6f,False,0
amcu:781,amcu,39-р,2026-01-15,3531,30c578405296ff7ee32272b9af669fa5,False,0
amcu:782,amcu,40-р,2026-01-15,2480,bf75252c49a71764996009754fbef7a9,False,0
amcu:783,amcu,41-р,2026-01-15,3149,9a11419f58f4a92fefbfeae7954f7739,False,0
amcu:784,amcu,42-р,2026-01-15,2871,20a2cfbecdc2bbce516a68c8089c275b,False,0
amcu:7840,amcu,18,,25395,e87873efee5fb1d091d2cff8221588e9,True,25
amcu:7841,amcu,19,,17456,bfb9f925868d8e3a69b84eeacdbe1297,True,18
amcu:7842,amcu,20,,15833,8c26df245c9d8b96711b25feef4e5488,True,16
amcu:7843,amcu,21,,19147,e168f7d01a0a897e666f000caecdf1a4,True,19
amcu:7844,amcu,22,,19474,875625284aff308ea30ada1a52dab80c,True,20
amcu:7845,amcu,23,,17301,a9b8ca9a2e9c04e3a22fed7a728e68ec,True,17
amcu:7846,amcu,24,,19459,78f1b0b22650cad14375263a33498aeb,True,20
amcu:7847,amcu,25,,19076,5f1dd5fbff6e89ec012d6268edd07d9e,True,19
amcu:7848,amcu,26,,18946,e19052c791e80778deaa56c8cc5dc631,True,19
amcu:7849,amcu,27,,17567,eaa9f5e02c6bb7cfb936d2400a31584b,True,18
amcu:785,amcu,43-р,2026-01-15,17625,af4c38ad87bdbf742bbc332ae2cc0082,False,0
amcu:7850,amcu,28,,18918,797607fe7835434bedf8eb544c1adb7a,True,19
amcu:7851,amcu,17,,9844,02bdb5b93f13d7ed52d55f3bcfe826f6,True,10
amcu:786,amcu,44-р,2026-01-22,3038,e1459a006c4460204cd6a8038c6d3825,False,0
amcu:787,amcu,45-р,2026-01-22,3408,4515f5beb8c14cc9757a837e3e804a9c,False,0
amcu:788,amcu,46-р,2026-01-22,3004,59b0f6f13b58456f89c4baabb33c3032,False,0
amcu:789,amcu,47-р,2026-01-22,2736,8b140fa48f8b69f447d9872bd0fa2971,True,3
amcu:79,amcu,988-р,2025-12-18,3276,52168959623aed752671fdf97d49f111,True,3
amcu:790,amcu,100-р,2026-01-29,2767,533214e9043a1106ccebedcbc25c46b7,True,3
amcu:791,amcu,101-р,2026-01-29,2748,0e5ee968a5cd42d78798bd6841a085c8,True,3
amcu:792,amcu,102-р,2026-01-29,2737,10a32bd55fd2d09fd012b34ad2c85b9d,True,3
amcu:793,amcu,103-р,2026-01-29,2755,9e7a69b470204b13852a3c862f892dfc,True,3
amcu:794,amcu,104-р,2026-01-29,2747,83898f5b0a4b82bcfe045834c695d404,True,3
amcu:795,amcu,105-р,2026-01-29,2754,bd3c490e14e362273699c6f426d13dda,True,3
amcu:796,amcu,106-р,2026-01-29,2750,aced66b0db5972cd401355697ae6a282,True,3
amcu:797,amcu,107-р,2026-01-29,2763,6d3bb2d6334a83e1045412400816069f,True,3
amcu:798,amcu,108-р,2026-01-29,3004,a18f18afc553e38eba0ff728bba79167,True,3
amcu:799,amcu,109-р,2026-01-29,4004,0c21eae5696073e5035f9bbc06da8928,True,4
amcu:8,amcu,927-р,2025-12-04,2065,68c9ae6704d722ca5c06594c23713ec9,True,2
amcu:80,amcu,989-р,2025-12-18,3276,8dba4d6dea7234820721c8cf8561a25d,True,3
amcu:800,amcu,110-р,2026-01-29,4027,437125aa2eb7d3a585752a296828708a,True,4
amcu:801,amcu,111-р,2026-01-29,23620,127081b883b7c1cfc9763717b3331746,True,23
amcu:802,amcu,48-р,2026-01-29,2968,ad36a222420bed8317ff9fdde14b35c0,True,3
amcu:803,amcu,49-р,2026-01-29,3410,9a00ee2177aee9cdc2af73733020f66d,True,4
amcu:804,amcu,50-р,2026-01-29,4281,763efd200f2eddc5263afdec6cdbd25c,True,4
amcu:805,amcu,51-р,2026-01-29,4995,efee6186d73112830fae6bddcb53c32e,True,5
amcu:806,amcu,52-р,2026-01-29,3341,fa3e62cf4e39a0a06a21895bcbddb455,True,3
amcu:807,amcu,53-р,2026-01-29,10788,04d0a7e9bf6643a6d01ffa08caf4aff3,True,11
amcu:8079,amcu,542-р,2018-10-10,26213,631cb75fa5f288a7df4b606f40d08c6b,True,26
amcu:808,amcu,54-р,2026-01-29,3680,8b7dd1a5ca81bfc43cafb40c90136f85,True,4
amcu:8080,amcu,535-р,2018-10-10,3233,3217d4dde06dde44c4c7933ba320768a,True,3
amcu:8081,amcu,536-р,2018-10-10,3028,b88b950d472df83858b1bb254ff0c68b,True,3
amcu:8082,amcu,537-р,2018-10-10,3196,317e0e940a481353b89da3b1fa786060,True,3
amcu:8083,amcu,539-р,2018-10-10,14470,e978c0adb26f8e85992f6ef316754043,True,14
amcu:8084,amcu,538-р,2018-10-10,15258,cc7b726b7958ea10b6519e28985cba38,True,15
amcu:8085,amcu,540-р,2018-10-10,18659,9e76d5f7c8ee168b3a697f94c88ce5f5,True,19
amcu:8086,amcu,541-р,2018-10-10,26440,94446d30f71afff10bda4136c3eb62d9,True,26
amcu:8087,amcu,543-р,2018-10-10,14918,fbb5de4be42cdf5eca084fcc27ad9ccd,True,15
amcu:8088,amcu,531-р,2018-10-10,4440,9974f98c4291dc0afee0c6a226088e2e,True,5
amcu:8089,amcu,532-р,2018-10-10,2976,2a7b2dcfdcf64a551f6e0183af6bff19,True,3
amcu:809,amcu,55-р,2026-01-29,3378,0d5c0ed0170a9ab9c7720fe0d8a76951,True,3
amcu:8090,amcu,534-р,2018-10-10,3096,58dfaec83ad2c77bb6bb3b3b51d65d62,True,3
amcu:8091,amcu,527-р,2018-10-10,2325,7fbe7b7dd4fb57f94b4c35fef7cf030f,True,2
amcu:8092,amcu,528-р,2018-10-10,2425,800df7938a9662fcc591b51b79610d4e,True,2
amcu:8093,amcu,529-р,2018-10-10,2024,25c79a98ff4fa01125fb10644c58c9aa,True,2
amcu:8094,amcu,530-р,2018-10-10,3161,fcc13c82f90d4ac2f1fa6e117dbc0fea,True,3
amcu:8095,amcu,533-р,2018-10-10,3048,6c086d11fc70b836f48597f2d5b8682c,True,3
amcu:8098,amcu,10-рк,2018-10-16,24351,800284834b4a3707c0da0376543977c6,True,24
amcu:8099,amcu,11-рк,2018-10-16,17046,258deca8e3efc19a81fd8ca36c4d7603,True,17
amcu:81,amcu,990-р,2025-12-18,3276,e6fc2975acd78f97ea706637f13c4f22,True,3
amcu:810,amcu,56-р,2026-01-29,3302,bdc46e7cac3bd775a1de90c0d97c2141,True,3
amcu:8100,amcu,12-рк,2018-10-16,16522,7e9878a6ae92091bc3b8bfe88940ae00,True,17
amcu:8101,amcu,13-рк,2018-10-16,16054,b77167bc593d9dcba16435f65516aa6d,True,16
amcu:8102,amcu,14-рк,2018-10-16,16588,0bc2a48c60dd25861e0c186b4d24cb17,True,17
amcu:811,amcu,57-р,2026-01-29,2409,d60c8bee880d6f345acd5704da3f617f,True,2
amcu:812,amcu,58-р,2026-01-29,2223,59bae060e49c1105ac3f40f5a4bd231f,True,2
amcu:813,amcu,59-р,2026-01-29,3349,546a72f1f1b7b2c1204276bfbd0000ab,True,3
amcu:814,amcu,60-р,2026-01-29,3349,1d1f23950aaef35447cfcbc4cd598c68,True,3
amcu:815,amcu,61-р,2026-01-29,3349,c0481735a3b1b5a66660a6cc19ecc568,True,3
amcu:816,amcu,62-р,2026-01-29,3343,9857bd8950a9c603350e7d6c3644df5a,True,3
amcu:817,amcu,63-р,2026-01-29,3343,7702b83fb9c3e66f46e87b5418480f32,True,3
amcu:818,amcu,64-р,2026-01-29,3344,a6f3c778e78ee5f468a26774d2419a5e,True,3
amcu:819,amcu,65-р,2026-01-29,3343,4764cc26238103da10af2c29dff99c99,True,3
amcu:82,amcu,991-р,2025-12-18,3279,803567dd8c9972c789e9f46d723c4a02,True,3
amcu:820,amcu,66-р,2026-01-29,3373,15775d6f396127bc33e7deb9f9860e3a,True,3
amcu:821,amcu,67-р,2026-01-29,3373,c4da3514232347e30eb8416da4c4b702,True,3
amcu:822,amcu,68-р,2026-01-29,3374,7215a16eca7e6fababbcb509e21a6a1d,True,3
amcu:823,amcu,69-р,2026-01-29,3373,247b34e5c2712bf13bc3c3d528e31ebf,True,3
amcu:824,amcu,70-р,2026-01-29,3374,c22cab4cfca7a82b313cd8047cf32557,True,3
amcu:825,amcu,71-р,2026-01-29,3374,809c74cfb121fb8ca410e14658cb8dad,True,3
amcu:826,amcu,72-р,2026-01-29,3374,43a5979a76bfa440f831fb8d25eda545,True,3
amcu:827,amcu,73-р,2026-01-29,3374,5eed5ad5c97df62b2ce13e44b9caa770,True,3
amcu:828,amcu,74-р,2026-01-29,3375,97105d20897f854cb72718a0c70b8092,True,3
amcu:829,amcu,75-р,2026-01-29,3397,43a540e927434b2ff70573f74d76146a,True,3
amcu:83,amcu,992-р,2025-12-18,3276,33dae036c936bf07a14b8c37fac1278e,True,3
amcu:830,amcu,76-р,2026-01-29,3334,5001e5ce6bfeab66c19488bb368b0475,True,3
amcu:831,amcu,77-р,2026-01-29,3350,e00916e5b638a2093d4ebd9a9836667c,True,3
amcu:832,amcu,78-р,2026-01-29,3349,bd6f02739152fd0b55bb85abee35cb5b,True,3
amcu:833,amcu,79-р,2026-01-29,3350,9d15537ba66cf301134355e829953ac2,True,3
amcu:834,amcu,80-р,2026-01-29,3349,ef1adf7029fd000c513f709f1714c60d,True,3
amcu:835,amcu,81-р,2026-01-29,3349,03666b9f4f2df278c634e6998302a6bf,True,3
amcu:836,amcu,82-р,2026-01-29,3349,82e583cc6594ddd96ba06911cc506d9c,True,3
amcu:837,amcu,83-р,2026-01-29,3349,0f2bf7677cb540a3d2ff86ff9f312a2a,True,3
amcu:838,amcu,84-р,2026-01-29,3349,202c649211e00f4f09efc575570dd27a,True,3
amcu:839,amcu,85-р,2026-01-29,3350,10795b0998c06673fe7bfe9d3c4a72d1,True,3
amcu:84,amcu,993-р,2025-12-18,3276,e9f413a8098b52c141b844872341110a,True,3
amcu:840,amcu,86-р,2026-01-29,2405,fc03cc0a085721e8e0d469df1af1c7f1,True,2
amcu:841,amcu,87-р,2026-01-29,2766,3fcbc106b9099ab0e6dd0cb05ed619bd,True,3
amcu:842,amcu,88-р,2026-01-29,2767,6b9182a8d6eef1318acfdfb615ad7cfe,True,3
amcu:843,amcu,89-р,2026-01-29,2772,462ca040023cb8567d45305b81810afa,True,3
amcu:844,amcu,90-р,2026-01-29,2772,e4f236f4e167d8a233db14b3979ab7ae,True,3
amcu:845,amcu,91-р,2026-01-29,2780,ad2332151b06fbc42f0aed596820dcc6,True,3
amcu:846,amcu,92-р,2026-01-29,2754,28a073b2418156a8700893538495e5ed,True,3
amcu:847,amcu,93-р,2026-01-29,2754,3d619133d29743c3aea57d436926bd62,True,3
amcu:848,amcu,94-р,2026-01-29,2768,ead559614b2d539c9a43eaf1fbf40ea9,True,3
amcu:849,amcu,95-р,2026-01-29,2766,21ec195648b5e63a42459c6b9d904a21,True,3
amcu:85,amcu,994-р,2025-12-18,3278,52f8f9448b2a6185bfc592e264d211bd,True,3
amcu:850,amcu,96-р,2026-01-29,2766,f800958aea68f564f4b62be1497cd960,True,3
amcu:851,amcu,97-р,2026-01-29,2768,80073cbc3a226ff400618ca3e1ad0654,True,3
amcu:852,amcu,98-р,2026-01-29,2778,6e25a1fa9acf97835a0649c3260d17e8,True,3
amcu:853,amcu,99-р,2026-01-29,2768,9581d51980023076a6e39240e46c6865,True,3
amcu:854,amcu,56-р,2022-02-03,4877,d660fb0de76bcd6a4aaf4f98b2a364b1,True,5
amcu:8543,amcu,395-р,2018-08-16,3050,45d6ea369872e8eeae9b0356ab45053e,True,3
amcu:8544,amcu,396-р,2018-08-16,2981,f2923fbf201829a937a20d0ed774a31d,True,3
amcu:8545,amcu,397-р,2018-08-16,2845,e3d3471276bf594d8e1405230d44bd20,True,3
amcu:8546,amcu,398-р,2018-08-16,3635,3659b04cf048537b32db263e05132d5d,True,4
amcu:8547,amcu,399-р,2018-08-16,3366,513a43cc5b0a6365d62c8adba7bb70af,True,3
amcu:8548,amcu,400-р,2018-08-16,19704,350a96a5a1dd2eba946d59c79e5cfecd,True,20
amcu:8549,amcu,401-р,2018-08-16,18772,6bd02fc1cb79cdd63105a3e7e3b06820,True,19
amcu:855,amcu,57-р,2022-02-03,2833,09a6893fca0c85a6a32a2b706928cbcc,True,3
amcu:8550,amcu,402-р,2018-08-16,5908,7aaa8013ad2651dfb6b31aaa0439b20a,True,6
amcu:8551,amcu,403-р,2018-08-16,9420,521c1f48f9850cb67f704e2ce5621de8,True,9
amcu:8552,amcu,404-р,2018-08-16,111350,dc9ebf349ffdc98b179bb7ef1f98cb2a,True,109
amcu:8553,amcu,405-р,2018-08-16,29817,33d6fe76128025b5cda11e898e152b07,True,29
amcu:8554,amcu,406-р,2018-08-16,15203,b4d45657109be0c11873156a675855b0,True,15
amcu:8555,amcu,407-р,2018-08-16,31440,7f9b1622ad91ca4deee9f7ac873af04b,True,31
amcu:856,amcu,58-р,2022-02-03,3394,8d46b52bc9d890785af465d24b64721e,True,3
amcu:857,amcu,59-р,2022-02-03,2869,3755bdae7e45d0fe190d400eff7fab87,True,3
amcu:858,amcu,60-р,2022-02-03,4319,0361764eb47dc628cb3706c952c97167,True,4
amcu:859,amcu,61-р,2022-02-03,8961,b0537de1cb496d070e9428f496c21591,True,9
amcu:86,amcu,995-р,2025-12-18,3308,31ce8ef69050d700953dcd7bbed9bcc9,True,3
amcu:860,amcu,62-р,2022-02-03,2495,4792c26de6c9bff49514932edaaa3d7f,True,3
amcu:861,amcu,63-р,2022-02-03,2493,8aa1b9c3cc4f8c4b9aa191e5bfcba07e,True,3
amcu:862,amcu,64-р,2022-02-03,2498,34deaec53f08e307c23b050f4cc71a6f,True,3
amcu:863,amcu,65-р,2022-02-03,2509,a112c8c8b4e3d74e447694a5f2850fd2,True,3
amcu:864,amcu,66-р,2022-02-03,2494,8a7d1744377aa4c82f7202b585cca38a,True,3
amcu:865,amcu,67-р,2022-02-03,2503,6a70f09b691922ecaa50f62e41417c70,True,3
amcu:866,amcu,68-р,2022-02-03,2482,864617f68ab3d389c653046200c841a6,True,3
amcu:867,amcu,69-р,2022-02-03,2476,f8e73385463798178a88032f9272b01c,True,3
amcu:868,amcu,70-р,2022-02-03,2495,9f5786adfd11c20a3370b307de400646,True,3
amcu:869,amcu,71-р,2022-02-03,2481,2823dbf552d40e7f88230326a13b27f5,True,3
amcu:87,amcu,996-р,2025-12-18,3288,3ba25a4f4707d00769e2d3b7cbffb29a,True,3
amcu:870,amcu,72-р,2022-02-03,4314,4be5aa6acd646272f1fa230d30827f44,True,4
amcu:871,amcu,73-р,2022-02-03,3304,01fb889fb106e166f8b5b3ebcc1b3dc7,True,3
amcu:872,amcu,74-р,2022-02-03,5970,43bfc9da30bd10405bfcf0e5895f7fcf,True,6
amcu:873,amcu,75-р,2022-02-03,3753,5ed6ca37e30484125ca39823f5f48334,True,4
amcu:874,amcu,76-р,2022-02-03,5698,2672f9ba5a0dd35d3c550ea564f8acbc,True,6
amcu:875,amcu,77-р,2022-02-03,31547,42378db0bdfaade8da383a470339a0b2,True,32
amcu:876,amcu,78-р,2022-02-03,14830,20531ecab650f3e793b806316bf4e2c3,True,15
amcu:877,amcu,79-р,2022-02-03,6653,23560e65409b8d8b04df8a50d5d84b9c,True,7
amcu:878,amcu,80-р,2022-02-10,3540,60ef75ee777aad43006bc08da08ba8af,True,4
amcu:879,amcu,81-р,2022-02-10,4065,5925c540bc2fb9ddfad2f5387214e248,True,4
amcu:88,amcu,997-р,2025-12-18,3290,9be42492b1b8ff28f7712774985502d2,True,3
amcu:880,amcu,82-р,2022-02-10,3387,fee01a64ccdee830e8ef53e353acfa05,True,3
amcu:881,amcu,83-р,2022-02-10,4371,62ac237f081b7b8ff4c5f8fee49269fc,True,4
amcu:882,amcu,84-р,2022-02-10,3872,146e7abbfc18029048828af1ee4c8fda,True,4
amcu:883,amcu,85-р,2022-02-10,16506,4425a5668620de67cc0c00c45b2f6d0a,True,16
amcu:884,amcu,86-р,2022-02-10,79822,78bdb307c8cbc1a465ed266c6e759b37,True,79
amcu:885,amcu,87-р,2022-02-10,74986,4e93505c24cc7e073ea5401c57965d41,True,74
amcu:886,amcu,88-р,2022-02-10,8893,a86dea6ea962efa01dc80f820ec716ee,True,9
amcu:887,amcu,89-р,2022-02-24,4110,8aeacc439c00b31800cc97cf9bae0658,True,4
amcu:888,amcu,90-р,2022-02-24,2656,52e7e669dc982f738dca970511ff8162,True,3
amcu:889,amcu,91-р,2022-02-24,3055,b99a43186d3091cf4a9682fcc9540a5c,True,3
amcu:89,amcu,998-р,2025-12-18,3282,faba6388f9556443593ff7d81d31c325,True,3
amcu:890,amcu,92-р,2022-02-24,77866,f2bc88cca384d765c6e61bd242e41678,True,77
amcu:891,amcu,112-р,2026-02-05,3551,0507e62880ec85a12f2e45c5818ae567,False,0
amcu:892,amcu,113-р,2026-02-05,2857,60edee6c20bcb5fd53d143385d71d425,False,0
amcu:8929,amcu,514-р,2018-09-27,14447,29281b98b62779487058c15381d0a596,True,14
amcu:893,amcu,114-р,2026-02-05,3114,fda7b1e83e1cae832f834a06fed973a6,False,0
amcu:8930,amcu,508-р,2018-09-27,38489,d6266e9701120b81519e785285f1e40c,True,37
amcu:8931,amcu,523-р,2018-09-27,27304,7dd3baa2bfb140693d2c14f2672dc973,True,27
amcu:8932,amcu,509-р,2018-09-27,2651,ebc283d0d2082b119d885b8f99fb64b1,True,3
amcu:8933,amcu,510-р,2018-09-27,2563,c6d17209328e068d028b8372dd4ac8bd,True,3
amcu:8934,amcu,511-р,2018-09-27,2391,ed9cf78713c0e7110876a6e44db39de9,True,2
amcu:8935,amcu,512-р,2018-09-27,6100,adc0fb2877d79ac30fa7ee171928dbe9,True,6
amcu:8936,amcu,513-р,2018-09-27,2562,3d05e459d33339d6dd67f7f2ccc47b39,True,3
amcu:8937,amcu,515-р,2018-09-27,44760,6b4bc41eac7c62a9c96d967e19bf72a4,True,45
amcu:8938,amcu,516-р,2018-09-27,14406,ad3123b6699a08fbd0c17383c07fe884,True,14
amcu:8939,amcu,517-р,2018-09-27,19118,9c61348df67ad1863f7d87cc93d6ed40,True,19
amcu:894,amcu,115-р,2026-02-05,3317,d2f9d154d1e672887b8be0988975fa87,False,0
amcu:8940,amcu,519-р,2018-09-27,21190,95bd008b4aad1b412c416ffd4edcbfd2,True,21
amcu:8941,amcu,518-р,2018-09-27,18363,3db2cbf7f2879a9698f46712680a6137,True,18
amcu:8942,amcu,521,2018-09-27,24021,bf8e0ee95477cf18a0e6a79e98c4b470,True,24
amcu:8943,amcu,522-р,2018-09-27,18256,adc037af78167e98caee6edf0bec1791,True,18
amcu:8944,amcu,524-р,2018-09-27,17975,acbf9181426ac9166b389561f95d87a9,True,18
amcu:8945,amcu,520-р,2018-09-27,28934,c8f50e3503cd2348bb3b4c2c6bd88a48,True,28
amcu:895,amcu,116-р,2026-02-05,4044,65d295d3c395497f48c8a6f3993f0dd6,False,0
amcu:896,amcu,117-р,2026-02-05,3130,c967fffed18b2e92ff16fd8b78431364,False,0
amcu:897,amcu,118-р,2026-02-05,3594,231b000e784a3bfc98b52e050de2884b,False,0
amcu:898,amcu,119-р,2026-02-05,2827,c0829671a770cdfb4c4836895f0a60db,False,0
amcu:899,amcu,120-р,2026-02-05,2765,efeba568f694953945d3c77087312719,False,0
amcu:9,amcu,928-р,2025-12-04,2085,c14a0c75b28fbe0e0cb0a32fc5c03003,True,2
amcu:90,amcu,999-р,2025-12-18,3282,0bd4732487a36ca5183cb0a292d36de5,True,3
amcu:900,amcu,121-р,2026-02-12,3289,25b41e17c9d9d46c66ed7e6806bc6d83,False,0
amcu:901,amcu,122-р,2026-02-12,3259,9a95c1ad6162ed6b69ea819296055089,False,0
amcu:902,amcu,123-р,2026-02-12,2830,435c8b431eb3853e6da26fb46758b070,False,0
amcu:903,amcu,124-р,2026-02-12,10127,1092e7774d39cce998697bb394c173ba,False,0
amcu:904,amcu,125-р,2026-02-19,3274,c5282ad45bb6d4195af84f289f06d34b,False,0
amcu:905,amcu,126-р,2026-02-19,3337,f5a6d2188df3999e39dee25daabbedc1,False,0
amcu:906,amcu,127-р,2026-02-19,3280,13cbc75216f932c1d091282857ff1a36,False,0
amcu:907,amcu,128-р,2026-02-19,3290,b9334a06e116487bd06b7a3f51ff2af2,False,0
amcu:908,amcu,129-р,2026-02-19,3343,a0037d35de78f4b1418f73861d5825fc,False,0
amcu:9082,amcu,417-р,2018-08-30,2244,8791ec561864c1ff4b14dbcfb37406f2,True,2
amcu:9083,amcu,418-р,2018-08-30,4064,1535d2c6976159a7434a3899bff0365b,True,4
amcu:9084,amcu,419-р,2018-08-30,5530,7c2ed2ef8c78acd4d8cd171c79b7b310,True,5
amcu:9085,amcu,420-р,2018-08-30,5681,29abe82cb5d100e3bd4f443bb6003921,True,6
amcu:9086,amcu,421-р,2018-08-30,3981,5b2315c915eb1d3e6f4649fdaa45dd0c,True,4
amcu:9087,amcu,422-р,2018-08-30,4020,730fe4f32e07f5cfb1aba733172d0183,True,4
amcu:9088,amcu,423-р,2018-08-30,14780,bfde46285ebe0dd095a3c26bff8f1ac9,True,15
amcu:9089,amcu,424-р,2018-08-30,20088,8d0cfec506fd9a456cccc08f4461394a,True,20
amcu:909,amcu,130-р,2026-02-19,3330,391f1fa17467c305f7435d436f0d4ada,False,0
amcu:9090,amcu,425-р,2018-08-30,32258,3eb90a3ec3ea1b9adf036b3bf619f952,True,31
amcu:9091,amcu,426-р,2018-08-30,65611,e0fdc1c64071f7374f127a4ecc793fbf,True,65
amcu:91,amcu,1010-р,2025-12-24,3457,c19fe6b4e99f7f7c9c72ac82e2551974,True,4
amcu:910,amcu,131-р,2026-02-19,3296,f37f1faf111e694688099dfe0a73814a,False,0
amcu:911,amcu,132-р,2026-02-19,3307,bfdec7b9316d62a78db613f801f5fcb6,False,0
amcu:912,amcu,133-р,2026-02-19,2249,0f8937f5808228064ed0dba71f6fec92,False,0
amcu:913,amcu,134-р,2026-02-19,2221,8ed2ad4c1c79718fb6d8c93779cd8d6b,False,0
amcu:914,amcu,135-р,2026-02-19,2212,f61517ce30ef432fbd570ba661ac00d4,False,0
amcu:915,amcu,136-р,2026-02-19,2207,621ee649cd1367984d4ca5f5642287cb,False,0
amcu:916,amcu,137-р,2026-02-19,2212,945d835636def02b479c01d329c0375e,False,0
amcu:917,amcu,138-р,2026-02-19,2196,b6cc6156f7a98456b971f9a590f38082,False,0
amcu:918,amcu,139-р,2026-02-19,2292,1452c897c2d2a44a8c3ea3ea46fd8aeb,False,0
amcu:919,amcu,140-р,2026-02-19,2316,fc0c05b74a04769bdba7d014d8fc9607,False,0
amcu:92,amcu,1011-р,2025-12-24,3283,bfcfe4c589b6b6dca77a528a8f174b2b,True,3
amcu:920,amcu,141-р,2026-02-19,2322,4a9d95f2e8ff46bafa79b6a777a21b83,False,0
amcu:9205,amcu,726-р,2018-12-17,2043,58d648983bb8da41e82624a91aee16c6,False,0
amcu:9206,amcu,732-р,2018-12-17,7640,1866d7f6925f021ca0f027c644688d3a,False,0
amcu:9207,amcu,739-р,2018-12-17,19696,710ae1ecfadee3a05163b218fe87b13b,False,0
amcu:9208,amcu,733,2018-12-17,51996,347a77448aea530daab42c13aa172e74,False,0
amcu:9209,amcu,740-р,2018-12-17,43987,b2005ab04462be48554bea07b3b02601,False,0
amcu:921,amcu,142-р,2026-02-19,2347,8fe927ca31723d801ca522bbfe1a5b85,False,0
amcu:9210,amcu,734-р,2018-12-17,19364,f75b2fd9c9701625f6c3e60e48d2534e,False,0
amcu:9211,amcu,735-р,2018-12-17,18238,6e291b401b5ccfc6b1b6bb771e63bf63,False,0
amcu:9212,amcu,736-р,2018-12-17,24590,d0a2d6b89737875b78e8bc41cd2f95c9,False,0
amcu:9213,amcu,737-р,2018-12-17,41427,1317ccbc7448ebe49643e88419a53c96,False,0
amcu:9214,amcu,738-р,2018-12-17,31895,e3dffbc018605e440fdc298b59ab1bd8,False,0
amcu:9215,amcu,727-р,2018-12-17,2005,e0c7bdededb9a94788559fa74ff989db,False,0
amcu:9216,amcu,728-р,2018-12-17,1973,c371291698dc660d94715dcf9c8a5abd,False,0
amcu:9217,amcu,729-р,2018-12-17,2006,57546710324fdac16c6de6ae7d40ec28,False,0
amcu:9218,amcu,730-р,2018-12-17,2090,2ba405b5f2fc2b5d239c7c3058bd0ae7,False,0
amcu:9219,amcu,731-р,2018-12-17,4530,c09d73c4346510483c871477c162c23a,False,0
amcu:922,amcu,143-р,2026-02-19,2337,11375f2e214315cd91af762f2274a9d2,False,0
amcu:923,amcu,144-р,2026-02-19,2315,6f908d64b7890eaaa66e48138f0aadb4,False,0
amcu:924,amcu,145-р,2026-02-19,2295,cf1e8598e9ae9cdbafec010f579ab5db,False,0
amcu:925,amcu,146-р,2026-02-19,2302,7cb6e85e3fa719f1044f05bd346ce85d,False,0
amcu:926,amcu,147-р,2026-02-19,2317,fe9cf5a351664352c6083aa9590361a3,False,0
amcu:927,amcu,148-р,2026-02-19,2184,17782b1cd1533c5843cff7c98b23f5ff,False,0
amcu:928,amcu,149-р,2026-02-19,2182,b21cbc703859b00128071943df54e671,False,0
amcu:929,amcu,150-р,2026-02-19,2183,73b11cb3f390a5846ff2c983e256269c,False,0
amcu:93,amcu,1012-р,2025-12-24,3835,30c097380ef14491da6211f9160a134a,True,4
amcu:930,amcu,151-р,2026-02-19,2183,2c0d1fe9c29892fa262709eba5b37e23,False,0
amcu:931,amcu,152-р,2026-02-19,2183,c0d956b6ee42e835ddc14687e54f3ca1,False,0
amcu:932,amcu,153-р,2026-02-19,2183,20c3f49bbf3444e0e0c76ae6a022af2b,False,0
amcu:933,amcu,154-р,2026-02-19,2182,b8f7504179b2d23acb2b5b051f974728,False,0
amcu:934,amcu,155-р,2026-02-19,2183,7a7a6d5e90e81a9ef7e03f9a571a42f3,False,0
amcu:935,amcu,156-р,2026-02-19,2191,68bce80a68fbb43a70d84f2916709042,False,0
amcu:9354,amcu,688-р,2018-12-06,30598,62f02ae3986ac34b2d14c64fe40eedd8,False,0
amcu:9355,amcu,701-р,2018-12-06,53064,6a59cf08e9564a430f08e21a61b3c854,False,0
amcu:9356,amcu,696-р,2018-12-06,23024,4e90ee785db6c4391d9d4af5852fbfc6,False,0
amcu:9357,amcu,697-р,2018-12-06,19268,d0ab9b43eb07839af2f44b933c6389ab,False,0
amcu:9358,amcu,690-р,2018-12-06,34091,01edba7cd38781bde5e57e3cc35b85cb,False,0
amcu:9359,amcu,699-р,2018-12-06,24161,075e539c386273af59d6072a0af91671,False,0
amcu:936,amcu,157-р,2026-02-19,2193,1dc8861fd901f6ca5323defa509b2ca2,False,0
amcu:9360,amcu,689-р,2018-12-06,29474,f6b217e0aeae06925a9afedc71acebaa,False,0
amcu:9361,amcu,691-р,2018-12-06,37710,8d7b21f00ab1625cad6a6487f0047566,False,0
amcu:9362,amcu,692-р,2018-12-06,53665,b822ddf0ec74006ef4538af43c808dea,False,0
amcu:9363,amcu,695-р,2018-12-06,21475,d69cee750554e2296eead950e0b1ac2a,False,0
amcu:9364,amcu,698-р,2018-12-06,17277,86fe1269c3ca1a977b4c8edd01143657,False,0
amcu:9365,amcu,700-р,2018-12-06,28553,76c8d263f09a22b3b2fed49b28032996,False,0
amcu:9366,amcu,687-р,2018-12-06,5864,be72706bf3496351c9bb7a78b0942ec4,False,0
amcu:9367,amcu,693-р,2018-12-06,15548,b3377c94084f4cd9818ac3e8594052f0,False,0
amcu:9368,amcu,694,2018-12-06,15489,a4c2d8352bc67c190df29afbde02c49f,False,0
amcu:937,amcu,158-р,2026-02-19,2351,9fc311d0c5b3207bf051a98a2c989007,False,0
amcu:938,amcu,159-р,2026-02-19,2316,ef44ee9973fea1f5254108dc3c19c8c1,False,0
amcu:939,amcu,160-р,2026-02-19,2413,4d1a7e309bc304910a16bbb622b7172d,False,0
amcu:94,amcu,1013-р,2025-12-24,3998,0f9bbac2213845acb1ff453d632231dc,True,4
amcu:940,amcu,161-р,2026-02-19,2417,e3437fa435caa19aaa923f24f76d836d,False,0
amcu:941,amcu,162-р,2026-02-19,3153,57818286b40655ad94174d28f63e20e8,False,0
amcu:942,amcu,163-р,2026-02-19,4450,cf0c9d2a5347e576ccb8940897d4a832,False,0
amcu:943,amcu,164-р,2026-02-19,3717,99edc1184e02dc0757e5403c503f1667,False,0
amcu:944,amcu,165-р,2026-02-26,3092,46dd7dd67f383a60b6c79dadfe6d5a90,True,3
amcu:945,amcu,166-р,2026-02-26,3099,d9beaca0027cbd2ec1a4040a6b6ccfa5,True,3
amcu:946,amcu,167-р,2026-02-26,3339,a6b3b879f57e47857578ee15133a0272,True,3
amcu:947,amcu,168-р,2026-02-26,3340,26d8b08ee0eb51e71c30a0532d74bf8f,True,3
amcu:948,amcu,169-р,2026-02-26,3339,b785e5fb77bac7da9fb65ac64158798c,True,3
amcu:949,amcu,170-р,2026-02-26,3340,bb03d08418f7292526590e6fbdfb2c2c,True,3
amcu:95,amcu,1014-р,2025-12-24,3965,02c661f933fa57edc31965265acc1a6d,True,4
amcu:950,amcu,171-р,2026-02-26,3347,29695b461412755ba8669a49829002b2,True,3
amcu:951,amcu,172-р,2026-02-26,3341,440c39f5e6cba594a52f405a38b30a7c,True,3
amcu:952,amcu,173-р,2026-02-26,3340,567bb17b0285ac7e7378c7cbc46b73c0,True,3
amcu:953,amcu,174-р,2026-02-26,3340,3ad3f19c1c8ce720b43efefcad154bce,True,3
amcu:954,amcu,175-р,2026-02-26,3341,ed03f6be5242936460fa07e376d50b97,True,3
amcu:955,amcu,176-р,2026-02-26,3364,715b2e300ea16b8d44e6c5bcf57f29a4,True,3
amcu:956,amcu,177-р,2026-02-26,3364,c8dd4a738e66515e1f02414150d3a95d,True,3
amcu:957,amcu,178-р,2026-02-26,3410,d884fe5b5612f4b218434ab089f20e55,True,3
amcu:958,amcu,179-р,2026-02-26,3340,0b93f3e5dbc18994e4f7fcdaacf5b0a1,True,3
amcu:959,amcu,180-р,2026-02-26,3333,134f0167316889b4e7f77c0393b61750,True,3
amcu:9598,amcu,562-р,2018-10-18,3268,984821d32a3b5f00e0fd1a4ad8afedfe,True,3
amcu:9599,amcu,556-р,2018-10-18,5051,d051e57d1d1dc20de87fd179dcbd2318,True,5
amcu:96,amcu,1015-р,2025-12-24,4003,4974dda19766ec2be6fd41849bb3c638,True,4
amcu:960,amcu,181-р,2026-02-26,3333,fa8ed7234f01dd9426c05f23058c513a,True,3
amcu:9600,amcu,564-р,2018-10-18,23933,f63a36d0635de40b1192ccc4530dcbee,True,24
amcu:9601,amcu,550-р,2018-10-18,2690,a94aa7c0b714548a9845a39a0e8d25e3,True,3
amcu:9602,amcu,551-р,2018-10-18,2689,9cec1d3f721cac117245b337922f7ff0,True,3
amcu:9603,amcu,561-р,2018-10-18,3885,b5cdc474bd7c66755f8e8127082d7e6b,True,4
amcu:9604,amcu,563-р,2018-10-18,12845,9a0c594e7e25d9d4c854bb5a311cf01e,True,13
amcu:9605,amcu,559-р,2018-10-18,5060,eb865439106f1f47c5ab3e5a4df93fe7,True,5
amcu:9606,amcu,552-р,2018-10-18,2288,6fe9611a7bb5fd6d20222f1c785a0561,True,2
amcu:9607,amcu,553-р,2018-10-18,2067,0503550caa7e33c4e6c17b867f8ae4ec,True,2
amcu:9608,amcu,554-р,2018-10-18,2118,2bed2fb39ff9672e3560cf03d9d88201,True,2
amcu:9609,amcu,555-р,2018-10-18,2123,98d32b5e51f453560a6fbd5c55256049,True,2
amcu:961,amcu,182-р,2026-02-26,3333,0e536efb20091731b8c0d49471d583b1,True,3
amcu:9610,amcu,549-р,2018-10-18,2135,0cf599a21628bb94e7b4f7cc57d5f69b,True,2
amcu:9611,amcu,557-р,2018-10-18,4762,73aa11597fc38602a0f966b49f2034d9,True,5
amcu:9612,amcu,558-р,2018-10-18,4245,3f71a6bcf06617ace14e305907874f35,True,4
amcu:9613,amcu,560-р,2018-10-18,2876,70ba4402f742a0a683c36600daf780e9,True,3
amcu:962,amcu,183-р,2026-02-26,3366,e39886bbba502bd7f9ef37590af4f822,True,3
amcu:963,amcu,184-р,2026-02-26,3365,aef5504184b87eb3a4e8839316ef3624,True,3
amcu:964,amcu,185-р,2026-02-26,3365,6467e10f086b210794050bacdc8f570e,True,3
amcu:965,amcu,186-р,2026-02-26,3365,bdc532965008e6e2949663a69d9dbecc,True,3
amcu:966,amcu,187-р,2026-02-26,3345,e8940987f8208f70d19616cb6b0885d5,True,3
amcu:967,amcu,188-р,2026-02-26,3347,1958ea11044327cbaa0aa151b4442fe7,True,3
amcu:968,amcu,189-р,2026-02-26,3347,427b522648c2a80d906e80e7708ba936,True,3
amcu:969,amcu,190-р,2026-02-26,3347,4e9c87208be9ca3406abf3fcdd3b3d17,True,3
amcu:97,amcu,1016-р,2025-12-24,3051,9d9935e60499294ad6136c2672a98db7,True,3
amcu:970,amcu,191-р,2026-02-26,3334,add26dc7275fd5bf0c88928aa7c45c36,True,3
amcu:971,amcu,192-р,2026-02-26,3335,1ab4dd80f7f213533e9bbf519a778641,True,3
amcu:972,amcu,193-р,2026-02-26,3335,de0928956b664625c28f332b8c8d078a,True,3
amcu:973,amcu,194-р,2026-02-26,3335,8b5eeed1a23385b8d2983d2d745931a6,True,3
amcu:974,amcu,195-р,2026-02-26,3335,1c26e4aab850707509a41ccde9f49a3e,True,3
amcu:975,amcu,196-р,2026-02-26,3347,c13cd5bf030a53056a81679681f09d34,True,3
amcu:976,amcu,197-р,2026-02-26,3348,98dccdc814ed6ce3810680b313116dd9,True,3
amcu:977,amcu,198-р,2026-02-26,3346,4cdf28885c64faf3506f2242d3dbb840,True,3
amcu:978,amcu,199-р,2026-02-26,3347,d6e01a6c1220e44c496c6fe543582344,True,3
amcu:979,amcu,200-р,2026-02-26,3348,f0d22478a11c345e2b24fbeaa703e6a6,True,3
amcu:98,amcu,1017-р,2025-12-24,3170,54ef302b5bd62bbe0f727563ba0c7e64,True,3
amcu:980,amcu,201-р,2026-02-26,3341,f53c69fe74f82fff4205ae3189f9a27a,True,3
amcu:981,amcu,202-р,2026-02-26,3341,19c7bbdfea3e8ab44b5883a7cfe23599,True,3
amcu:982,amcu,203-р,2026-02-26,3342,e7a3cac307ea1312765722cdf713e396,True,3
amcu:983,amcu,204-р,2026-02-26,3342,4e28f2505cd2cae969139aff6a8ad697,True,3
amcu:984,amcu,205-р,2026-02-26,3379,3830c054240cf678cf4dda97e88ef7a3,True,3
amcu:985,amcu,206-р,2026-02-26,3341,154bc258339f8a12bd3e4cc6bebd0c05,True,3
amcu:986,amcu,207-р,2026-02-26,3359,78a075029f84a17c7c135f80a5e4f900,True,3
amcu:987,amcu,208-р,2026-02-26,3359,5d68cccdcc0429703be2ab53e5b916fc,True,3
amcu:988,amcu,209-р,2026-02-26,3359,685e6f23fb29a1b4005525507a0773f7,True,3
amcu:989,amcu,210-р,2026-02-26,3359,14f6e8e424d8c095bcda258072dad370,True,3
amcu:99,amcu,1018-р,2025-12-24,3278,42b92d2e9fdca306a68cf7c7c455fb58,True,3
amcu:990,amcu,211-р,2026-02-26,3359,e9f3ce6e9510844d9cfa236111bd147d,True,3
amcu:991,amcu,212-р,2026-02-26,3326,287b58063d7657785373edd28bac3908,True,3
amcu:992,amcu,213-р,2026-02-26,3327,3836df8e997c1cecaf0d7fdaf9054e88,True,3
amcu:9920,amcu,415-р,2018-08-23,14837,f8e6ab95bdd255c04954fd000859a3be,True,15
amcu:9921,amcu,414-р,2018-08-23,55899,97aabba6ece2707a21df744a0406690b,True,54
amcu:9922,amcu,408-р,2018-08-23,6693,273a3a6c35a47b7ac00f54045a77fcf3,True,7
amcu:9923,amcu,409-р,2018-08-23,3411,88d51cfb2a317b5805fbc8ea55864d24,True,3
amcu:9924,amcu,412-р,2018-08-23,15908,0e726b96a357fd6f8cc27733f36e8b91,True,16
amcu:9925,amcu,413-р,2018-08-23,15953,390213d60358ae55eb691a3f09f6b403,True,16
amcu:9926,amcu,416-р,2018-08-23,14175,f25b950d1c33bff8e9f33ace7e4cab64,True,14
amcu:9927,amcu,411-р,2018-08-23,28885,22c4fa98fe8a5646febc82750270ff1d,True,29
amcu:9928,amcu,410-р,2018-08-23,16761,cf071b1bdc1d24d5548fb5c8240e7f03,True,16
amcu:993,amcu,214-р,2026-02-26,3328,9de022a747daf4e45429eca802ad22ed,True,3
amcu:994,amcu,215-р,2026-02-26,3327,5001b5b5dfe238cb960b96f2589fc145,True,3
amcu:9943,amcu,758-р,2018-12-20,5674,b169f5a4ce728a8d2853e110f93bd872,False,0
amcu:9944,amcu,755-р,2018-12-20,2221,eaf6498ccf750594fb9626267285c7cb,False,0
amcu:9945,amcu,,2018-12-20,2893,83dd38c7fc9aac2b9bb0271f8fc28dca,False,0
amcu:9946,amcu,742-р,2018-12-20,2101,8916db8f8c3127209b6110f6276ee992,False,0
amcu:9947,amcu,743-р,2018-12-20,1947,46f689a501ba7505b159574953d1b480,False,0
amcu:9948,amcu,744-р,2018-12-20,2152,897251369d3985bad68ab0f0c51388b9,False,0
amcu:9949,amcu,745-р,2018-12-20,2221,d644e15c2148b23b8dd526c0c27e3e55,False,0
amcu:995,amcu,216-р,2026-02-26,3327,80d4afc896e20be85ac02922f0dc2604,True,3
amcu:9950,amcu,746-р,2018-12-20,2030,f722b31156aa56632eba67a2e14db6b4,False,0
amcu:9951,amcu,747-р,2018-12-20,2033,15c494a1b7956d21e06dc8950de2fbe4,False,0
amcu:9952,amcu,750-р,2018-12-20,10888,b0369e1ee79dcadd9bf58aecc5a0b496,False,0
amcu:9953,amcu,751-р,2018-12-20,16821,b206732b1d0c1260a3587a59774e8a36,False,0
amcu:9954,amcu,756-р,2018-12-20,2229,9ba98970e860a7f4c5ee2d5f7c933c4e,False,0
amcu:9955,amcu,757-р,2018-12-20,2208,9e89f5fa18f0cc3836f42daa584baf48,False,0
amcu:9956,amcu,764-р,2018-12-20,13687,e80b53fad80019d86ede5e25f63dbe1e,False,0
amcu:9957,amcu,759-р,2018-12-20,24661,03e318921674fa905bc6dda88ffeec1e,False,0
amcu:9958,amcu,748-р,2018-12-20,67783,681e5bb470659a072bfd95a865db7893,False,0
amcu:9959,amcu,760-р,2018-12-20,20072,63c4125f2229b46a8c2f745777876fb0,False,0
amcu:996,amcu,217-р,2026-02-26,3403,ea056a98cef655231b608194fc4b9bf4,True,3
amcu:9960,amcu,762-р,2018-12-20,26841,8cfaa264479de04c0837856c09cc95fd,False,0
amcu:9961,amcu,763-р,2018-12-20,15287,6b6e01fd1a23c3a7160c051bac5e42f5,False,0
amcu:9962,amcu,765-р,2018-12-20,20914,852beacc17cdd82bb064a64665f975ae,False,0
amcu:9963,amcu,766-р,2018-12-20,25408,f8ee0020a126c3a18f3cac4fb8b12f03,False,0
amcu:9964,amcu,767-р,2018-12-20,20162,69e08758b7e796167da946779653d444,False,0
amcu:9965,amcu,768-р,2018-12-20,4007,286650a2ec7c15cbd587f468e1248dca,False,0
amcu:9966,amcu,749-р,2018-12-20,68721,290de3b264f220dafef798d0d13ed168,False,0
amcu:9967,amcu,754-р,2018-12-20,2298,ee1809106f950defa90b66c153e34738,False,0
amcu:9968,amcu,753-р,2018-12-20,2186,ec14247fa0ed69605a5f3882dcdacbdf,False,0
amcu:997,amcu,218-р,2026-02-26,3402,cc0b90bc936ebea6d8319aee2b07e1ef,True,3
amcu:998,amcu,219-р,2026-02-26,3404,66307ce6324d393e9d0d28327756e3f1,True,3
amcu:999,amcu,220-р,2026-02-26,3402,00900373f6cfba737346899e6109dfee,True,3
court:10002728,court,12/228-НМ,2010-04-13,50535,6cb0495ea8df90662afe683d90f4eb8e,True,51
court:100029084,court,742/2771/21,2021-09-29,17646,74ee18ef8f22ff77e29a917e328a40e8,True,18
court:100032377,court,910/3485/21,2021-09-26,28244,eb71f1e82790c6509ce28e30fbb8b802,True,28
court:100066917,court,910/9273/21,2021-10-03,25942,fce98a8a28e65b2247bdc51762692acd,True,26
court:10007684,court,8/29,2010-05-31,21546,73cba40a9b4ab7ab5a8a4e841f1e990a,True,22
court:100139564,court,910/2767/21,2021-09-06,29621,28887c152e0fb74cd05ca0e03a108e1b,True,30
court:100176193,court,910/8043/21,2021-10-05,23489,f5a79a1c6ebaff84312d0e8c2ea2d9b9,True,23
court:100178019,court,910/19251/20,2021-09-15,182066,c66a3dc9bec7e638340ff6f5ef3a2223,True,182
court:100239517,court,914/1479/21,2021-10-04,40330,2db9efb1e58c3203c07e85339adf18e8,True,40
court:100268683,court,904/4227/20,2021-09-26,132868,8fd85ab534b78097a5691ae46bc532c1,True,133
court:100269749,court,910/7549/21,2021-10-04,50664,06857a7ac455a8ae9d17474a3a2c56ba,True,50
court:100303573,court,910/5033/20,2021-10-05,167848,c4e990ab348f36e26bc326343605a6bf,True,168
court:100342592,court,604/919/21,2021-10-06,20468,2e82bc1749b99f664d93f5fda21bfed7,True,21
court:100356098,court,910/7923/21,2021-10-05,41628,de4715d7bcb8dbb4183a1fca92e22dd3,True,42
court:100357999,court,910/15766/20,2021-10-11,29957,96e353cb05bd4cb66761c1a04bb11121,True,30
court:100379445,court,459/2453/21,2021-10-12,21389,7cbca62cd3f3433153a80a7d4e128122,True,22
court:100379447,court,459/2452/21,2021-10-12,21303,d4284190e5f729e6d2101189f6019fb3,True,22
court:100379448,court,459/2439/21,2021-10-12,19154,76549c84c66fc33c47781cb2f4f19b7b,True,19
court:100379449,court,459/2438/21,2021-10-12,18926,a81aa2bf4e25e7bff75c624392716e16,True,19
court:100390402,court,914/969/21,2021-10-04,47063,3dfb0ec04db7c3f1240686d92805ae8e,True,45
court:100390514,court,910/7535/20,2021-09-21,53941,6127bac7a3dcc1079d474e084bcadc68,True,54
court:100394316,court,910/8212/21,2021-09-20,29404,66023b3b495c1e74a58955af3521deef,True,30
court:10047813,court,5/301-08нр,2010-06-21,24021,fe33133a38e18cc776b27b1807800823,True,24
court:100523271,court,910/15541/19,2021-10-18,28648,890403c958a4c0c1fe86d36646e9aae4,True,29
court:100541435,court,753/18146/21,2021-09-29,12782,829a93cb561098fd4bf99d5a4bc5619d,True,13
court:100578208,court,910/3347/21,2021-10-24,9395,98df99eb78fd4f5e674884d62a7fdef3,True,10
court:100578212,court,910/3300/21,2021-10-24,9219,aae1c3cb52979bd1ab13ac6d9af27341,True,9
court:10060207,court,13/85,2010-06-01,19327,578c5c1244cf9a468ab69bf5f3f3218d,True,20
court:100602277,court,753/18145/21,2021-10-21,7513,9293a07ae167aee45fd6c4dcdc3718f1,True,7
court:10061601,court,10/225-09,2010-06-09,13646,42bdc40d42da34b200bcd3ee5b8cf2f1,True,14
court:10066113,court,3/267-09,2010-03-21,39938,a422710c9e4dae20af86f3e3c9676c2b,True,40
court:10066300,court,3/268-09,2010-03-21,40848,39d28c5dd836d3189726400e54fe45da,True,41
court:100671732,court,910/3435/21,2021-10-11,39308,dfce0f0b502914fea54951bfb0128b5b,True,38
court:10067305,court,1/22н,2010-06-14,24386,d8f5760a60f090d89fc289eff9abb2db,True,24
court:10069490,court,3/268/09,2010-05-31,27394,15258624af60a299fd8ccdcf5bbb00bf,True,27
court:100732205,court,910/3320/21,2021-10-25,37001,3b54cb039801dddcb598026aa3d48461,True,37
court:100732240,court,910/9738/19,2021-10-10,129616,004e8c3828faaedcbc47deaaf1b14035,True,128
court:100772349,court,910/3449/21,2021-10-25,41628,d37aa7051f3859878513227db1222919,True,42
court:10081977,court,10/344-10,2010-06-20,46984,bac1e7aaaf3c9c438e3d0a21c4519700,True,47
court:100884696,court,904/4227/20,2021-11-07,11530,bfdc0a99b784a10faa0042c54cd82496,True,12
court:100916759,court,910/4801/20,2021-10-26,114868,55050860deef6366f5824c89a1e39d28,True,114
court:100918330,court,922/3641/21,2021-11-03,21149,f910a523a76912dbaf4f99720af75044,True,21
court:101026435,court,910/3215/21,2021-11-02,80757,94b6ecb957cc086be4ecd5dfe79a8bf9,True,81
court:101026436,court,910/12584/21,2021-11-02,58563,21fc3afd738b74bfacca092fd50b11ab,True,59
court:101061955,court,910/8155/21,2021-10-31,31476,73bcac08a8ac4d1f63a06c1f03a0ca02,True,31
court:101237819,court,910/1109/21,2021-11-16,62797,39b0d740cde299a92409a1566fb48f03,True,63
court:101306021,court,910/20850/20,2021-09-01,60276,e3f4f7b675da63a61aa7a7a006b07a64,True,60
court:10140156,court,13/49-10/30,2010-04-05,5589,8fc1e93f9467aec4c6da752bc397c525,True,6
court:101404903,court,910/15541/19,2021-11-15,21635,3281aae9ffb5345dafd735a3a42be74c,True,22
court:101471038,court,910/3359/21,2021-11-21,30229,a385404fb18d716b1f21531c01a3c2db,True,30
court:101554954,court,910/12464/18,2021-10-18,84862,1dbb3d1a5a766915db51e6ba56d53a8a,True,85
court:101810621,court,910/4799/20,2021-11-08,57994,2b58f016ac0589708a5526c99f840e33,True,58
court:101827249,court,910/8100/21,2021-12-05,70321,dd6c55b266e8d399b6d494b011a09dab,True,70
court:101873187,court,904/4227/20,2021-12-08,92416,cd2c97a75c2b972d6d36c2073d62b3f9,True,91
court:101968420,court,910/5082/20,2021-12-14,141310,9b7099eb724b456584cada82e3ecaf60,True,141
court:102056022,court,910/3480/21,2021-12-12,21571,4893ffb10bd382b1e9f64ef6df4283ee,True,22
court:102101971,court,910/3370/21,2021-12-12,31890,35d1ac3a68c21423056d27018e845e3f,True,32
court:102102000,court,911/489/21,2021-12-14,55647,722dd9be515b81d98933660ffb2375f9,True,55
court:102220209,court,910/2320/20,2021-12-22,89300,b2ce4fc9eaf3e9c4d813a6b8432713bb,True,88
court:10224393,court,8/57,2010-06-21,20773,fae99f0955109b31a33fad398fde6bd2,True,21
court:102407734,court,915/40/21,2021-12-30,71366,3c5d40ec7fc8b0dea135ce553c9299c5,True,71
court:10243030,court,14/259-32/295,2010-07-04,29626,927cc7426e3247bb773e65b2acf605db,True,30
court:102478134,court,910/20850/20,2022-01-10,9606,cd545536cdba44b174c1bbed15e69b26,True,10
court:102548931,court,910/508/21,2021-12-01,140377,4ac6c287221e01429be106875e85513f,True,140
court:1026970,court,45/150,2007-10-01,27493,67ea99b46be591fba65485a526ce8fc3,True,27
court:102732814,court,916/2837/21,2022-01-11,45880,4381e827cff49ce54c4d10d51127e3d3,True,46
court:102745402,court,910/8032/21,2021-12-14,44955,9cf72d96f394808274044490b3d895e1,True,45
court:102759629,court,910/17897/20,2022-01-18,112368,a3645829b8a51bc0a04381703f33ee7d,True,112
court:10277833,court,15/58-10,2010-07-01,29941,9abe90328ba77ad75706c9c69734dbdc,True,30
court:102937844,court,910/3497/21,2022-01-31,36221,56314c192f296723d4ad7035d9229c10,True,36
court:102940966,court,910/12464/18,2022-01-31,58808,a772cdf0a924c00dfc5b4c130d7602e9,True,59
court:1030901,court,1/57-26/12,2007-09-24,21046,f134b1268f4c9edbca162adc7deedc09,True,21
court:103136731,court,910/13822/21,2022-01-31,29872,64fbb868ea4254b3de324452d7229a7b,True,30
court:103241389,court,910/2314/20,2022-01-30,125326,682e8154e64ea0e2b0bde5659fd541b7,True,126
court:103242055,court,922/3641/21,2022-02-13,50226,703f053e9f61e9d817a4cc89fb2ce93a,True,50
court:103463575,court,910/3498/21,2022-01-18,22444,e63bd442474d6c4ceb865265a3aa411b,True,22
court:103483818,court,910/3433/21,2022-01-24,21151,1bac92dc4ac01ad16f71f87b87f7373e,True,21
court:103483837,court,910/8212/21,2022-01-24,34940,0f6ebb1fb190ddb49916fb0cb6fa92b6,True,34
court:103485507,court,910/12455/21,2022-02-07,19051,70518bfb17eb363b85c07c355071de98,True,19
court:103485508,court,910/12477/21,2022-02-07,19041,e99dfbd959ed77e21fbbc91c4ca97214,True,19
court:10356556,court,1/223а,2010-07-05,18630,34cbc55efeb74aa97a67087ad745bc1d,True,19
court:103746296,court,915/41/21,2022-03-22,72372,f84ff1fcb044995207ea46295bba7a77,True,72
court:103836601,court,910/3300/21,2022-02-20,118006,13f49bd7788d57c6ebe7ba0d3a2ace89,True,118
court:103836604,court,910/3347/21,2022-02-20,118312,623acffb11abf2731bd762877326ae5a,True,119
court:103866416,court,924/1029/21,2022-03-27,74544,338681d5b5f398bb23ab8f0723fbc212,True,75
court:104044626,court,924/1026/21,2022-04-10,80518,98b7b7c0e8f7e7c43ea4a400eebc0489,True,80
court:1041651,court,16/260-О-07,2007-10-09,17274,84ebeda11c6a1c8aa237e68c45baa24d,True,17
court:104538635,court,910/20850/20,2022-05-25,40263,e57e2686ea6cab38057b5e92e6d6376a,True,40
court:104580624,court,910/2352/21,2022-02-01,71507,16d09236ff848e10278362e0f83f3370,True,72
court:104642959,court,910/8230/21,2022-02-21,49294,d42014ef543b46013a30be5c123945c0,True,49
court:104644541,court,910/8212/21,2022-06-06,5929,b932b83115cab829ef43ee174b3c4f99,True,6
court:104687407,court,910/2418/20,2022-05-30,93967,40b10a49c304334b037412202d397228,True,94
court:104825724,court,924/1026/21,2022-06-14,86883,d3ed3d3c5035fad49b69ca6d95d73754,True,85
court:104848631,court,916/3913/21,2022-06-12,48504,1fecc1251628949393c388f7912925cd,True,48
court:104918977,court,910/3215/21,2022-06-07,78211,4aef14d33152e9964524b2188d68fcca,True,78
court:104919424,court,910/2310/20,2022-06-22,60294,4f91615771fea0206af5dcdb4ca8e9c1,True,60
court:104986706,court,910/2767/21,2022-06-26,13969,c4056bb1c7f6934bf55a2ea790d08448,True,14
court:105068506,court,910/16055/21,2022-06-06,40516,2012135c126fc284da09b51f825523ea,True,41
court:105069442,court,924/1037/21,2022-06-20,55920,76b471b121144c2e69bc05066a164634,True,56
court:105125579,court,910/13822/21,2022-07-04,50876,2702efb8580b06e86fc7ede2c6971ae3,True,51
court:105127664,court,910/15541/19,2022-07-04,67621,e04b077d979160e9ae323a30ad472733,True,68
court:105177358,court,914/3772/21,2022-06-27,58645,e2deb2ed92dfcf1f75d8fb4c626272ed,True,57
court:105177501,court,910/3214/21,2022-06-28,108651,47348fe69154be57c0e701c843b70799,True,109
court:105178945,court,910/17897/20,2022-07-06,76772,f33373fb3888f13a9d0f46797999cc8a,True,76
court:105231611,court,910/3347/21,2022-07-11,28892,8998e0e95973f139e5c9e62857ab39b0,True,28
court:105232207,court,910/12456/21,2022-06-20,77302,f74b8273c368355e3e6cbf94fb4a4a9e,True,78
court:105233906,court,910/2314/20,2022-07-11,65477,2cbf2631715e163739ccda253c741476,True,66
court:105233953,court,910/8212/21,2022-07-11,32878,0c5f3b3d8b8b06b19803da675bd87614,True,33
court:105268170,court,910/12446/21,2022-06-20,70288,96852c6a8b667f91c01447db33097de2,True,70
court:105301125,court,910/3215/21,2022-07-18,6962,aa7c9e1df4d65c51a871bbc9694b881e,True,7
court:105493233,court,910/12584/21,2022-07-13,64198,1695a10a140a55c482a98c14b098b43e,True,64
court:105504483,court,910/2418/20,2022-07-27,58377,24ae03b768aa7c270b9a000317bdff93,True,58
court:105525112,court,924/1029/21,2022-07-27,79464,ff16cf842a85b229024d0767b28ad070,True,78
court:1055571,court,11/1045,2007-10-03,31086,1f427179b430b8762b5bc1e9f59d125c,True,29
court:105600550,court,910/3214/21,2022-08-03,4602,8559050ea6c848786ff40d2d2114904f,True,5
court:105658379,court,910/2330/20,2022-07-31,106737,22f0b16a2579f872055b24075e4b7ce7,True,106
court:105693177,court,910/508/21,2022-08-08,133870,9290a6aebf21a46b99dc16ca736f413c,True,134
court:105701790,court,904/4227/20,2022-08-03,78015,325818b21569144e1598bc228c8e8b7b,True,78
court:105723033,court,910/12600/21,2022-06-20,77442,93e2dda1f33fab0aea02aac787523ca5,True,78
court:105877512,court,922/4986/21,2022-08-15,27066,eb9ff072b69a2810c35a2a3228f723f4,True,27
court:10591115,court,16/197-09-5506,2010-07-12,11725,8e6c01d652bdd46dcc448a4a48d37ff4,True,12
court:10591127,court,27/88-08-4151-38/401,2010-07-12,12296,b145d5f114015fcdd08f0deb079aeb2f,True,13
court:10599563,court,6/643,2010-07-19,14675,33aac748c5281547abad77482ad41811,True,15
court:106007670,court,910/2310/20,2022-08-31,55913,295d85a927e25643d433442ef4cb62db,True,56
court:106100404,court,910/2319/20,2022-08-15,128402,9ddb5f8e6409bb25611d8af453cfd58d,True,128
court:106102111,court,910/3214/21,2022-09-05,52945,0f742d5c04caea04c738ea14a70ace7b,True,52
court:106130294,court,910/2352/21,2022-09-05,77051,35ab4f4d03892ec4b9fbdc4f42840956,True,77
court:106130365,court,910/3215/21,2022-09-07,70497,ffad1d893687e1976715919350f501d5,True,70
court:106253615,court,916/3954/21,2022-08-28,71992,e0906246e2d2f671c9af806e72982e33,True,72
court:10629299,court,13-33/98-09-3730,2010-04-12,16019,4f2a874a8a9e358e5bb361df2e83c954,True,16
court:106302288,court,910/19251/20,2022-09-05,210995,67227364cf451c67df4fdac713af6ebc,True,209
court:1063034,court,15/241,2007-09-26,12402,d773cb7ea9ebb06abb5cb71ab640fb9e,True,13
court:10634267,court,3/198-09,2010-03-18,27100,3708f3937285bf8a439b767e89709575,True,27
court:1064135,court,3/764-06,2007-10-15,23567,7235ab76bdd1cb26f6a39e868ceee817,True,23
court:106421118,court,910/2767/21,2022-09-19,22618,ca34d9f6064b8111a9b5d9b61942208b,True,23
court:106422231,court,910/12449/21,2022-09-14,96251,73e5d6d3d9d3da6bfb0456e45f2a60b6,True,95
court:106422233,court,910/12584/21,2022-09-14,71326,a5623e1412c841d5e21f18a25798e558,True,71
court:106449117,court,910/12456/21,2022-09-26,82500,d8888e4de17a3ee411fb68a32d321907,True,82
court:106540096,court,910/12460/21,2022-09-28,95937,355d5010bedc60d293be2310f8d08950,True,94
court:106632844,court,916/3913/21,2022-09-26,70527,8356dd5a39d52dc5238c048d028400f8,True,70
court:106634885,court,924/1037/21,2022-10-03,62570,c5bd313e35a5b1aa938765ddafc212a4,True,62
court:106707235,court,910/2330/20,2022-10-05,64679,e3ba8642014f181eddb38159b4ac9a86,True,64
court:106891173,court,910/2319/20,2022-10-19,3608,6759cb3a506b88827d35dfeb7be8fba2,True,4
court:107110759,court,910/17390/21,2022-09-26,50945,83443f9a7e0c6c4c83b7137479e63760,True,51
court:107178093,court,910/3049/22,2022-10-19,92989,2e91d84efb12f48ec2ec8ea778c64bfb,True,93
court:107178105,court,910/2991/22,2022-10-17,24578,9d7b6c1ad7bf04b0bdfe3b633a3b518f,True,25
court:107215144,court,910/8155/21,2022-10-05,175107,5e4a5bd56adbf8e0201e2fb936ba6403,True,175
court:107321439,court,910/12650/18,2022-07-11,102985,690b9533922107462240c6c5e86fe97a,True,103
court:107321442,court,910/2303/20,2022-09-27,107771,058ca8ec8bc398986b6c95c5def8b5a1,True,107
court:107350869,court,910/8100/21,2022-11-01,135610,2117693df28a7db85cb338b526a39265,True,136
court:107350948,court,910/3215/21,2022-11-09,71316,3e57af02fb13b33ad20c3f1fd017b324,True,72
court:10738220,court,7/78-1477,2010-07-28,17490,247b841550ec57a779d6e3efb3dac657,True,18
court:107427401,court,904/890/22,2022-11-01,80492,f0d3ecbf6f16b3326dd2e870239cc694,True,81
court:107507172,court,910/12645/18,2022-10-31,118381,0558ef4fffb35f6f47cf1c43dd649a02,True,119
court:107676593,court,924/1037/21,2022-11-30,40165,d2db2a9caa30eb3ecf75f89cb90da098,True,40
court:10770304,court,5020-7/026-9/209-7/197,2009-07-23,8837,b477eb3bf6a7618e6520d0bba9b571cc,True,8
court:107746497,court,910/12456/21,2022-12-05,66047,1cdb495802ef7242c01851c1410fa651,True,65
court:107765649,court,910/3300/21,2022-12-05,29915,520d74d4ecc64932f3ee7f2ff95f5829,True,30
court:107799489,court,910/2311/20,2022-11-21,118586,da795f055dcb213c1aebf5e4ed86e29c,True,119
court:107802854,court,910/2303/20,2022-12-11,10043,41fe6633112d39b02a763429d6125df9,True,10
court:1078220,court,20/127,2006-10-15,19567,cd5b6c51dcf9ac2f3d6ab8c0185c2a7b,True,19
court:107829484,court,910/2767/21,2022-12-07,32540,b59517a303a7b611b7e4fdf4e967f7a0,True,33
court:107946668,court,916/3954/21,2022-12-14,76173,b6a171aaa2ba764e19667159f70525b0,True,76
court:10797255,court,2/61-09,2010-08-15,27560,d96d0517fb6d0ef71a54061e56a21358,True,28
court:107993838,court,910/2306/20,2022-12-12,131300,a06aa6f1a6e86956ab6696f60c204dd6,True,131
court:107994301,court,910/12446/21,2022-12-20,182676,9ef4b6c26efb93f00719414b6e4422c4,True,183
court:108034723,court,910/2547/20,2022-11-21,123750,7cfd478d623b5d36d567819cd7d621d4,True,123
court:108321184,court,910/2303/20,2023-01-08,12563,9db03af91d6f04dcee1198071d73dd5a,True,12
court:108418076,court,910/2368/20,2022-12-06,145791,854cd95dc472994425af8f0c45c64479,True,146
court:108653253,court,910/2306/20,2023-01-29,5081,e11f65b63d1043e4d40a02b61adf8898,True,5
court:1086557,court,3/19/07,2007-10-01,14111,bda92698331d8a396c75f19fb80e5100,True,14
court:108789995,court,910/2303/20,2023-02-01,47627,e1ada05ad81cdfe47d2798640db2bd94,True,47
court:108822002,court,910/2547/20,2023-02-06,8660,335363931e0b60766ed7c960f8b4196e,True,9
court:109021246,court,826/14873/17,2023-02-12,83296,77b5d20db8af6f28523c8ca2187bd4db,True,83
court:109098925,court,922/4986/21,2023-02-14,45023,f4a505a24a14345a6ea36b0d85cf4831,True,44
court:109127614,court,910/2313/20,2023-02-15,133672,fa39ca5d3e4354a1d670c6e5a0fa46b5,True,133
court:109175552,court,910/2311/20,2023-02-22,65694,97c3363bd8d98440bdaa796107661c2f,True,65
court:109300493,court,910/2547/20,2023-03-01,68788,2ddb4aaf6dc231e599cdd4d4b8e8bdd2,True,69
court:109361596,court,904/890/22,2023-02-15,74124,3f46cc72af8fa82439d2a32fed823b26,True,74
court:109423101,court,910/2306/20,2023-03-06,51340,36f34a635290c303565e77be6074f18e,True,51
court:109557906,court,910/2417/20,2023-02-06,112365,0288c2900bd2b7adf0f489c0daddd1b8,True,113
court:109558051,court,910/2433/20,2023-03-06,74319,6b869bd1892c32acae2f36c835545e8a,True,75
court:109587379,court,910/17390/21,2023-02-08,78817,dee417d23fc1481cb5f935dee89d4cc9,True,78
court:109587399,court,910/2301/20,2023-02-27,130643,6e459b61ca02e946421c4fcca927c6aa,True,130
court:109670989,court,904/4227/20,2023-03-12,80114,13d48f2700d7b19d0862779ece87b2a3,True,80
court:10978148,court,13/183/28,2010-07-21,20854,77d12942d603c4d00280f6bdb55e45df,True,21
court:109804493,court,910/4801/20,2023-02-27,121236,6f3586f9e1a8cb3ddcf320a63e01c29f,True,121
court:109854402,court,910/12446/21,2023-03-22,70045,47361178ed42ab782877406fe7647b0d,True,69
court:109868837,court,910/2368/20,2023-03-27,65256,a44a7869197a199d2b78109c4cf40bcc,True,65
court:109959084,court,910/2991/22,2023-03-13,25290,51e0c03db26436d5861de251857126f7,True,25
court:109960365,court,910/2352/21,2023-03-20,123830,c4d546308899713a18b1a1aa0ba133e3,True,124
court:110051311,court,904/890/22,2023-04-05,4611,9fdcf4f4ff678ba9acf1aab745ff3485,True,5
court:110080534,court,910/2433/20,2023-04-06,6616,1ecd723aba2469ca1f7132f88d38a231,True,7
court:110173060,court,904/2888/22,2023-04-03,53820,c29cdf87b491e845bf22345f4e7e6298,True,53
court:1101798,court,6-9/205-06-5910,2007-10-31,14865,57ea431678a3edfec3e87834f6a695c3,True,15
court:110253048,court,910/17390/21,2023-04-16,8546,0c0d0ee856a4d76de2c8f99928d40af7,True,9
court:110279460,court,910/2417/20,2023-04-17,6500,65e7db14ef1fe32eac1cf6437db0b774,True,6
court:110304228,court,910/12645/18,2023-03-21,118155,eeef7a8ba5e014e2e04148a42a409fb2,True,117
court:110477750,court,910/3214/21,2023-04-09,38919,14df484213e17ab1f29269d1a1156adc,True,39
court:110513668,court,910/2419/20,2023-04-25,124650,f88f6e6b1adbc8024643a80faf416fa7,True,125
court:110536136,court,924/48/23,2023-04-25,87298,351121aada0bae8a79ae0ce97bd22509,True,87
court:110689017,court,914/2943/22,2023-04-26,36748,2a72ce02b46e4ebe4120743c26c74e24,True,37
court:110689887,court,910/2433/20,2023-05-03,70399,58b5f821be4a2c0006e1f778dcf26e58,True,70
court:110689924,court,922/4986/21,2023-05-03,25704,2107025ef05f1f559104185af438fa09,True,25
court:110908503,court,910/2313/20,2023-05-15,64820,2a3e60dbcd68dea01e6cb924d7b00918,True,64
court:110957394,court,910/2417/20,2023-05-17,69069,e898aaa99a144de282811d6353488e47,True,69
court:110957402,court,904/890/22,2023-05-15,48001,ae9b1e74a9e7b64cfc9fa2448662bbf5,True,48
court:110960413,court,910/11778/22,2023-05-01,63328,2c2f185c63b65b72a5e385d5cfa38477,True,63
court:110995745,court,910/2203/20,2023-04-25,82600,c7e5a84f52d11d370b7da5e048a9e3b6,True,83
court:11100194,court,2а-3490/10/1770,2010-08-26,14864,a3eb7ccd4ad361715d219670570bf40d,True,15
court:11103812,court,13/103,2010-07-27,20109,851151f25be41e8c81149495c4d2771b,True,20
court:111218033,court,910/2301/20,2023-05-29,56132,82421ab8ead3d75a56462304a178c414,True,56
court:111247010,court,910/2380/20,2023-05-30,120934,30e26d7b7144f010dca7faa46072ea11,True,121
court:111384677,court,910/17390/21,2023-06-05,99527,0c90c581f107eb396007621940523367,True,99
court:111428699,court,904/4227/20,2023-06-05,88737,0a06689654c9334626b5eb5126123006,True,89
court:111481996,court,910/8122/21,2023-03-15,74444,d23aadfc2bc8f09f265aa6a199da6f90,True,74
court:111641502,court,910/3215/21,2023-04-16,77359,77df11ec293a72d641257151a2de14c6,True,77
court:111644810,court,910/2203/20,2023-06-19,3739,c4ef26813608245018bc502bb493eb17,True,4
court:111674017,court,910/2352/21,2023-06-05,127178,d5c3735bcf77e3b48972562a6f1f1192,True,127
court:111675762,court,904/2888/22,2023-06-19,60273,c7138b65923f83422e179775919fe9fc,True,60
court:111737222,court,924/48/23,2023-06-19,113995,d24eed192cddc581424719201887f380,True,114
court:111937473,court,910/1599/23,2023-06-21,50951,cd29f961c2cf4660ca4152e76c346826,True,51
court:112064380,court,826/14873/17,2023-06-21,75500,855d555dd6bbfc189ca3b011f9dcc8dc,True,75
court:112117812,court,910/2203/20,2023-07-10,68119,2a1eb41e19be7363ecbeacbe5a23e619,True,68
court:112145087,court,914/3398/22,2023-07-02,52761,8cf52efa3bb31ee9b047c108b7f9d08f,True,53
court:112145638,court,910/2991/22,2023-07-10,14822,0bd62d445ac63f7f2fd307e7d8da61ad,True,15
court:112201833,court,914/134/23,2023-06-21,49841,973e35a5df57246b8bbc022b4f38b936,True,50
court:112286869,court,910/2419/20,2023-07-17,60805,e101dcb0b5b4d9816a9708a4e8f0bca2,True,60
court:112343977,court,910/2380/20,2023-07-19,68498,1f099304d281c6496fc9de96deab5ea0,True,68
court:112514402,court,910/2315/20,2023-07-17,47505,c41c8288990694f0ef0fd0ad85ae8cda,True,47
court:112632617,court,910/2327/20,2023-07-10,94151,d63438a027cc8444293d27e4e6307213,True,94
court:112664633,court,910/8122/21,2023-08-02,51594,adc7220a728c6f905b6028293b2af34b,True,51
court:113035359,court,914/212/23,2023-08-22,47411,45d7b21c9f18d842b0c7cd7a9aa6b3e6,True,48
court:113063951,court,910/2315/20,2023-08-27,6434,c38ffa505c1a328c14ff63f756364bbb,True,6
court:113228371,court,910/2317/20,2023-08-29,106641,1cbb12f8bc26e27c4cc35716c176e720,True,107
court:113460893,court,910/2124/20,2023-08-09,102824,4f4fdfab8147eed4836db604d9bb6a40,True,103
court:113460894,court,910/2329/20,2023-08-09,119358,ed07abea9b2e453e17a6c76d3f7443d8,True,120
court:113523907,court,910/17390/21,2023-09-11,60829,249c8646253a1f3bd22877edf477b582,True,61
court:11354418,court,11/65-10,2010-08-30,25234,4625a99fc0764f421d045f213eb14e8f,True,26
court:1135530,court,45/381,2006-08-27,11998,f596b94905454c7a367a9c3089940bbc,True,12
court:113651187,court,910/2315/20,2023-09-20,63912,c6aa9a5278ae77993bb455c32f79adf3,True,64
court:113685984,court,910/11778/22,2023-09-04,72287,bc527e782c441ba5cc2045e9fce5c23a,True,72
court:1137021,court,15/334-06,2007-11-05,26380,3b2e46b133141039f75c249a47034fdb,True,26
court:1137536,court,13/89-2096,2007-10-22,9536,7000b0362c5cc9f8b626e4259e1cb6e5,True,9
court:1137620,court,16/220,2007-10-28,22501,90d18e19e54962217a8f61e13454eb5a,True,22
court:11378791,court,6/99-10-2610,2010-08-08,14033,6cae4d9dfaa0e5193006657eb69ee9e7,True,14
court:113794221,court,910/2329/20,2023-09-27,4022,f9781b6bb1db551028aaf00a05aa9261,True,4
court:113893496,court,921/244/23,2023-10-01,76341,390c9f5843779943c8f22eca6263d5bc,True,76
court:113924727,court,910/3215/21,2023-09-19,78477,f2913a446904c8c1ccc887c3d04cd3b1,True,77
court:113924878,court,910/2327/20,2023-10-02,48153,1507946db947e7fd65cb65cb5440dcbe,True,48
court:114066075,court,910/2352/21,2023-10-02,75174,c28ae2f0d514b466bc134a7746abca2a,True,75
court:114066082,court,910/17390/21,2023-10-09,8095,54f9f70779b7ed89563eccec98d4b908,True,8
court:114114436,court,910/2317/20,2023-10-09,51287,de6790e078e6be86e0545ba486ab3f07,True,51
court:1141232,court,6/62-38,2007-09-17,9533,118379632ed5e3d87d6652c105f1a457,True,9
court:1141257,court,8/191-07,2007-11-13,22168,ec822c0696f1453ce51848c2049152c0,True,22
court:114150991,court,924/48/23,2023-10-10,46411,9e0ea7a436a74a253aee34e13fa3e0c9,True,45
court:114451289,court,910/3214/21,2023-10-24,75724,edc3d50c9b5b16063d2961d6205faca2,True,76
court:11450355,court,16/93-10,2010-09-26,14270,364274532d7c7c7761706ed48865987a,True,14
court:114579007,court,910/2329/20,2023-10-30,77228,1dfcf49be73c2a16b9363c38f6870716,True,77
court:114751014,court,910/2124/20,2023-11-06,67959,7900fd692c6d54906e0a9aa9ff1d6d19,True,68
court:11514777,court,12/75-10,2010-09-15,20927,03fbbad8049dc88f7d47a0ed1f712cf3,True,21
court:115191832,court,910/3300/21,2023-11-08,46266,0ee4b5b00d4c9e101291cf31f98e898c,True,46
court:115405741,court,914/3398/22,2023-11-21,27704,257d163fa7aee25dbc77ae176fc6a5f4,True,26
court:11550012,court,15/58-10,2010-10-04,24365,923a564b2edfffda6fc2776abad50a65,True,24
court:115502217,court,910/17390/21,2023-12-06,73364,a640eefe448e6c4de524fa6f0fa2b9c5,True,73
court:115703774,court,914/212/23,2023-12-04,42237,028a82f2121e66edd9e8fbb335e2400f,True,40
court:115703802,court,914/134/23,2023-12-04,40665,6ca1b8d919756336c9ac4bf007aeee6f,True,39
court:116108620,court,910/2767/21,2024-01-02,18880,6baf0088a4f36461db44073306688eb5,True,19
court:116318023,court,921/244/23,2024-01-09,70801,a9ac7f75a47d65a32be943c97ee517d5,True,70
court:116416242,court,910/3214/21,2024-01-17,54271,045af0a324f1dc6e312d657901921a28,True,54
court:116443114,court,910/5505/23,2024-01-08,52335,abd885481c44b32308aa12550648c36a,True,50
court:116487018,court,910/1599/23,2024-01-17,89104,ca5394497d02e2917fa093db12c5a7fc,True,87
court:116567774,court,910/8153/23,2024-01-16,78832,547069e9768d516ef7beebff1dd007b9,True,79
court:116637088,court,910/16728/19,2024-01-16,43987,1180731168e22781660dcb81f405b932,True,44
court:116828268,court,914/2108/23,2024-01-30,40198,a2114086f07fcd3ff1d771daa67e5759,True,40
court:116982620,court,910/3300/21,2024-02-11,13598,aacadce126c170dd6002f542bc4a2649,True,14
court:1171659,court,20/484/07,2007-11-14,23695,92dbcd124bf63f37707b9e6eb9f40c9c,True,23
court:117373753,court,914/212/23,2024-02-28,35107,52cd2c5a5f75e99c6c2e1165f7f9b7cf,True,35
court:117507569,court,922/4858/23,2024-03-04,58411,367f83ef75454642e8bd09360177757a,True,59
court:11784538,court,1/22н,2010-10-11,6970,9ab1912274f2cf1d0887af021ed5a489,True,7
court:11796056,court,8/31,2010-10-12,43058,82c28582bd7dcd525692d53267da0df5,True,43
court:11808680,court,6/77,2010-07-21,20098,b692d7dcc6729e011268b84bb0c86d74,True,20
court:118129973,court,910/2352/21,2024-03-26,111647,931284eabbbefab9249662c15cf540ca,True,112
court:11825242,court,14/118-О-09,2010-10-13,8198,d869938be655713ace67bd10cb24d053,True,8
court:118452041,court,910/3300/21,2024-03-24,17774,04352495b46da58e57b87ce001815698,True,18
court:118836364,court,910/19743/23,2024-04-29,53984,5588b0efec933c7edd9d7f6c08f49e4a,True,54
court:119126646,court,914/2108/23,2024-05-08,56430,3c2fb30caded12375055f259d8536e17,True,55
court:119126791,court,910/5111/21,2024-04-22,150744,5cc6c45840645c7aabb3fd534e0ae9d8,True,149
court:119247565,court,910/3300/21,2024-05-20,17773,7824e4fb6febadf56d87a387744268b8,True,18
court:119247653,court,910/2352/21,2024-05-14,120089,a5c3bcca24445ec7aaa26261743a8f14,True,120
court:119292563,court,922/4858/23,2024-05-14,60172,e8d963d1406dea2458abe8249a61389d,True,60
court:11935447,court,6/197/10,2010-10-25,34423,3f119ee3fb2f8a62e228ea218700321b,True,35
court:119483816,court,910/2324/20,2024-04-17,134839,6addf15591b29cfad0ca5ddb4e954091,True,135
court:119552530,court,910/2305/20,2024-04-17,161512,50398a7247f2eda2c9254768806390e1,True,161
court:119645516,court,910/2420/20,2024-04-17,167548,6b378d9150ec3ffaf6ee005ea9279994,True,167
court:11966976,court,14/447,2010-10-25,22561,a867c8aca3b3e278940c7fe6c3cab26a,True,23
court:11967697,court,19/173а,2010-10-24,36020,e93ae70b7a604357e1e3be5f973adb53,True,36
court:11968906,court,15/1273-10,2010-09-22,19264,0efdd382145616383eb02db627cc8602,True,20
court:11969272,court,7/52-970 (10/31-645(3/60-1626),2010-10-11,25841,da222b7b0dca7a1ad6ac3b91084c0fd0,True,26
court:119773343,court,910/3485/21,2024-06-16,8048,70679347603b0862b12465b2e6f00ddf,True,8
court:1197952,court,13/530-07,2007-12-04,37138,65e2406ba542dc055f0ac122c7e86f12,True,37
court:1197990,court,16а/249-4205,2007-12-03,23766,dbeeedb4a444f32a3015925118ade188,True,24
court:119804560,court,910/2684/24,2024-06-09,69749,02c5c1e596a4bdad1e3ee5cdff31eaf1,True,70
court:119994377,court,910/5111/21,2024-06-25,7208,0a208d3a8042eab24903d2eed66b6370,True,7
court:120204035,court,910/1241/24,2024-06-12,82399,86d3ac0b5052d6c7798146ddb05d273e,True,83
court:12041542,court,6/78-10-2295,2010-10-25,7532,34d00b5a82378549d155eea943f23c5d,True,8
court:120452680,court,914/439/24,2024-07-15,72792,72e07b28ca574df92a046b6257892f74,True,73
court:12046359,court,3/97-1666,2010-10-27,24355,cb4e33cef9f7f5b173d43c286e6f99fb,True,25
court:12047172,court,29/100-10-2213,2010-10-20,18221,28def436403ca7f6be7db7e5f34b46ef,True,18
court:120626008,court,910/2321/20,2024-07-22,63080,e6e65bccd6b1f029fa82a78df5b44b28,True,63
court:120770502,court,910/2352/21,2024-07-29,84247,2bd2694c0e13de11a2cf2b1e9f771f09,True,82
court:120820622,court,209/7068/23,2024-08-05,45956,9090be2a8a9c2a127604483f9f9d6fec,True,46
court:12090717,court,48/14-14/618,2010-07-12,19692,73b97df31b67b3469a493ec75529b98e,True,19
court:120925748,court,910/5111/21,2024-08-07,92729,9a3cea71f5f46b781b59dcb2305f4de8,True,91
court:121047383,court,922/4858/23,2024-08-12,81694,4fb22edfb730b3fce7882e5a3b981ac4,True,80
court:121068817,court,758/1783/23,2024-07-11,89669,721b8c8a1000244c8544c904a4f1623d,True,90
court:121173798,court,910/3485/21,2024-08-18,18935,50458d0e2b231f1c58141505385c2309,True,19
court:12122961,court,14/155,2010-11-01,19539,370830be1d97e32a706a0f0a6ed8207e,True,20
court:121315456,court,910/3313/21,2024-07-29,103364,1482c348b474b407f8f2ffcc566fe328,True,103
court:121317176,court,910/2420/20,2024-08-28,89702,18536cc87d3a62f6d8b0e3fc4541bcf0,True,90
court:121431864,court,910/3359/21,2024-08-27,77922,d078393d4cbbe7243f888b84ee95cdd7,True,77
court:121560052,court,910/19743/23,2024-09-08,146747,38671ff0e87ed1dd2efc099bde7211db,True,147
court:121656597,court,910/3300/21,2024-07-29,17116,10a634969c8e42ada0f58840b133be87,True,17
court:12180394,court,32/438,2010-10-10,28445,14d32a4ae45d5e9b1cb7c90c5a581b59,True,29
court:12183443,court,16/128-О-10,2010-11-02,14903,9b0cd693d50f9305c41bd2d5f40f401d,True,15
court:121846571,court,910/3498/21,2024-09-22,11029,1be531b1dfc9443b3f8fcbf3b6f10548,True,11
court:121846572,court,910/3313/21,2024-09-22,10467,c4d636e430166bf95ba9fbc0b26b42ee,True,10
court:12189701,court,14/121,2010-08-16,31959,4d1968d086544de50f36687cd60b0a4d,True,32
court:12201795,court,42/232-7/667,2010-10-31,29495,747ff6fcf481199be3d498e39ded3d5d,True,30
court:122099574,court,910/3067/24,2024-09-23,31516,e2d0025e18de54042a1ee11da7afc0d9,True,32
court:122267233,court,914/439/24,2024-10-01,65425,4ce6bdf76522bbfc4452abbaa1a64281,True,64
court:122407025,court,904/6086/23,2024-10-16,92849,b42d5cf93b4dca976eb99f9422ea384f,True,92
court:12242085,court,2/61-09,2010-11-08,12716,93628a91a7286815251230880dc39e8a,True,13
court:122466996,court,910/16728/19,2024-10-06,120395,4aaa66a8c17516fc5dbd034780d30f9c,True,120
court:122716240,court,914/26/23,2024-10-28,69960,d2d596cb38bb177ae24c8d79190746b8,True,70
court:122716592,court,920/1061/23(920/656/24),2024-10-28,45681,ecc152973c23a05681cc8f41ea90b7ac,True,46
court:122758941,court,910/1129/24,2024-10-14,88631,9c6aaaea8b24de9fda68781380d98d5e,True,89
court:122834252,court,910/5498/24,2024-11-03,78541,962d3106952fb4793eebf77b29f55476,True,79
court:122897091,court,910/3408/21,2024-10-29,121017,656b5e9998a0f2189b57ffe42719588d,True,121
court:122897850,court,910/3313/21,2024-11-06,91346,ba6f696d2a8eac0a970761a417a57737,True,91
court:122897854,court,910/3498/21,2024-11-06,94305,c0c010e452ecdd62b096195e7ff6d281,True,94
court:122920826,court,910/1241/24,2024-10-29,67671,ab3c54fe321069179e88f9671263f390,True,67
court:122956655,court,916/3700/24,2024-11-10,57908,13f58e38ce0d72153ba40bfb19c8f853,True,58
court:123010624,court,910/7787/24,2024-10-16,94059,6b575fa41c5b454f2bc43707edcc10f9,True,95
court:123156957,court,922/2372/24,2024-11-10,63160,c5d06878c6cc6534f61d1fc161a81e89,True,63
court:123225783,court,916/3698/24,2024-11-19,32086,dea498bbc507b2380cd907842f4e4f00,True,32
court:12323888,court,14/282,2010-11-14,9629,d590416573686fa9aeb6c795a1651b3b,True,10
court:12330980,court,К-57342/09-С,2010-11-09,16242,6d81e885d0900c48a845b7741d7826e8,True,17
court:123320329,court,910/8531/24,2024-11-24,75196,42273356a040e73217c479400aca9ec9,True,75
court:123393697,court,8/471-23/1,2024-11-18,56054,e9df3126096074a4d6e28f2cfde90217,True,56
court:123494812,court,910/3347/21,2024-12-02,146448,17bb4b5569667cda9a0f26bcfb46e71b,True,147
court:123912320,court,910/3067/24,2024-12-03,40278,de2153a63c8ee1eb06e415a7e6223bd1,True,40
court:123922198,court,910/7539/24,2024-12-15,45301,da34b275977dc18232e1a89f9459a9f8,True,45
court:124051,court,3/142,2006-09-10,28204,95d7b411855d103a6abaf8c69d1b1d32,True,28
court:124407424,court,914/1449/24,2025-01-01,48126,a3914a32414e6fbedc6aef8b27f75a31,True,48
court:1244737,court,16/788/07,2007-11-20,16818,cd6cea8bf84f1de7ce1f1505e101dcf5,True,17
court:124484788,court,910/16728/19,2025-01-15,58264,83287d7b0bbd31f72f11447a4f9db508,True,58
court:1244963,court,22/386/07,2007-12-05,24260,a0ee656fe202cbd7a8ab8ce0bae14e09,True,25
court:124659726,court,910/1241/24,2025-01-22,51652,bdde24d86834de4515b8e7e2b53d0709,True,51
court:124687708,court,910/1129/24,2025-01-22,84661,b0b9490d41f4e5b116d3384fd1628a0a,True,84
court:124860083,court,910/3320/21,2025-01-28,76282,a3fe8e3451e2d1f6249b10687db6f30d,True,76
court:124897603,court,910/3433/21,2025-01-29,92743,b49c8f848f1e6a331a42f8a5e733df57,True,92
court:124929123,court,910/8531/24,2025-02-03,88154,95bb98cd8bda12514fd3770ce0edf8f0,True,88
court:125025331,court,910/19551/23,2025-01-27,50315,aab0f82f078a22cab4602debddbe53ab,True,50
court:125341848,court,910/3350/21,2025-02-10,99326,74c2d91683d7425b66388b4a142271fd,True,100
court:125390197,court,910/3359/21,2025-02-09,117692,1892e0dcb9a17d84dd5f940f187ae73a,True,118
court:125390367,court,922/3500/24,2025-02-12,44425,a8807e434f3b4ff063cf0240d928a407,True,44
court:125390922,court,910/8535/24,2025-02-12,67289,7a2cf2db4f5d4038ccb013a86f2b7c19,True,68
court:125391627,court,924/938/24,2025-02-17,89373,68e4a3fad236ad878ff8ce01a3935bb9,True,90
court:125425429,court,922/2372/24,2025-02-19,63837,312e1ad3c34a6ee3fb2d20cef53a3f53,True,63
court:125586533,court,910/13053/24,2025-02-18,39131,635d9102c5a68d18794689ec6d1668e9,True,39
court:12576266,court,12/49-НМ,2010-11-22,33139,d5f3047b4e1b1bf7914fd4ba1f16f9ac,True,33
court:125855040,court,910/2952/25,2025-03-13,5947,008e7cc5f8b7a79b1680468072df5855,True,6
court:125870938,court,910/1599/23,2025-02-24,74931,804089ada72e80025554c8dba1bea745,True,75
court:125983192,court,922/2372/24,2025-03-19,9122,b59d03412cb190c4a898c0086e18926c,True,9
court:12613655,court,7/160-О-10,2010-11-21,30651,387e675495c3ed3ae14c6786820f2c18,True,31
court:12613864,court,16/93-10,2010-11-30,34945,9691d507598cef31b665d2ea9d652d6b,True,35
court:126149152,court,910/8032/21,2025-03-12,101109,665cf9e005aca94cc94d1c03bb57df79,True,102
court:126245814,court,910/3449/21,2025-03-19,105551,2481051c1bd23c874e0dbdceb8297b2a,True,106
court:1263853,court,13/89-2096,2007-07-15,9730,7fd29bc6782e68ba16b2360715e80aea,True,10
court:126394448,court,916/1002/24,2025-03-31,44823,a592b5e733b8e63983184b1c877aa376,True,44
court:126428590,court,910/14432/24,2025-03-26,38391,5c7c07668d92f4bc66ad90eff2f03be5,True,39
court:126429772,court,910/3422/21,2025-04-06,18767,fb092e023906ea6d68030716bedd130d,True,19
court:126466834,court,910/3359/21,2025-04-08,9984,6a0252a6c0b8d19578421fc9f6e081d0,True,10
court:126498336,court,910/3485/21,2025-03-12,150620,ac3e9ecd841092159fc463e87eb7db40,True,149
court:126605679,court,910/639/25,2025-04-08,34055,bab45f5cf0ca6ff76e536e289be8701f,True,34
court:1266057,court,1/57-26/12,2007-12-03,16300,c8da05b918c8873991392743a1e78733,True,16
court:1266628,court,11/1045,2007-12-24,29972,40556145c6eb758653c1be0695767747,True,30
court:126763083,court,910/2322/20,2025-04-02,119493,aa3fe760bf72d31104d30eda1a83dd48,True,120
court:126800036,court,910/3408/21,2025-04-21,58213,aa70cd2396233f6b88c5bfd6ce2ecc7c,True,58
court:126944785,court,910/3320/21,2025-03-30,110507,670a06303c2ec924fd720614a1d53997,True,111
court:127049578,court,910/15362/24,2025-04-27,55848,0810b7987bbf3b74d57b9f22c3fdfc72,True,56
court:127110039,court,914/1449/24,2025-04-23,44091,5b3c7c81202eabd9cb9237308122bcfc,True,42
court:127112556,court,910/3485/21,2025-05-05,19022,8a6b21718f244ad5755c74b324b33d3e,True,19
court:127157876,court,910/19551/23,2025-04-28,40736,1cd0eb873cfe36ad2b9d08a984c70de0,True,41
court:127184571,court,910/3359/21,2025-05-07,80076,76881c1fc419b48d9acb6a9d2451f6ad,True,80
court:12723048,court,10/92,2010-10-13,34009,63e056e5c00a17a2dba8cbfb467e06d9,True,34
court:127249551,court,910/3422/21,2025-05-05,116849,9cf15b921f09a353528cf6950419e73e,True,116
court:127320796,court,910/13053/24,2025-05-13,57004,7fac86e5607378a84eb1337775340d85,True,57
court:127321578,court,910/12657/24,2025-04-29,39586,c736b0ccb1d7652b9c9a7667d0b0fa21,True,40
court:127321579,court,910/2964/24,2025-04-14,103579,2eccf2377c1bd590ae610b1f12a2f755,True,104
court:1273496,court,7/153-3782,2007-12-19,16866,def825fbb3ef9df753a7ffa68301b5ff,True,17
court:127533029,court,916/3700/24,2025-05-20,87961,72d3667a6fd91c0f7c302aa39ef689d0,True,87
court:127534019,court,910/864/25,2025-05-14,47002,78285d2c6f8d7c9fd05da7c520a02226,True,47
court:127535875,court,922/2372/24,2025-05-19,79993,ee045bf1dd1452371aefad4bd38c6155,True,80
court:12756630,court,10/37-19/142,2010-09-29,28859,d13e75cdc263f03a7dba1b1ebe71eeee,True,29
court:127602004,court,924/938/24,2025-05-25,69630,a02ce7442e56799db72f7b9697575a31,True,69
court:127642984,court,910/7787/24,2025-05-13,118292,baf8e867f7498984b72b25a02effd9bb,True,118
court:12784649,court,10/169-08,2010-09-08,15862,89a8183306a38cfb7de761b7a5c18a29,True,16
court:12785522,court,6/196/10,2010-12-06,33388,daf0c75ab3ce1f1fb6530118bdddcad7,True,34
court:128054341,court,910/3370/21,2025-06-04,56972,769918bcdb0cd8d63ea18b367a475f85,True,57
court:128065003,court,910/3350/21,2025-05-27,87546,7bd476216154ce32f7840a16f0abe507,True,88
court:128067160,court,910/3485/21,2025-06-04,109991,dffd7da6a7ddcb7ff9e44c934c80a467,True,108
court:128129404,court,910/8535/24,2025-05-27,51845,1791d708ecbed8fae678fe68c9e8f0e2,True,52
court:128203538,court,920/1061/23(920/656/24),2025-06-11,74596,e5dcfa458566b0e441d471fadfac877a,True,75
court:128240259,court,910/3497/21,2025-06-18,21936,2b28b56d3d61f8cf349ca8a4bb3c6335,True,22
court:128306687,court,910/14432/24,2025-06-09,45789,4144209b7f0522349b9bb52f9f5b386a,True,45
court:128452086,court,910/3435/21,2025-06-16,107362,eb41e70761509fe64cab9c1e7fc134d9,True,107
court:128484609,court,916/5764/24,2025-06-15,85651,135416019697f3452f32adb6bf783f5b,True,86
court:128485107,court,910/3480/21,2025-06-25,58071,911dbfa996909b397073cce4e1d6c427,True,58
court:128485110,court,910/3320/21,2025-06-25,57878,4ae9e6ce7fa4c5f8dc07c65cbc89cbbe,True,58
court:128485188,court,910/2322/20,2025-06-25,67460,0715487c38542cac9fdb8cd73f70b494,True,68
court:128520738,court,910/8032/21,2025-06-18,115083,762582691809d2b403b269defa54ebd6,True,114
court:128522096,court,916/77/25,2025-06-17,145616,6ef3b8656ba49d77810bbb71eb570fa6,True,146
court:128560426,court,910/1599/23,2025-06-30,50576,d33a331353a9c861eceea463916e5250,True,50
court:128686700,court,910/480/25,2025-06-25,44882,5dd9bea81638f416adbe6edd217ed56b,True,45
court:128721098,court,914/3115/24,2025-07-01,34927,98ed217f61596bdbc12c88ac85a8011a,True,35
court:128772897,court,910/3367/21,2025-06-30,87211,49ad04647ebd41f6831f4948264045d2,True,87
court:12878828,court,6/643-32/453,2010-12-06,24643,fb4dd8b9023d2732ac51832012016e37,True,25
court:128813897,court,904/1871/24,2025-06-04,94424,7aa53319144115fb7b7c0c71f8b79544,True,95
court:12902689,court,7/52-970(10/31-645(3/60-1626),2010-12-13,9841,aea188c6ee656e90e85dd3547b48c78e,True,10
court:129054558,court,910/864/25,2025-07-15,53812,f1fde5747a023e94d46bf487894427be,True,54
court:129056147,court,916/3700/24,2025-07-23,93897,5f4f8a05397c5f5be249476ba61adcdd,True,94
court:129215270,court,910/3449/21,2025-07-28,102177,119aa4aefc4042733b2cd1c73f08a787,True,100
court:129463469,court,910/3350/21,2025-08-11,9476,b5c18cdad9e2c4c298d5e6879b12ec1e,True,9
court:129492798,court,910/3497/21,2025-08-06,125558,6b43dc809b5b7fc287ef6909d2fddaa3,True,123
court:12955171,court,15/25-557,2010-12-13,10598,b274419e49d75094a8ab5d2d333b5a2e,True,11
court:129713693,court,910/15881/24,2025-07-20,26072,e2045dffcea230fa0277a28492b576af,True,26
court:129889305,court,910/12657/24,2025-08-27,63426,d038ccad5d2da9e14071a687b7fedd06,True,63
court:130193655,court,910/3350/21,2025-09-10,82211,b433a1d45b7d2aa419befcb60d41e582,True,82
court:131277939,court,910/3367/21,2025-10-05,136760,92147f0771108b4354f792ae844d8214,True,136
court:131317221,court,914/3115/24,2025-10-14,36354,76e94d2e24ada30b025ca6915cf16214,True,35
court:131317294,court,910/3300/21,2025-07-28,150139,03e98b86c1bef8c5399263996da2e025,True,150
court:131390851,court,910/3435/21,2025-10-27,80868,a08325457bc6669aacdcff430cda2770,True,79
court:131574942,court,910/2964/24,2025-08-11,149112,143f684a8e806744dadbda0814e722ac,True,149
court:131579220,court,914/3115/24,2025-11-05,6735,b3ff2eafb390d53b55655e31a7a3a3bd,True,7
court:131805348,court,910/5111/21,2025-10-14,172519,0d8d56748f466f83df7ef22ed538d16e,True,172
court:132115103,court,910/14941/23,2025-11-10,49769,c1f4b38bea1b75946233d4cf0e3b14de,True,49
court:1321296,court,30/221-07,2008-01-21,28279,384dbc849df4e47e8ebb2e6d2e952b05,True,28
court:1321731,court,16/788/07,2008-01-30,28241,b15185380822b21913249106d88f0644,True,28
court:132264121,court,911/1939/25,2025-10-28,12267,70980c83599d0eefab3b133759b560d5,True,12
court:132265385,court,333/7817/23,2025-11-17,252186,a4f53c1d360a7f201f9a277a432dbe6c,True,253
court:132355965,court,910/12657/24,2025-12-03,52894,c10036ae162753739457055adef10b8f,True,52
court:132387630,court,910/3049/22,2025-11-12,128607,3b77b7efc9a2a4ccc9c2d51bc9e1d19a,True,129
court:132607204,court,916/5764/24,2025-12-10,76670,2cb076e22671ee798609ba68c800eb7a,True,76
court:132610426,court,914/3115/24,2025-12-10,63414,836bfcfd17c1a48c2dca76885fbfd8b8,True,63
court:132639441,court,910/2318/20,2025-12-03,112216,e57a0375aee9c4815fc536bf20346cd6,True,112
court:132689514,court,910/8122/21,2025-12-10,135583,d544152ed5d2602d6ff96f94641f25c8,True,136
court:133209796,court,910/15881/24,2025-12-09,26500,545d192a8ab641d80f73c59cceadd1ff,True,27
court:133555409,court,910/2964/24,2026-01-21,64468,8cf708607f1d88309034cf65409bf6e1,True,64
court:133629316,court,910/2318/20,2026-01-27,6666,4a2031ec7884c30822196fcb0068d255,True,7
court:13365489,court,14/259-32/295,2010-12-22,16671,695174ebfcbbcf6aebb71bdcd3641bf9,True,17
court:13373740,court,2а-2475/09/0670,2010-02-25,25469,bc98ee6a4f9d02520b702ea67771e3cd,True,26
court:133946114,court,924/1135/25,2026-02-09,103003,c51aa480dd9cba7fb32565936b5ca8e1,True,104
court:134082638,court,916/2344/25,2026-02-02,76630,bd1ddbc489a0071eb802f628f25ff079,True,77
court:134303746,court,910/11867/25,2026-01-27,36478,b461e919455cedcfdf15e65794ddf44d,True,37
court:134579634,court,910/2318/20,2026-03-02,53732,656aca80a17fba4282d230f4259ea2a6,True,54
court:134651224,court,916/5764/24,2026-03-04,52351,32141a53f3a3dd7580cc721792c5e002,True,53
court:135044239,court,924/938/24,2026-03-18,64702,2704bd04f86b86f0057455ebba26446d,True,65
court:13511698,court,34/17(10),2011-01-19,14399,67a32bbbb9199c8c894eec559628c5fa,True,14
court:135269779,court,904/5571/24,2026-03-24,56893,5b81821965f86e8dbfd72ef868182c31,True,57
court:1354403,court,2/1672-6/364,2007-11-26,16251,9997cfb5035fc7c97b7eeb99dc8a2ba3,True,16
court:135550930,court,924/1135/25,2026-04-01,71909,234e249e2f3e5b34fe3c33e78943fbfb,True,72
court:135653491,court,910/2878/24,2026-03-18,151412,730a67250a82c54c00aec6a62972d7c8,True,152
court:135926049,court,924/47/26,2026-04-22,79841,70c38d63c021f4d3da89b25a232fd255,True,80
court:136044509,court,914/1/26,2026-04-15,32200,31f5cc41c931d1b3ea8ac54b104713b1,True,33
court:136077563,court,910/3049/22,2026-04-27,68742,a3b66ca722f1cee5ccce2ade73c78b66,True,69
court:136504105,court,910/14976/25,2026-04-29,59256,e05e3b21530f15a2e3f1dda0368616f0,True,59
court:13651526,court,5/301-08,2011-01-24,16170,fbfbfccb3780607e9732840f42260cc3,True,17
court:136697633,court,910/14941/23,2026-04-06,67596,c20914a1bafe12b333514ea0cc45c04a,True,68
court:136697840,court,904/1871/24,2026-05-05,75987,8eba23a7b419fa92ab40c4bab51ae319,True,76
court:1372796,court,13/530-07,2008-02-13,36899,8009ca682b71756972fdbbb7551364b7,True,37
court:137645852,court,904/7374/25,2026-06-15,54966,2f781f3ef301a77548904b3a228fe54d,True,55
court:137723466,court,916/2344/25,2026-06-16,40070,7dcaf5d5f8288d81bbd8b43406952598,True,40
court:137723549,court,924/47/26,2026-06-22,77582,6fc4ea0125e43e774ca3597722ab5066,True,78
court:13779666,court,7/160-О-10,2011-02-09,53982,0d828cc92b91bc6954147e04e68d8e58,True,54
court:137799860,court,914/1/26,2026-06-16,59520,50ce50bd812e1ed99eab65e395f31f44,True,60
court:137802235,court,924/1135/25,2026-06-24,65713,628354f6d81c83b5592c135fcbda6e26,True,66
court:137885171,court,910/14941/23,2026-06-29,50365,c5c843468f82c9d0e02ab89c9d79e141,True,50
court:13796653,court,2-а-4472/10/1570,2010-12-22,20215,aec3819fdb9a644ac2b7d382e59465f8,True,20
court:13799903,court,14/323,2011-01-31,25451,87aa00eb97ee142c32696a0c5779b816,True,25
court:138142688,court,904/5571/24,2026-07-06,95410,cebd4970426866d1060193680270d2a5,True,95
court:138257710,court,910/1120/25,2026-06-15,91364,01bbc135215d6391281e92b7dee1eb11,True,92
court:13900556,court,12/88-10,2011-02-16,28949,88be61fb095f66e9d240db370eb51106,True,28
court:139020157,court,910/1859/25,2026-08-12,80142,a58ae49fa68fc73cc79ce34c434eccb9,True,80
court:13953040,court,3/124,2011-02-16,10948,9849cf2d14d215ba044e77d4315c3776,True,11
court:140728,court,15/334-06,2006-09-25,25703,2e5351ac3770103118bb75a6abc3dcb5,True,26
court:14104518,court,12/228-НМ,2011-02-13,35973,596f81f24c2a2fd5970495bb7ce94506,True,35
court:14104610,court,11/65-10,2011-01-23,24540,198d59706b846ca75f6711d21a5ab0c4,True,24
court:1412671,court,29/210-07-4291,2008-02-25,10496,1163032d9fd2e9d103212835b7afa850,True,11
court:1412765,court,13/89-2096,2008-02-25,13907,8e18a500758446ebca65d5f0419a5a4e,True,14
court:1412766,court,15/334-06,2008-02-25,19601,cbe53b7813642696f33a0622a0d19316,True,20
court:14152370,court,2а-10077/09/2570,2011-01-19,16575,1b0944469509b003599f2839ff3251bc,True,17
court:1417053,court,30/443,2008-02-11,35012,de2a4f697c036ef221e0f21b42f06fdc,True,35
court:1417112,court,38/10,2008-02-04,34230,226c60b6f11ab2596a22d8f6fb64b450,True,34
court:1417885,court,15/187-О-06,2008-02-11,8808,0e53b0e116e8373d363304c42850f6d3,True,9
court:14215602,court,69/01-10,2011-02-27,48159,c3848c29879bb3f534310cae9aab61e7,True,48
court:1422473,court,22/386/07,2008-02-11,22166,bc4f1fef4a75ce8139ea0179ca426dac,True,22
court:14354531,court,10/93,2011-03-09,17833,d4da0cf46c34de574d55f4671d69dbc3,True,18
court:14399300,court,18/67-10,2011-03-16,30343,48a087bfcda57a5335a4895d5e95057c,True,31
court:14409772,court,3/1/5022-2/2011,2011-02-23,68258,4927437b969d74cac6d9065ed11c7da7,True,69
court:14425254,court,2а-3438/10/2470,2011-03-23,20182,d3b6d5562175958a4f90fc5744b1a5dd,True,21
court:14427443,court,20/5025/60/11,2011-03-14,26774,07efa1bd9c5e6d35b512d308db39b8b2,True,27
court:1447717,court,14/593-07,2008-03-03,18331,2580664e262a01a648cab2495e5dc90d,True,19
court:1448558,court,15/552-Н,2008-03-03,18247,db9f38192f655db6b83654e417b68937,True,18
court:1448638,court,20/127-19/140,2008-02-06,23503,0f5abe1c4fab1bdfa9effaa4220e5b06,True,23
court:1449193,court,15/398н,2008-01-23,40297,1b21db614756aa5d0a62e9c2a0a54506,True,40
court:14639545,court,7/3/5022-69/2011(15/25-557),2011-03-29,22745,f75f925c5fbc09994f5b80f9c7d315cc,True,23
court:14757269,court,6/643-32/453,2011-03-28,14267,ec2032a415f211009371af1e5a124689,True,15
court:14764666,court,6/77,2011-03-30,24019,764da7539bd86f31c9ecfdacf255aa6b,True,24
court:1494654,court,18/376-48/354,2008-03-10,25609,f95a94bf8b3b4e7fb4ee404189e02b24,True,25
court:1494655,court,18/375-48/355,2008-03-10,26280,2e128302f1704d771724500c63ecdca4,True,26
court:150527,court,17/79,2006-09-25,15054,3e852f3e6a0b3461cd9221f3bb64aabd,True,15
court:1505592,court,48/482,2007-09-17,19323,fd68dce621057b55df18ca640b7fb481,True,19
court:15094651,court,5005/2615/2011,2011-04-11,19320,12b2b696860a7656269bd37c71fcd678,True,19
court:1510127,court,13/85,2008-04-01,28235,1bf47dbedd184ff5299d449789a7e02d,True,28
court:15109561,court,42/232-7/667,2011-04-20,23897,8f065f982d5c1b14ac6a897b6dc62193,True,24
court:15116478,court,10/93,2011-04-27,12629,8fa90fe0e2d1ceb07159d61b36a0f6da,True,12
court:15225533,court,5/301-08,2011-04-17,7138,4883ef410db6d8e814bff3d36110b44b,True,7
court:1542159,court,26/43-08 (30/221-07),2008-04-14,19618,d160c0d5f52df469105b6c016272a6ec,True,20
court:156133,court,9/205-06-5910,2006-09-18,14670,eb42afe694cba146fe2f394857103439,True,15
court:1563247,court,30/443,2008-04-15,32174,b46223bcc6ff41de10413c63722426ce,True,32
court:15864335,court,5/161/10,2011-05-26,31154,517025d644499a3309f195486a61e95c,True,32
court:15869009,court,5021/1035/2011,2011-05-25,28556,f6638496a2610fee7eb7e27645fa3a9e,True,29
court:15871936,court,5019/679/11,2011-05-18,24307,199bd16deaa4a74261af14218a892485,True,25
court:15928663,court,10/131,2011-05-26,34574,7b14c279ca8c824b051f0820a8ca2be2,True,35
court:15932690,court,2а/0470/2501/11,2011-05-24,20964,1d13c86f807f098a3457b0b451cca00f,True,21
court:15992966,court,5015/1040/11,2011-05-17,59572,44be3711e695313e0f710de300480692,True,60
court:16282096,court,7/160-О-10,2011-05-16,18712,646406a3313373133e04afbd658b7466,True,19
court:1630673,court,17/96,2007-07-31,16155,b17d70f62578963d4a8dcc534c21050d,True,16
court:1634648,court,8/53-1053,2008-04-13,15030,5b814ff8d46ebf3dbc3a14e55735406e,True,15
court:16464287,court,14/259-32/295,2011-06-13,12815,cdecbf22f0609a222dcf725d2678ae13,True,13
court:16471235,court,5023/3224/11,2011-05-30,21538,4e566233d5c512dde10d135eb98ccdcb,True,22
court:16472251,court,20/5025/60/11,2011-06-14,26899,3dff0a39b6f75feec0c5abd476b9922c,True,27
court:16531723,court,20/5025/801/11,2011-06-19,15664,7cd5a5f05704e0880caeab33852fa8e6,True,16
court:1653746,court,16/788/07,2008-05-12,19362,a18413af507cc29f522837827c7969fc,True,20
court:16568886,court,5021/1034/2011,2011-06-14,23773,2f7245327b7a80b9e44c2bac95f1de86,True,24
court:16645037,court,2а-2475/09,2011-07-04,16198,cdae048b0622c3470201e82c8e4a55db,True,16
court:1672880,court,12/20-412,2008-04-14,18326,23aa702e9cf034e522440dbd57258ca9,True,19
court:1674971,court,13/530-07,2008-04-21,13784,33c3a70540138b61c134f517db15ed50,True,14
court:16949608,court,5020-751/2011,2011-06-19,20189,88ea86ac92ff6d398787892eb663151c,True,21
court:17069790,court,5020-594/2011,2011-06-19,20329,c20819bcd872c0405623aee62e831670,True,21
court:17069792,court,5020-657/2011,2011-06-23,20343,f51c43220dc4096716691e7f69a55f8f,True,21
court:17070323,court,7/3/5022-69/2011(15/25-557),2011-07-12,23870,b15d6caa3f3104bdf6db74602400b549,True,23
court:17302046,court,15/75,2011-07-24,26337,5090e3d5fab28f482aafee40c31cbdb5,True,27
court:1730905,court,14/593-07,2008-05-14,35838,e485335f8d0d08c9075b673ca4ca8b91,True,36
court:17317942,court,23/13н/2011,2011-07-10,31360,9577e965de4a8bd2626a474fe7afbcc5,True,32
court:17324868,court,5010/1265/2011-14/66,2011-07-21,22152,de51a5635a056b15823eb9e595542994,True,23
court:17325401,court,5/17-2160-2011,2011-07-28,47986,34c65a47fa4897544c7d891c7ad019a3,True,48
court:17621857,court,5019/679/11,2011-07-12,14073,adcc3e0bd929f78e57d393a6cfae3589,True,14
court:17674179,court,08/1799,2011-03-29,27537,2ca5d099512435c97e60965a4f8af5d6,True,28
court:1770346,court,15/552-Н,2008-06-16,9673,65fd797c72ebff4fe2bf8ed7e3a61986,True,10
court:1772000,court,26/43-08(30/221-07),2008-06-16,19511,7a485abb7cc8dc69c0d0d153fbf4c84f,True,20
court:1776906,court,30/56-08,2008-06-24,4344,2fffc04aaf59b36e73810f9603f6e124,True,5
court:17777129,court,5021/1021/2011,2011-07-19,33112,d3741bd6b0bbb051e001bd122eadcd99,True,34
court:17851655,court,45/17,2011-08-16,23393,de207fdf60f009b95e5339e64debea8d,True,24
court:17858604,court,5021/1034/2011,2011-08-02,34614,7399a5e8cabc2652c3499302f26a74bf,True,35
court:1802357,court,20/127-19/140,2008-06-30,22182,c45bc63fa6ae3b2f40208c923e63bf36,True,22
court:18142523,court,2а-1543/11/2770,2011-08-17,23298,3c73ed4618ef80e2ef3d18c869a236b0,True,24
court:18195359,court,12/88-10,2011-09-12,50932,a4796f9611352a2415bb1e0fbf14c505,True,50
court:18290892,court,13/97,2011-09-19,30768,37de383f050e128a2131e6afb1626477,True,31
court:18369981,court,18369981,2011-09-12,6535,89c06cfd08a2f02479efefa3d464f473,True,7
court:18496912,court,6/5007/81/11,2011-09-26,28625,208be35a03929029e0896e9730872633,True,29
court:18507496,court,25/219,2011-08-29,78057,2f06012452960a93e78d78b4840a5018,True,79
court:18584792,court,5021/1021/2011,2011-10-02,35142,63c4a8b89bf1130c9d8ed3997fa978eb,True,36
court:18591361,court,5020-751/2011,2011-09-28,20334,bdca9cb4b7c3998aa485208ad3cb9fda,True,21
court:18766668,court,59/118,2011-10-11,44434,86bd6f4f70067b2d53cf53498e76b9e7,True,45
court:18830666,court,17/64/5022-1211/2011,2011-10-19,36247,74434dbd941f46c45381e597f0197d30,True,37
court:1912676,court,10/259/08,2008-06-04,13953,1783bc2dd5102c3e3c92a6f0519352e0,True,14
court:1912681,court,10/259/08,2008-06-04,13968,472b51a545392457440bbd1f09c78d64,True,14
court:1913422,court,10/259/08,2008-06-04,13951,1783bc2dd5102c3e3c92a6f0519352e0,False,0
court:19228754,court,5021/1279/2011,2011-10-30,18107,00401ce1afc12e4e644217eaec6b4f7e,True,18
court:19228937,court,25/219,2011-11-14,73978,3403c1faeb71cede53d915c994d07c42,True,75
court:19282190,court,59/221,2011-11-13,7130,5c8aacbb12d0eb319c99e4a61c21a0af,True,7
court:19318397,court,17/212/10,2011-11-14,63945,3e2d4b8d0c27a867c1df73a1a48ecad3,True,64
court:193352,court,17/214,2006-10-16,12047,2bbba3a0beba8c657a95aab9ecf61231,True,12
court:1944615,court,3/36,2008-08-03,7934,18492b3ebc7f1db4b3415785a7ce9b73,True,8
court:1952939,court,13/85,2008-07-21,12746,2fdb3a5ec9af081b9b7d669968af2639,True,12
court:1953053,court,5/301-08,2008-07-29,16629,05f9ba928d27ff527ad8b8e97db7b02b,True,17
court:1953194,court,5/100-2012,2008-07-16,20673,f61e0fdaa21a33d2b606ec91e9548d2b,True,21
court:1955290,court,5020-12/099,2008-08-13,9244,153babc43d2fa385193aa36cb158edc5,True,9
court:1984713,court,14/593-07,2008-08-18,24046,de1e7b6ebe082866f6355b99ed87b8e9,True,24
court:19883049,court,5010/1749/2011-21/76,2011-11-14,12500,f1bd6f569d236ad52d02d1047f178a52,True,12
court:1988479,court,30/56-08,2008-07-08,30450,fca6a8db2d3276d59cedd36eccaf05b5,True,30
court:19923176,court,5021/1465/2011,2011-11-29,29511,339a1185964b0bfb5683ed0dd0d7b0a4,True,30
court:19996532,court,14/259-32/295-9/173,2011-11-30,30887,4c91ab8419cd6000c13527e0e467206b,True,31
court:19998090,court,12/88-10,2011-11-28,20034,ccf766337ee197fd583ae4910d17802c,True,20
court:20020807,court,59/118,2011-11-28,20552,4449da2740698407a8acde2ebd18eacf,True,21
court:20117725,court,6/5007/81/11,2011-12-11,46998,ed2c1bb93ab93ccdf829a5ff26f10be2,True,48
court:20271066,court,28/142а,2011-12-21,65504,dcfa4436269a62cb9d7d514a63071e7d,True,64
court:20532116,court,58/492,2011-12-20,29109,05e9bd6ce348b720e23852065340d6d0,True,30
court:20544117,court,58/498,2011-12-25,26184,9a9bc4b8cccdd897e0fd0fd7f36a35f4,True,27
court:20660473,court,К-58071/09-С,2011-11-14,12294,9f5c16b0cf849edbc2af443cfae05889,True,13
court:20660566,court,К/9991/51021/11-С,2011-12-20,25466,50418749bf01cb35e3ce422631a705a2,True,26
court:20703468,court,17/64/5022-1211/2011,2011-12-20,28036,50636ded63c011e57c9299c765e7d373,True,28
court:20788604,court,5028/13/139/2011,2012-01-10,24153,78aba5c861f1ff9b86db94899565c5bb,True,25
court:20800587,court,13/97,2011-12-20,36513,4e5a20e1b3cf6101b1f25c5b7d579075,True,37
court:20967281,court,2а-3831/09/1970,2011-11-27,7502,4a929c3ed3586232ee03208e11e1b000,True,8
court:209675,court,8/278,2006-10-30,17885,4453c8a7f178bf56d7096bbe31700cc1,True,18
court:21077628,court,2а/1570/10497/2011,2012-01-24,19736,14545c3e9b80865a9c94f56a827c9be0,True,20
court:21209945,court,25/219,2012-01-30,16547,6c99c568d22b59102339007e96a26e05,True,17
court:21426483,court,5010/2447/2011-16/105,2012-02-06,19452,5e7fe7e2d4aa0a49df7caa059db4dfb9,True,20
court:21445211,court,28/142а,2012-02-14,37756,28dc7a9fd8afcc09aced8453a29e4656,True,38
court:21549225,court,5015/7144/11,2012-02-12,14892,7ba45e4700ebeae61a08dc76377b7d98,True,15
court:21550556,court,5023/10690/11,2012-02-05,35118,1fd4a70a42f7f2f3bb9a06efc0983cfa,True,36
court:2155972,court,30/443,2008-09-29,16654,f746d6fd819f341d1507d695f458559a,True,17
court:21663152,court,9/5009/6463/11,2012-02-20,35980,a6f0c7cfcaa4be1ca30a8b272766f000,True,36
court:21707830,court,58/292,2012-02-28,24456,293844cafcae31fe0ff6cf2c4e9cdcda,True,24
court:21736472,court,2а-5199/10/2570,2012-02-15,15021,9fe271da31574a454076718662876df2,True,15
court:2175092,court,14/593-07,2008-10-12,33244,f6b0c7b6edd6620c2c6f493f85a49b4a,True,34
court:21778935,court,58/570,2012-02-23,36398,963e43ecc33bce06ca866aa1af344dd3,True,37
court:21780620,court,18/2617/11,2012-03-01,24628,345f3697b811c9ecf6b57450b2c09e6f,True,25
court:21780999,court,25/5005/17588/2011,2012-03-04,35197,c893f0dd24ca3641dc55736e7682253c,True,36
court:21838824,court,5013/60/12,2012-03-05,35068,165e87d69f0a58f1900a84cbfefeb62a,True,36
court:21965998,court,5024/129/2012,2012-03-05,46327,5cff0b90793580a7b2139ec6dd5d45fc,True,47
court:22033900,court,5/75/2011/5003,2012-03-19,12648,6b114fcc1abd22dca43266707b5cc9cf,True,13
court:22075,court,12/30,2006-06-04,31437,e18efbc67724086db3c86d69748c8766,True,31
court:22239765,court,39/222,2012-03-26,43069,bad666733a03989795772980ec2c0791,True,43
court:22240709,court,5023/3300/11,2012-03-19,31202,638c5b97a3eb60ab0fc444a7c15695bd,True,32
court:2227983,court,4/44а,2008-10-28,27102,9602b67bbac95486c533a560b1f5f415,True,27
court:2232348,court,13/530-07нр,2008-10-28,52216,72f6d74347957d1eec7e879aade40777,True,52
court:2234118,court,5/301-08,2008-10-26,15348,b1914ce320538088253e9774a528191b,True,16
court:2234376,court,3/180-2930,2008-10-08,24994,22a9ffc5bd74d0ae42d3e6c262c99a13,True,25
court:22356045,court,1/1/2012/5003,2012-04-02,28218,9cc7389b90e1b2e055817d383af25bd9,True,29
court:22475790,court,29н/5014/709/2012,2012-04-01,18489,8de78e61533e03b4044ab0f07329cb5d,True,19
court:22483328,court,21/5007/119/11,2012-03-27,55057,b2c9d7b015960038414782916c119b2c,True,56
court:2256599,court,6/48-88,2008-07-22,20367,b01406c97ce64b0f78e6b46bfcf8594a,True,20
court:22603642,court,5009/605/12,2012-04-10,13737,09b47218a9dbf6646a68d613481e97b2,True,14
court:22604614,court,3н/5014/741/2012,2012-04-09,12346,ea7379163d72263fd0d6501e980e76a1,True,12
court:22644727,court,28/142а,2012-04-10,23340,2d599f6437a3f34e03dc18a38c96f627,True,23
court:2284122,court,10/259/08,2008-11-06,18874,d9cc3c049d4610e257920748b01c721d,True,19
court:2284860,court,16/432/07-НР,2008-10-06,14044,b6122c3704b96b3ba3ccb4d471227534,True,14
court:23540161,court,1/15/5022-120/2012,2012-04-05,18351,919ec2ec80c0233494064a75e35ff2f9,True,18
court:23551989,court,1/2/2012/5003,2012-04-19,24731,2a7536c885cf379826f339c0b44131ed,True,25
court:23555465,court,58/454,2012-04-10,41112,ffc3698225f810cabd622118d8fb58c3,True,41
court:2366288,court,26/293,2008-07-20,17930,567ae617ddea7eb09911c81f404e3023,True,18
court:23666403,court,5021/381/12,2012-04-17,33865,f1a2154bafa87e2b8fe332ce8ae744fe,True,34
court:2366861,court,19/106а,2008-11-11,36753,5d39ff309f7e4c89945a8b6630f94f0e,True,37
court:2367551,court,30/56-08,2008-11-11,16139,cf943e49b00d8bc678179b575fa41339,True,16
court:23676351,court,5013/188/12,2012-04-19,30313,5ce8eebee2d4595da5570609358d5a1f,True,30
court:23676732,court,58/466,2012-04-11,31772,a839ce734057f3bf2cdc3d4677f8155f,True,31
court:2368991,court,8/327-08,2008-11-20,45396,4658eb2b8b2a8a15a3e54c68c4e88193,True,46
court:2369247,court,19/106а,2008-11-11,36753,5d39ff309f7e4c89945a8b6630f94f0e,False,0
court:23706179,court,14/259-32/295-9/173,2012-04-11,28325,dce2d3ec00eef46e60fcd4adeeeb4d10,True,28
court:23712803,court,29н/5014/709/2012,2012-04-22,20540,7f8598130e71da842f14a4d917a5f8e7,True,20
court:23712925,court,11н/5014/584/2012,2012-04-23,14772,046f6e4e25333ae4f2d9ea304ed9b42c,True,15
court:23789091,court,2а/2570/1288/2012,2012-04-26,21418,44bcd41dcfc67d7bba2e94044b7409fc,True,21
court:23795523,court,5011-58/2195-2012,2012-04-22,19857,a84d03e8012481b3859e1ec11fc3b8f1,True,20
court:23795620,court,5011-59/876-2012,2012-04-26,65399,b2cf1dbbe3e598e115f4ba51aa2e0d18,True,65
court:23796340,court,58/561,2012-04-17,32874,6086ee13e2803b8dc3206288ff7b9e51,True,32
court:23796680,court,5027/1339/2011,2012-04-18,14428,7847f871ffa042094f3faa591c92ce0e,True,14
court:23854219,court,58/292,2012-04-24,14202,47dd9c4ef0b9f3d8d4c341633c2ddc52,True,14
court:23863775,court,5021/2573/2011,2012-04-25,27830,aa0c40c714978c7b99606c1164e6bb2c,True,28
court:23942589,court,29н/5014/709/2012,2012-05-06,22140,8f1e02f652298aa9629ef55ec5d6b9af,True,21
court:24056261,court,39/203,2012-04-25,49240,dd1c2c470aafa42923b78fafa6b7c1aa,True,49
court:24157192,court,5013/60/12,2012-05-16,30210,d3a00a7d342703e09bb9e3830281352c,True,30
court:24171753,court,18/427/12,2012-05-09,26911,6c61abd9ffff766acde89c75a90a0f5e,True,27
court:24171888,court,18/317/12,2012-05-09,37508,8345edf05c8dadec046165cc6262b898,True,38
court:24202999,court,2а-6307/11/1270,2012-04-19,26384,78b69701fcb202cb789eca9136138cd7,True,26
court:24204735,court,5023/3300/11,2012-05-21,9979,dd9b8fad6027b89f09c50de78866a580,True,10
court:24205439,court,5013/255/12,2012-05-14,42968,5640b57553de1f24d34c9894e7a9cfec,True,43
court:24269357,court,5008/203/2012,2012-05-15,63864,af7df8eb5ba6319fa7ba3cac91a73786,True,63
court:24269915,court,5011-59/2398-2012,2012-05-20,34637,b06e6489f9d77141c5cf49019adddf61,True,35
court:24270338,court,6/5/5022-27/2012,2012-02-29,24658,81ab9fc4315ae52eb4e54bc5bd5a3ae5,True,25
court:2429343,court,16/86,2008-07-07,14042,c12809cb60318c52d3d31b7c2b7d30ae,True,14
court:24305044,court,15/5007/8/12,2012-05-22,23169,c462d60df1051849e144d231b19fe891,True,23
court:24373690,court,5010/1749/2011-21/76,2012-05-28,12975,7c1748bd06d6fb46ebec9e4698d874fd,True,13
court:24375305,court,5011-58/2255-2012,2012-05-20,38418,cbdb13d81fc4ba92a62e49f54896cdaa,True,39
court:24376300,court,5023/1479/12,2012-05-23,33223,c4b4c89e263fe34e80f20fee97ac04d1,True,33
court:24377253,court,5015/7144/11,2012-05-20,23705,95e4275f40805dc84de3efdcfb8287ee,True,22
court:24380451,court,29н/5014/709/2012,2012-05-28,28367,887c1b1c19821ab20a5f964d186319d1,True,27
court:24387794,court,17/23/2012/5003,2012-05-28,24040,a2734e16299b7aba1dd8658a7139685f,True,24
court:24388076,court,5/75/2011/5003,2012-05-28,43155,3956b423ee7230008c7c78a9d4293488,True,43
court:24461958,court,1464-2012,2012-05-30,5122,e64d52c2b630369953cfb5545e3b150b,True,5
court:24486515,court,21/5007/119/11,2012-06-04,15066,f831b67ef2e4082c13435bf3bcc3e067,True,15
court:24486591,court,39/222,2012-06-04,14970,75c57313e7418e6b704da2fce70b365d,True,15
court:24564381,court,58/492,2012-06-05,13357,95c656cfb0bf437c41a75d9bf91392cb,True,13
court:24565526,court,58/571,2012-06-04,38598,eb1bfde30fbf4ed8e1dc020429d5d454,True,38
court:24597846,court,1464-2012,2012-06-10,4102,ac5b7b5a3763a76a7778c83a36369ab0,True,4
court:24599191,court,5024/129/2012,2012-06-04,35464,7b64a84e9a82b54c9a36ea9a022a6a90,True,36
court:24699100,court,2а-10446/11/1370,2012-05-30,31865,a4aaaa92d8beef95a5b1a6e5130f2644,True,32
court:24723556,court,3н/5014/741/2012,2012-06-11,44410,ae0e858e2a1a6c1ee4452fbe7d335844,True,44
court:24723583,court,29н/5014/709/2012,2012-06-11,53071,3e75ef1a05fd0b31dc12b318ba783acd,True,52
court:24793867,court,18/28/2012/5003,2012-06-13,23255,c2da8b7cc03db6e1225cba9f69d4b4d6,True,23
court:24795816,court,5013/152/12,2012-06-12,22107,52cd4e3f5540789949aa59d1230e91a7,True,22
court:24808667,court,0870/4457/12,2012-06-05,26206,751eb4385e738749a43f1d6806e82be3,True,26
court:24822511,court,58/554,2012-06-18,17726,f7bafa5ea9e4ef3cc71c276349900a93,True,18
court:24882901,court,5023/10690/11,2012-06-17,32993,39172d5c5b6b9c594b7610ef4cfb3308,True,33
court:24907959,court,1464-2012,2012-06-18,8519,609e122851d3f3d316eeb486799694a9,True,9
court:24922697,court,58/466,2012-06-19,13590,0919f721bff60a6982de3aaca79635fb,True,13
court:24929931,court,5021/796/12,2012-06-24,27876,c78d2059979bb62582ec18c3249c6e1b,True,28
court:24930848,court,1/15/5022-120/2012,2012-06-19,21976,01a54db68039f9b5364e67bd231fa08d,True,22
court:24953708,court,2а/0370/1530/12,2012-06-25,22100,ebd62a150827ef91399b1b6c3af34a9c,True,22
court:24967701,court,58/561,2012-06-25,16289,c086112deb89746de797cbb3d4b2a5f8,True,16
court:24967838,court,12/42/2012/5003,2012-06-25,48190,1b2f23b11df82bed8849754cac1edd34,True,48
court:24968848,court,5013/176/12,2012-06-25,19705,d5abf2b055b1c63678f9610a1c0bb9f5,True,19
court:24968984,court,5021/381/12,2012-06-21,36096,f2d5c5736f57c98b6684a8aea727c262,True,36
court:24970703,court,2а/0270/2192/12,2012-06-25,25482,6794db070d9279e2b0c5674c5e17a0df,True,26
court:24977883,court,58/498,2012-06-19,27300,2c8e283de3c68cb7eb22c2f8e4cdf3dd,True,27
court:25104411,court,16/11/5022-282/2012,2012-06-25,45940,50d35eed140f816a9b3290da7e7aa5cc,True,46
court:25139887,court,39/203,2012-07-03,17876,6e5b22e5b2ed8f50024bd791c3e382e7,True,18
court:25140035,court,14/259-32/295-9/173,2012-06-25,16431,7085c358b21eb520b385ceffecf729ad,True,16
court:25145096,court,5028/8/1/2012,2012-07-16,11516,1499bd364eac057cc5e4972e45513adf,True,11
court:25160342,court,15/5025/646/12,2012-07-05,26741,aacd3845faafbea2f28b677d530aac44,True,27
court:25160885,court,5020-243/2012,2012-07-02,13932,26bf6aa34e783a9e5fc2971d9badfce2,True,14
court:25176699,court,1/3/2012/5003,2012-07-12,24504,f001714f0fde0a6c91a5ee0ea3300c23,True,24
court:25177353,court,5008/442/2012,2012-07-10,11571,944da397abab49657c5e24c0120357dc,True,11
court:25178721,court,5015/6832/11,2012-07-04,33800,aa5708ee73fcbf322cebf7a8222b0327,True,34
court:25183034,court,5011-58/2255-2012,2012-07-10,35687,3b739b4bc8e5050aa7592f96dbd8d658,True,35
court:252064,court,17/214,2006-07-11,13501,fc8d7d65f8354f79f9111771ddd98a7d,True,12
court:25301562,court,5010/1265/2011-14/66-3/16,2012-07-11,17448,8dca54b7106a4e7d7a8738ed34318464,True,17
court:25364175,court,23н/5014/1104/2012,2012-07-19,22645,13564eb357f29639b31f46ea1ea28156,True,23
court:25364636,court,5008/203/2012,2012-07-15,44744,39792b2a03a5e1462454d7caf104f70b,True,43
court:25492098,court,9101/89360/2011,2011-11-09,18686,3e0370b0b7a6ad8a37cfbe6c3d8c4c2e,True,18
court:25504563,court,1/37/5022-535/2012,2012-07-26,16766,021f0ed19977048c02ff021a6b8501fd,True,17
court:25510258,court,18/317/12,2012-07-31,65366,60d6f9a0df13fd1124c35ac9f05c201f,True,65
court:25552410,court,5023/2360/12,2012-08-05,17285,5a1cae70afc589bea96a9ad208dd77de,True,17
court:25585425,court,5004/923/12,2012-08-08,14136,f10f201988b13b1e3844bf7064c83444,True,14
court:25601762,court,4381/12/2070,2012-07-31,25029,10ea60db93273eb82ab3f00a23a9b61c,True,25
court:25615422,court,2а-2323/12/1470,2012-07-15,11591,e43280c6ba3ae487a542e567539ac81e,True,12
court:25677708,court,5009/2318/12,2012-08-07,33977,19e38d0491d296d7d1c63aecdc9ba12b,True,34
court:25677918,court,17/23/2012/5003,2012-08-19,19997,7c77be8d67b87e9f58dc5e51f8406d49,True,20
court:25690031,court,5013/255/12,2012-08-13,23195,a181eae1affe579c1701980274948648,True,23
court:25709245,court,58/492,2012-08-01,11630,5a9d8120ecf3fb4943c122092dfbcb22,True,12
court:25709271,court,28/142а,2012-07-31,5939,126920dbc91e64a29331ae09a15bcfac,True,6
court:25709332,court,59/221,2012-08-20,19512,31e2711c3b8ece1b0ecdeddfb6ae2b02,True,19
court:25709638,court,39/222,2012-08-01,11251,0fd03efa9287cdba89c588739414d91e,True,11
court:25711137,court,12/42/2012/5003,2012-08-07,23812,fb502b7765a7411dcac01380ad1344e6,True,23
court:25798680,court,3/5007/18/12,2012-08-13,69276,4a90ffb490ec9b113976d0cfad9bc31f,True,68
court:25848085,court,58/498,2012-08-28,17980,9950747d1ee1f32235c57c82cfde6a01,True,18
court:25849257,court,5011-59/632-2012,2012-08-29,43280,7a937fc88cd9d595f1478ca27a2e907c,True,43
court:25860074,court,5009/2447/12,2012-09-02,70776,80e0fd2de596b197d054894330a6467c,True,71
court:25872266,court,1917/12/2170,2012-08-30,27972,6313be74be7283d753d8468e2b9ff58a,True,28
court:25890577,court,5009/2452/12,2012-08-26,53266,853e50edf9ef6ee31ed36670eb85057b,True,53
court:25891098,court,5011-59/876-2012,2012-08-22,32291,56437ad6537c877261898857f6143d15,True,32
court:25899416,court,29н/5014/709/2012,2012-09-06,22905,86b683cc882b49bff66fd570781cd188,True,23
court:25930175,court,5004/822/12,2012-09-09,60801,eb1e6368ddf8b5d0ee3074b82112ffe6,True,61
court:25930616,court,17н/5014/1734/2012,2012-09-05,16379,ff5c874d10d412dc80b6cd1aa74a0801,True,16
court:25963566,court,5009/2455/12,2012-09-10,43266,4f15e1ae6bf4916c536b3639f431997d,True,43
court:25975791,court,5023/2728/12,2012-08-27,26854,4249d583d8df538386ac77d0fc37ad67,True,27
court:26021468,court,21/5007/119/11,2012-09-09,39181,db3427b929a0f7fd0636b9e8e58c05d5,True,39
court:26047429,court,5023/1479/12,2012-09-16,32757,609b53a7b61962810d02d39bbd9f32a1,True,33
court:26052637,court,2а/2570/1288/12,2012-09-05,17974,ecfd08fa0979ff4ac92a1eab61bed6d3,True,18
court:26086136,court,5021/1042/12,2012-09-17,17118,99b191d141af868a198401c50afe5f53,True,17
court:26086266,court,5023/2360/12,2012-09-19,26420,21dbc38e3ea38f7b1decbf07393119c1,True,26
court:26127904,court,16/11/5022-282/2012,2012-09-16,41863,6edfc905f79f19d36682554cdf2b2e55,True,40
court:26127970,court,5015/6832/11,2012-09-16,30607,5a19deb80a632e22ef18a6f47bd606bc,True,29
court:26168401,court,5010/1265/2011-14/66-3/16,2012-09-19,17231,cdf1f130e4cbc5c66f46325c6e0d3187,True,16
court:26212173,court,5015/6563/11,2012-09-23,34388,f03b1eec8c6948907177b44fee547991,True,34
court:2625119,court,13/85,2008-12-15,17706,031716c0ec0624c8889ac6be903d3d45,True,18
court:26265736,court,11н/5014/1951/2012,2012-09-24,18928,1bee3f2305245ab8acc83435f322960e,True,19
court:26287267,court,18/28/2012/5003,2012-07-17,17617,f911702273b63729b120ca05c2d65e6e,True,17
court:26370040,court,5/31/5022-629/2012,2012-10-04,26396,3a9e4273f7e53de7991dd113505fdf37,True,27
court:26378777,court,2а/0270/2192/12,2012-09-25,24429,f88e83b749df7dc832a1e00a435ff497,True,24
court:2638182,court,6/388,2008-11-26,21692,14c2c22507568ee382ce03eda03575ff,True,21
court:26384853,court,5004/923/12,2012-09-27,39282,59db03c971bd908ae07982ace86df3e5,True,39
court:2639230,court,27/88-08-4151,2008-11-30,21120,896dfd0004a4ffbc4ae685e8b30bb014,True,20
court:26431295,court,5023/10690/11,2012-10-09,24188,7661e496b999f3ac59a33cc9d5d167c6,True,24
court:26432324,court,5016/1525/2012(1/69),2012-10-11,28119,fc77ba12a747876af6671ce5675447c6,True,28
court:26432867,court,5019/816/12,2012-10-09,29451,7eecf5ac6b6b9c2fa0a9f77a7b3a19ae,True,29
court:26440865,court,2а-1670/6059/12,2012-10-10,36113,31b1ba225a98e03f4cdc0e0e6632d4b8,True,36
court:26444245,court,1/37/5022-535/2012,2012-09-02,15672,eecf6ed60d70c2e9475ea88398aedc02,True,15
court:26510433,court,5024/1244/2012,2012-10-15,19863,3f52a12fcc44cb848e535c66dc0f0ea6,True,20
court:26517303,court,2а/2570/3041/2012,2012-10-23,30517,a4ec8e757f09c63ecedaee0da0ba6603,True,30
court:26857242,court,5002-11/1080-2012,2012-10-22,19966,0a6d374dccbbc0f28590f4dba287fda1,True,20
court:27030899,court,3/5007/924/12,2012-10-22,54434,b04afa764c401bc74c0c8020276ca0b3,True,53
court:27133223,court,5023/2728/12,2012-10-29,35590,9a2d208040366ccea9dbce5b683c87ab,True,36
court:27209900,court,5009/2369/12,2012-10-21,45740,95735004d8b736217e2b945835c7ae3a,True,44
court:27295399,court,23/5005/7593/2012,2012-10-31,24847,8f513fe7b598bd52ddd536e952a16155,True,25
court:27296488,court,5011-74/9393-2012,2012-10-24,40099,8f28e9416c8c1a4d388b86499574ddee,True,40
court:27478163,court,5023/2360/12,2012-11-12,17408,9afee8c76498b369e310b88a11007048,True,17
court:27541787,court,5017/1376/2012,2012-11-12,30533,a53f1dc174fb6761c7eab19bba9c1864,True,30
court:27542080,court,5011-23/10721-2012,2012-11-18,37151,359b2d9201576042d13faea398a62a47,True,37
court:27564387,court,5023/2467/12,2012-11-19,17494,b9bd3f19889c2222ff4144693264c789,True,17
court:27564513,court,2/5007/1164/12,2012-11-13,45190,8c32eb723aaeea4f3008622ce106edbc,True,45
court:27565540,court,5004/822/12,2012-11-14,47699,ab7bec21cfc9eecd3723d97fba500b05,True,47
court:27612448,court,5011-59/876-2012,2012-11-19,21002,a4468e644f242ab8e37b15f3dacf08e5,True,21
court:27713,court,19/297А,2006-07-03,27445,e21d5e3e0699dbc8c04b7a8a8497849e,True,27
court:27763873,court,5021/1042/12,2012-11-29,20270,73bbd55e3cd5dc6ecc70ebfe40bb5470,True,20
court:27840545,court,5019/816/12,2012-12-03,13450,e1c5da3d7aaea9f8176e3da833e88d1d,True,13
court:27862132,court,5008/442/2012,2012-11-29,17357,2a6193959b0be22215f62ddacb985696,True,17
court:2792809,court,19/106а,2009-01-15,26593,6f435bd1d54b6692e2dbce6e3b965145,True,26
court:27944862,court,2а-6318/12/1370,2012-11-26,34825,259f34d6f9d7690f74a8cba02d4c0b04,True,35
court:27967477,court,5021/608/12,2012-12-06,39593,76ded43061db61af9a65d53d32cc12b0,True,39
court:27990825,court,18/986/12,2012-12-09,27381,ed54b0ef99de9f058c65fcb7cbc610af,True,27
court:28006643,court,5015/6563/11,2012-12-05,26830,62255ac7e712cb77bb911a4dd4c4fcd1,True,26
court:28010648,court,5016/1525/2012(1/69),2012-12-11,26048,5db539e83535748bbb1dca8056c84f17,True,26
court:28046511,court,18/1513/12,2012-11-19,39911,0d3dd309c1da433e6ac8fb9ff7cdbd85,True,40
court:2805522,court,7/154-3226,2008-12-16,17240,55bb8ba3733fc8919a82d2b9558cb9db,True,17
court:28073211,court,14/259-32/295-9/173,2012-11-18,7389,ce218cfbd94a8a2dce1827b3267a995a,True,8
court:28075162,court,18/1561/12,2012-12-09,23758,b39582f27c84a636d4b4801b61583edc,True,24
court:28138395,court,18/776/12,2012-12-05,50684,5ade96568264ec92bf05601c308c557c,True,50
court:28140315,court,2а-4381/12/2070,2012-11-25,25918,074d748af7aefb392b04bc85530ffbce,True,26
court:28213509,court,19/142а,2012-04-02,26173,7fac1fdf1bc32f8289369658d83967eb,True,26
court:28213512,court,5009/605/12,2012-04-10,13641,51e323c71c1ccfc7bd94af4fc6f066ad,True,14
court:28214135,court,5011-59/632-2012,2012-03-11,50809,8eaa889cf265aef1d7e03c88dd127c45,True,51
court:28230025,court,3/5007/18/12,2012-12-09,28153,29898bc8edf0ffdeb2d7c94902df03b2,True,28
court:28245411,court,2а-0870/7581/11,2012-11-14,54548,8732b425c051d7159af154f250dcbd51,True,55
court:28256297,court,5021/1454/12,2012-12-18,63770,11c940b9abfe0eadeff40f1f8338cd76,True,64
court:28309284,court,18/2049/12,2012-12-17,35190,96f61e91d411819a95cf74f6cf95db43,True,35
court:28317947,court,2а-10446/11/1370,2012-12-03,27943,a247fff8a61f66734894186d252e5844,True,27
court:28372336,court,5011-58/16215-2012,2012-12-23,46503,da32f4c4cd05a526bc8e0fb8754816dd,True,46
court:28465601,court,5009/3775/12,2012-12-09,47768,a29e70f91e4a2e1a830029c73c45f5c7,True,47
court:28496880,court,5009/2369/12,2012-12-20,47550,b302a44341f00264a56805e5e3250dd8,True,47
court:28612326,court,17н/5014/3058/2012,2013-01-07,17317,8b07dea0d609362990e3d1eb3dd5baaa,True,17
court:28654792,court,2а/0270/2193/12,2012-07-19,46577,8be2e033c5058d8d1f5deaeea04a49cd,True,46
court:2865949,court,8/156,2009-01-12,30450,fbd7c0e437b1b767d8fbad1c9a7ef847,True,30
court:2868390,court,27/88-08-4151,2009-01-21,7579,c0fc2c7d914188a555946885e0fd41ef,True,7
court:287543,court,11/245-06,2006-11-20,5902,20d133dacc986e0986bda79031234655,True,6
court:28782906,court,5016/2524/2012(12/76),2012-12-10,18297,fae9e40ed5ad480acff1efd20f01caf0,True,18
court:28834469,court,497/12/2170,2013-01-14,19479,c7012b0721ac6c44286943884b040ef3,True,20
court:28869689,court,2а-7374/10/0470,2012-03-03,13887,81b907f7eec6e37821bf0bf6a37b3dc6,True,14
court:28873250,court,3/5007/924/12,2013-01-23,31698,0db58306d5567e5d296b15cb32f45e61,True,31
court:28896664,court,2270/6424/12,2013-01-23,14531,00709a9c09ced17ba2135549b4a8e114,True,15
court:288994,court,6/494,2006-11-09,22421,9e3e402f9ae4330db8bfb5ad5ce4d1ee,True,22
court:28912870,court,16/5007/1332/12,2013-01-27,21164,28cff29cad9614eabf215ffccf1dcbee,True,21
court:2893138,court,30/56-08,2009-01-26,11310,6658e42e5f9246f406ab73fe546079aa,True,11
court:28943685,court,2/5007/1164/12,2013-01-16,36625,4cfbc0b36cca7431db4128bc68349c2b,True,36
court:289773,court,19/331а,2006-11-26,32761,644a3f7f16781d3f7c82600cf69c282c,True,32
court:2898268,court,7/159-3299,2009-01-08,9629,066221dacec347b7f3c37328c3bd23f1,True,10
court:29010277,court,4872/12/2170,2013-01-23,29700,e6a79e9d6ad23f82e693d74dd9af3a65,True,30
court:29010571,court,5/31/5022-629/2012,2013-01-22,22900,633bbc1921811181e7bf93879b863a3f,True,22
court:290758,court,19/331а,2006-11-26,32779,644a3f7f16781d3f7c82600cf69c282c,False,0
court:29090862,court,5016/2605/2012(3/120),2013-01-30,29899,93b88acbcacd55bdb5bbee80bce31b90,True,30
court:29220353,court,18/1513/12,2013-02-06,54435,b71015886981a4c87b69bcd42c18a403,True,54
court:29227226,court,5008/1097/2012,2013-02-04,21167,97cd15c7864c098d03475f039967f780,True,21
court:29344897,court,5016/2988/2012(16/127),2013-02-14,15745,36d64bc5f5ebf1244c5d63033e7c04c5,True,16
court:29392221,court,904/976/13-г,2013-02-14,29907,20df3a29a8d9eb7db706266e503cd974,True,29
court:29427344,court,5013/255/12,2013-02-18,14384,1e56d9dc4c1a84a8db70374a1e353894,True,14
court:29427500,court,5009/2447/12,2013-02-18,19300,7d36e4e9d8f8da543bd92482047b07b5,True,19
court:29436468,court,18/776/12,2013-02-16,37556,0c60d790d51cc5a20f18537220587679,True,37
court:29555018,court,28/5005/11304/2012,2013-02-20,15889,95ead7f66a67802bf2be824768633134,True,16
court:29609779,court,3/5007/18/12,2013-02-25,11379,1e8f80b5c3d4dd5e7e1c4603fda80506,True,11
court:29609847,court,18/1561/12,2013-02-25,18307,fdb6c01ecb2a54e044a84b07f30ae8dd,True,18
court:29616621,court,9/58/5022-846/2012,2013-01-09,59605,fb56d1d1692c170883711d9685f6abd0,True,59
court:29648844,court,5004/822/12(5004/2447/11),2013-02-25,24124,1c60afb6a5350f6f8af09ba6d444626d,True,24
court:29648847,court,5023/10690/11,2013-02-07,10004,89da54745dccaf5e49856996e7cc67fd,True,10
court:29648882,court,59/221,2013-01-31,7351,33c487f3cef38bb637186ffabb5e584e,True,7
court:29735943,court,5011-58/16215-2012,2013-02-27,42527,a0789b34fe43a1f36381b1c3c88f3c98,True,42
court:29784592,court,5009/2455/12,2013-03-04,18144,892619222fc666f9fc0ee68a2313181c,True,18
court:29822560,court,18/2049/12,2013-03-05,30702,fa8acb41795d15d598749d20f9bf0bdf,True,31
court:29857253,court,922/358/13-г,2013-03-03,18134,d1a5fe07a868cae21249dfd4bcf46653,True,18
court:29889668,court,8/3,2013-03-05,39463,625ee7948838839b2d00c2f4efc4a366,True,39
court:299692,court,18/346а,2006-12-10,19494,7c13826d1685e084190b60ba8d972769,True,19
court:30017227,court,5011-74/9393-2012,2012-09-26,53933,9066462f7449ef832be3c30ea5e18a2e,True,53
court:30053436,court,5021/1454/12,2013-03-12,69320,7f5dcc7964ee63640d4d06c7f4e92c87,True,69
court:30055698,court,3/906/14/13-Г,2013-03-10,49897,1b6dc434408b68e512a0223a84d51a95,True,49
court:30057690,court,8/4,2013-03-10,46205,bbdacadd0477e6f80c7dd1466646ae7f,True,45
court:30073739,court,5009/2452/12,2013-03-18,18378,d522f133bf16bb41452576d3a9181ad9,True,18
court:30073882,court,5016/1525/2012(1/69),2013-03-18,6735,89bed94fb623a82f937a4b595b5d75d5,True,7
court:30157931,court,2-а/1570/10497/11,2013-03-12,21500,0af392434e9a3b6e5d2c2b7a79610b4c,True,21
court:30244671,court,920/177/13-г,2013-03-24,26352,a1e460f503558368e161931bc4e69c02,True,26
court:30298938,court,827/370/13-а,2013-03-19,12414,ad2a9d2bf0e2a30af2b015515ffc482e,True,12
court:30366694,court,3/5007/924/12,2013-04-01,19534,7b049353cff5552a1595d32a28ffd8f1,True,19
court:3041661,court,6/443/08,2009-02-03,26482,64d2e3998c5f8b56225eae6cec392fe4,True,26
court:3041877,court,15/170-3268,2009-01-13,24875,ecb8fd2dcbff1c415178b2c4d8f1b069,True,25
court:3042564,court,5/276 (1/57-26/12),2009-02-16,20660,04e87bab1b6a457453286c1d92c327c9,True,20
court:30442811,court,5019/1736/12,2013-03-26,61809,b3dc54dbed866cbf7f5962aba9d1d615,True,62
court:30539362,court,916/258/13-г,2013-03-28,36928,4f7186f9c6bbe443d55ea73874d93a15,True,37
court:30567965,court,5015/6832/11,2013-04-08,12450,9743499d1f036f0965afeadfa05e468b,True,12
court:30569882,court,К/9991/66721/11-С,2013-04-01,12553,4db1b68cd6ea27fae07051de6d39daf0,True,13
court:30622768,court,16/5007/1332/12,2013-04-02,28548,6413d431d5928b356bdb89a06e14d576,True,28
court:30689393,court,5008/1097/2012,2013-04-09,29936,4bfb8642e0a1070dc222181f6bcfe2e5,True,30
court:3072671,court,14/593-07,2009-01-26,20981,559c881765472793d74a8358a760adb6,True,21
court:30738504,court,18/776/12,2013-04-15,6078,b9a0c4b75fc08962b796ad785be7a603,True,6
court:30820004,court,901/1071/13,2013-04-17,15588,59740ad3c911d61a880bb04852884767,True,16
court:30832242,court,2270/6424/12,2013-04-10,19855,e2a3623639c96a34e8dabfe255e24fde,True,20
court:3084834,court,4/44а,2009-02-09,24890,10b78d1c12de2af232a8007e80ecfebe,True,25
court:3085379,court,6/388,2009-02-23,42002,f9f7a7f9ab903ee3f825b226816af36e,True,42
court:3087413,court,2/449/08,2009-02-25,14689,e13fc42ca8e128a4b520d62433189a6d,True,14
court:30896475,court,2а-2323/12/1470,2013-04-01,13313,06108ae803745899836e272da5e1853d,True,14
court:30916329,court,2а-4108/09/1970,2013-04-22,11276,98bf2564bc2b8c344edbd6979630ab43,True,11
court:31007341,court,916/716/13,2013-04-28,9915,e4820920d54ef5618aee1ee4c3af81e0,True,10
court:31008136,court,809/957/13-а,2013-04-17,21717,beb0f0f8e60f447c98e71b8bb2f2275b,True,21
court:31029853,court,18/1704/12,2013-04-09,33335,8de03f473dfa1ce73730c7492ee0defa,True,33
court:31091085,court,804/2853/13-а,2013-04-18,32988,0e2e4bc9c01fef030d3f6152942d65e2,True,33
court:31099093,court,3/5007/18/12,2013-04-28,7280,e28f73c3c15afa945ed91826cd5289c3,True,7
court:31103250,court,5015/926/11,2011-06-28,17111,702e3274aabb40b3048e79939fd221ae,True,17
court:31112120,court,912/304/13-г,2013-05-06,46331,e4e8c4a4ef08a159e673768be2dd144e,True,46
court:31224030,court,921/297/13-г/11,2013-05-13,27298,c1c4dde24caaa45efde1c97f3c41171f,True,27
court:31239135,court,905/1851/13,2013-05-12,26577,292cb7f7a368462350c3e7375d68a36b,True,26
court:31276508,court,2а-0770/2800/12,2013-03-20,17106,6face8576991f450b4d319c5b2068b85,True,17
court:31300377,court,826/4722/13-а,2013-05-20,17909,b62b6a580a892cfc371761df618bc1dc,True,18
court:31314371,court,11/39/5022-999/2012,2013-05-20,9932,c45b2404db33ecec3eeeea6d058db7c9,True,10
court:31340433,court,5021/1454/12,2013-05-20,20346,ad4f6293b553101a8342ee0af3735c56,True,20
court:3142034,court,16/656/08,2009-01-12,14951,ae9e84c84a01bc65131ba1289bd6f482,True,15
court:3142702,court,45/2,2009-01-27,18515,349bc122737fe373455b22242f2342d6,True,18
court:3142703,court,45/3,2009-01-27,18466,da5b85fde4e513b3fa0578eae38cd16d,True,18
court:31448955,court,804/5552/13-а,2013-05-19,55573,46a860f64bc764f0382218409677b86b,True,55
court:31503290,court,5023/5448/12,2013-05-22,25651,a02c5fa41833a127aece208a1b1386bc,True,26
court:31542976,court,К/9991/88653/11-С,2013-05-20,15540,3cd52ddcf10bc990684c5c23dce29676,True,16
court:3161285,court,17/14н,2009-03-05,18412,a4a530152e1406288062b3aa19a2962d,True,18
court:31616744,court,910/4584/13,2013-05-26,71338,fb7099af9009655f0d7f20d4f4e5b971,True,71
court:31623,court,45/195,2006-06-08,8047,6e5a8d7991709a77394d9b8bdad16fd3,True,8
court:3163627,court,16/656/08,2009-03-04,14137,6fd3e1dc385e77aa853d3f4de1e9daad,True,14
court:31717864,court,815/3666/13-а,2013-06-03,32944,559da52796cc3faf3d5d025b507f4ebf,True,33
court:31724969,court,3/906/14/13-Г,2013-05-28,22576,0e5af2987cd55fb5c04cf14a74f8496b,True,22
court:31731176,court,919/388/13,2013-06-02,31994,ef747f3d741ec6aaa98fbaab90aff401,True,32
court:31734344,court,924/393/13,2013-06-04,50257,91e744f7cab28a8943e10d6daa6768ac,True,50
court:31747470,court,917/55/13-г,2013-06-06,19767,a00364facb418d42b0c6f47907de5cec,True,20
court:31815198,court,910/3995/13,2013-06-09,87532,983c7ec702ca266e26c8d09f101d81d0,True,86
court:31889537,court,916/790/13,2013-06-09,18916,0e093c74699b58ee23b43a71d723a29b,True,19
court:31914034,court,927/8/4/13,2013-06-11,45455,9a2cbe3f1a9bcca1ee3a92893535e550,True,45
court:31936421,court,5011-39/16188-2012,2013-06-16,21687,d0ad525a9602eba7a63313729a425903,True,21
court:31940440,court,910/7789/13,2013-06-16,72694,86b45da8b90dc0a6ec8b99470cf294d1,True,72
court:31947985,court,920/177/13-г,2013-06-18,40863,674588ce841426a24ea1b7de15522916,True,41
court:31983400,court,926/410/13,2013-06-17,26032,1e03008d214d0cd86fc6a238839b86b3,True,26
court:32005604,court,924/393/13,2013-04-07,12327,0f2f1ca563396ea7d7c659a88f846829,True,12
court:32005748,court,924/393/13,2013-04-17,15792,860c01002b46d7ff2bd0cb8221065357,True,16
court:32006006,court,924/393/13,2013-05-19,20082,f7bebb9523bb592456a803a0c80e1728,True,20
court:32028509,court,5016/2988/2012(16/127),2013-06-17,12741,841fd31326d9ea02045553b2d198ddd2,True,13
court:32032608,court,913/1170/13,2013-06-20,40579,a18a04b25bf9872aa11e3c0e1ff64a75,True,40
court:32170818,court,5019/1736/12,2013-06-18,40623,abcd10e1860570b9b73749b2179f46cf,True,40
court:32178362,court,2а/2570/3041/2012,2013-07-01,14669,fe386cafe04f8f8fd74f7b934886d6e1,True,14
court:32231632,court,910/8980/13,2013-06-26,23489,2ffff1449dbef7adc61e4ea5a22db22c,True,24
court:32245904,court,5004/923/12,2013-07-04,38631,3d869741142fbdff8b7186b5a38f78fe,True,38
court:32245986,court,927/8/3/13,2013-06-30,38381,0f8c9370c19cb1be8487f7ed079ab836,True,38
court:32367083,court,805/3159/13-а,2013-07-02,30698,bac56463ba5b70945a742159ea2b1b42,True,31
court:32404668,court,808/5054/13-а,2013-06-30,31735,03486b3ea4908583337c32a3f2eaa28e,True,32
court:32485322,court,909/569/13,2013-07-08,18006,9e6724081e570b386de6a9bc90b124da,True,18
court:32529377,court,802/2688/13-а,2013-07-04,21242,3fcb1a63b06ba0a6e4c34bcd7caf615d,True,21
court:32547407,court,906/796/13,2013-07-14,27456,c310ec01f721b3f34d3a24ad89bc67dc,True,27
court:3257155,court,20/119,2009-03-02,12898,0682b33afd5feb8f2f8e56496e9f6ddd,True,13
court:32621934,court,910/4584/13,2013-07-24,58060,99ec39d157fe27a13c888dc25b0480e7,True,58
court:32627471,court,924/393/13,2013-07-15,39047,f4493cbe103da79461c44957132ef596,True,39
court:32648451,court,913/1701/13,2013-07-22,56754,1060f14cb3e049824cba5207b061ed11,True,56
court:32694103,court,912/304/13-г,2013-07-23,29491,a86bcca3f89152b27e255cb73b56e527,True,29
court:32729958,court,5011-58/16215-2012,2013-07-21,24247,8f9f7530e9122690cb464c616e9f58e5,True,24
court:32756717,court,5023/5448/12(5023/2360/12),2013-07-29,16716,5027ab6c0e6c0267cc1b72e20756b5f5,True,17
court:32774847,court,918/806/13,2013-07-29,35313,894b324c03380b329803a717eb7cb2ca,True,35
court:32813706,court,913/1576/13,2013-07-31,35716,283f0345b0c45da02d7f21a0fe7b4743,True,35
court:32813834,court,908/1824/13,2013-07-28,33518,8efd43f91549466a904fdbefcdb97d8b,True,34
court:32912774,court,920/1010/13,2013-08-07,19777,cb0f393f1fde27546a77cead9abd9580,True,20
court:32965530,court,910/7789/13,2013-08-06,50326,d6c3e5465c9e96575fbf6b3c0c4a44fc,True,50
court:33009433,court,3/5007/924/12,2013-07-29,8260,fbbbc749e113015a3b57049eadb3a045,True,8
court:33098623,court,18/1704/12,2013-08-18,48906,97e346b5d10ab76e1e47ca4100d10aec,True,49
court:33126981,court,910/11383/13,2013-08-18,15904,94f0e0466858626a32bb7189c88f3b20,True,16
court:33147525,court,913/1170/13,2013-08-26,24621,0b2de94cd43df37b312cd6435f23c2d7,True,24
court:33180113,court,29н/5014/3207/2012(23н/5014/1055/2012),2013-08-27,29851,b85e6fd0b912cb14b26e76dc200ff65e,True,30
court:33214865,court,910/15018/13,2013-08-28,10850,254e0e4412cdf94c0b913f760d66dcef,True,11
court:33241612,court,5011-16/11145-2012,2013-08-27,18915,0247f65a407ed81f2e572b289aff7df2,True,19
court:33244496,court,908/2250/13,2013-08-26,42162,92a70059d35295fce7aed6ec1ce661fe,True,42
court:33275,court,1/177,2006-06-14,13699,a63a5385818da4da0bf9056a306c9120,True,13
court:33298597,court,805/3159/13-а,2013-09-03,16998,bce90fecea3ec5bf8845b4e237113948,True,17
court:33322728,court,910/8980/13,2013-09-03,25372,82c741835fee895b03a938a6d845b594,True,25
court:33409998,court,917/1188/13,2013-08-27,21333,a0ad7a505a00398b07d9743fb839018f,True,21
court:33472788,court,917/1023/13,2013-09-02,48271,1ce4f5fdc2855ec1de7786b892fd8396,True,48
court:33550300,court,921/561/13-г/1,2013-08-15,28422,e6b5748a681f1f9f5ba50e74e797b4eb,True,28
court:33584515,court,5016/2988/2012(16/127),2013-09-16,15256,e9113c36e5465e7b8253923b8e4688cc,True,15
court:33591157,court,926/410/13,2013-09-10,27338,595512924786c04d18b007024c6f3147,True,27
court:33620636,court,18/1561/12,2013-09-18,21830,5378ba147a04701a099141acb174ed30,True,22
court:33651187,court,5024/474/2011,2013-09-04,26117,6cdca8299090eaaba888e5ce0771330d,True,26
court:33694290,court,921/297/13-г/11,2013-09-16,22265,cb5b07dbcea4b0de627202646fe90bf7,True,22
court:33804899,court,922/3560/13,2013-09-23,14543,1dbd0563dae7595a670fe0630bebf3f6,True,15
court:33941386,court,812/6404/13-а,2013-10-02,33317,345ff6a94079471f2324d09852fc2931,True,33
court:33954176,court,809/957/13-а,2013-09-30,12181,7cc62473c1064759eef4b348f63a90d7,True,12
court:33966199,court,915/1572/13,2013-10-06,20052,bcc4da0bf4d8b596e67a48ccc0ae3d02,True,20
court:33997438,court,918/1144/13,2013-10-07,59007,e725d2c09b794e7a1f0981f3b731d331,True,59
court:34003028,court,910/9078/13,2013-09-29,30210,8a2c86f7fb8d8d7228741a70b2aae185,True,30
court:34034093,court,5015/3773/12,2013-09-12,8126,37642e37aefcd96a7fd325440c0133a9,True,8
court:34085985,court,913/2392/13,2013-10-07,59644,a3f4d1586ed59fc9f6daf3a2479946ca,True,59
court:34091973,court,917/1513/13,2013-10-03,9813,6f89390c1c55899d661ce21326f53b04,True,10
court:34103457,court,913/1969/13,2013-10-06,50002,de5979c73cea904e1bf910c02aa5e555,True,49
court:34118384,court,908/2643/13,2013-10-06,25264,87744d515542205036c554d65ccd65dc,True,25
court:34145655,court,817/2806/13-а,2013-10-01,39602,b863669b5153f14dc2cedfe543089d44,True,40
court:34147908,court,18/1704/12,2013-10-14,13181,2645886577574818c2caf80cc5aad461,True,13
court:34274151,court,919/899/13,2013-10-13,18250,18e37aaf565f18f246c4fa6c63103a1a,True,18
court:34322604,court,911/3389/13,2013-10-13,21460,aafce25f21a878e682ed6138636023fb,True,22
court:34330898,court,872/10894/13,2013-08-12,60664,6fbfe3ecb3d690b6cb7e28a6ad04b03e,True,60
court:34364167,court,910/16122/13,2013-10-20,17513,7c66e7097bc2f7e97a5ed4c31e91e801,True,18
court:3442482,court,7/43(30/56-08)-09,2009-04-15,8959,6ddf8604e99cdd904a1f7f0178797f94,True,9
court:34457903,court,903/850/13,2013-10-22,35094,838b499ffe943e57407a2813e85a84d1,True,34
court:34470737,court,909/569/13,2013-10-28,31751,e1c0ae7b6303ed51b3a54aee8b956fef,True,31
court:34500782,court,906/796/13,2013-10-22,32180,ccf63b753f9851363b22f031b6e5002d,True,32
court:3466698,court,7/14-254,2009-04-01,19556,50f3a17993b355045a378caef6f5c62a,True,19
court:3467458,court,15/170-3268,2009-03-31,33233,bda9650e67bc1cfacd9af73efc48ed59,True,32
court:34690690,court,917/1023/13,2013-11-05,35296,b8c36567502330753562810486a13ae0,True,35
court:3501274,court,19/55,2009-04-20,25882,d717f9d0370810ef456e2a0063af49da,True,25
court:3502459,court,4/44а,2009-04-13,36650,3ecc30857710750def87583941ce2ca3,True,37
court:3503641,court,14/27-09/02-2а,2009-04-14,6654,a886784361259b8d75b29da517194b43,True,7
court:35161072,court,910/15018/13,2013-11-10,7993,72568e24279db169ec4260b736a214da,True,8
court:35197536,court,924/393/13,2013-11-11,10203,bf1d24417b4f0355358afd14287ff473,True,10
court:3526921,court,17/300(05-5-17/6382),2009-04-20,14815,bb0761d72658ee104b8249783d075be2,True,15
court:35270444,court,922/3560/13,2013-11-14,14946,8e221a72a93efb9b6f046b1308a70230,True,15
court:35320293,court,818/3383/13-а,2013-09-22,15267,d7c3995ac4e3389fc83692cfc0210dc1,True,15
court:35332431,court,913/1362/13,2013-11-18,13933,d7026b77fb4b0481dab72f4f812b6caf,True,14
court:35376987,court,904/7220/13,2013-11-11,24646,8414dd2751c6f5a42cf4d3723759da42,True,25
court:35442920,court,821/3999/13-а,2013-11-19,33086,1d7da5a33b3c65afd50ff447e1316775,True,33
court:35444136,court,921/914/13-г/7,2013-11-05,20603,e87ccd5db54e836f53e517b1eb4606b7,True,21
court:35444166,court,915/1572/13,2013-11-19,11772,48bb28b4917ec018150559a04bb55373,True,12
court:35579447,court,910/17593/13,2013-11-17,23379,a6962cd96ba58e4c04bc20955567bcfb,True,23
court:35745325,court,2а-497/12/2170,2013-11-11,22192,0b7835779d80329a74ff203cc4a1749e,True,22
court:35751940,court,804/5552/13-а,2013-11-26,10192,827bea680877ae88ed20ea88f5b57a28,True,10
court:35824214,court,917/1188/13,2013-11-17,42078,f6346c5e6ae15f5e71012a2b78fd3680,True,42
court:35838523,court,818/3308/13-а,2013-09-29,16298,f17f52c99e1929f205f4582ca5729da0,True,16
court:35859873,court,5011-16/11145-2012,2013-11-24,7230,0007d92d02d7396166bef2fa1b4cbc8e,True,8
court:35869651,court,912/341/13-г,2013-12-05,29523,4d1e945ffced5b6e7f32f78cb84db9ef,True,29
court:3589950,court,5/671-08,2009-05-05,22993,57ea83515f52a8a01130cc39b83abd73,True,23
court:3590611,court,10/169-08,2009-03-30,43684,f8bb60a052cd6ad0fea203562c373b12,True,44
court:3592116,court,3/33/09,2009-04-22,20160,c064b6e90fc2a9b90e574df15684526a,True,20
court:3595816,court,6/443/08,2009-04-20,24524,c90bf8dc9a0a7914b5131fba35467ddb,True,25
court:35967853,court,913/1969/13,2013-12-12,43031,c50448238e637216c209a29c2f9a2159,True,43
court:36027840,court,910/18613/13,2013-12-03,31534,299897a15bf89111ca7acc0fab306613,True,32
court:36082261,court,919/388/13,2013-12-11,41181,33230f2acbb18abfbdc950bd174e8597,True,41
court:36093080,court,918/1144/13,2013-12-02,36955,4264a3a3cf9a46ccaf3fcf8ca2a88fc5,True,37
court:36136295,court,910/9078/13,2013-12-11,29304,71f52b3e5e9a780c9585162eac41669e,True,29
court:36142515,court,826/2591/13-а,2013-12-09,25488,a9ab27a5d7a2199ff50c5671eb36b089,True,25
court:36155190,court,910/7789/13,2013-12-08,30630,80fa77c9c287f26f61c352da56e7eb16,True,30
court:36179009,court,913/2227/13,2013-12-16,35542,4fb910054b9009f57f72dd9a0d778879,True,35
court:36179357,court,908/1824/13,2013-12-10,30002,d6dc33f46bfdf4f4c12f9c0bc07aacc8,True,30
court:36334079,court,917/1023/13,2013-12-23,10177,8ccf5764d2fef0386143d2f150288bd1,True,10
court:36418351,court,915/1106/13,2013-12-24,23643,5a239c60ae9013125e3f857d513c8652,True,23
court:36605711,court,916/2862/13,2014-01-12,10739,2c05e7425f64e268c4646dca1e201a9d,True,11
court:36637741,court,905/1851/13,2014-01-13,16100,599b96a04c543dedac8863961712af11,True,16
court:3668125,court,14/88-08,2009-03-09,14540,4a3a0146efacd74dcb072f9c94c82636,True,14
court:3668127,court,14/88-08,2009-03-09,14534,43672f962972249f59b8b932f4af9568,True,14
court:3668402,court,03/34-7     ,2009-05-18,30812,ed77845342f7a06633dede85341a4157,True,31
court:36718272,court,927/1381/13,2014-01-20,31311,c22e4c5318108978259b0ed6de521694,True,31
court:3680247,court,5/5/09,2009-03-15,41793,844935ab37af4c251ada276ec0fdc613,True,41
court:3681190,court,10/504-08,2009-05-17,38738,a627b512c19a1d310a49e55d59455a88,True,38
court:36814416,court,910/18298/13,2014-01-19,55543,875afdd3fdcb90a5d124ea9f8333d890,True,55
court:3682542,court,28/156/09,2009-04-22,22583,10cb4d52bddde089662e445788167cce,True,22
court:36828374,court,910/18298/13,2014-01-19,55501,bff39757620c8c5f3d4ad54aa4de255e,True,55
court:36834227,court,922/4041/13,2014-01-19,16012,14245f7efafe8000f48e19dd5cf1ddd0,True,16
court:36844686,court,910/11383/13,2014-01-15,20213,66901a39e292d3fdf2f0cebd19e6d7ec,True,20
court:36870893,court,918/1144/13,2014-01-27,24292,b40491282beb57fae9873da6d329e6e4,True,24
court:36890161,court,820/12142/13-а,2014-01-22,23269,7a2a421866d1d8d1928b6387128f8c25,True,23
court:36945876,court,2а/2570/1288/12,2014-01-29,16867,38b6f94affcf685205a811c03cd4b390,True,17
court:36956550,court,922/4969/13,2014-01-28,24919,8ce7ffcee2364d3f54a8b793c98645ed,True,25
court:37076833,court,910/3995/13,2014-01-29,47669,548a7cfb8b61671259815ac5de0178fc,True,47
court:37084547,court,916/3162/13,2014-02-04,20493,03f7701f2afd8b6dcecb25dc5e93df2d,True,20
court:37157252,court,915/1106/13,2014-02-11,18256,a87eedbecbc8ee5c2d2406fb7b20d5a3,True,18
court:37159593,court,914/4429/13,2014-02-04,66841,319a908a5508fb551657e25d7641be4e,True,67
court:37189361,court,922/5132/13,2014-02-12,27315,6ff3116813a44e799cf123494f2f0fd2,True,28
court:37209279,court,910/18613/13,2014-02-12,17140,ab7f1ccc031417c74e6e1dfc83b081d9,True,17
court:37209295,court,921/914/13,2014-02-10,21827,ab75c91833c0ab9a0c7ba21e43cffa0d,True,22
court:37209663,court,910/18613/13,2014-02-12,17144,ab7f1ccc031417c74e6e1dfc83b081d9,False,0
court:37248923,court,913/1362/13,2014-02-16,11568,c8d88bc6480e597c242629992ad2cf39,True,11
court:37299501,court,910/17426/13,2014-02-16,51502,900dd3b2cb281f63504def988da73e18,True,52
court:37352097,court,910/14708/13,2014-02-18,71991,8a1354fa4cc08e8f88055cd9ddde7582,True,72
court:37393002,court,927/69/14,2014-02-27,27420,3ade09101e5e4cbc553f56c7cdb466cb,True,26
court:37456180,court,910/15018/13,2014-02-23,40180,7647f08239c22bcee5d92ababf347a2f,True,40
court:37456241,court,910/15824/13,2014-02-23,38461,a4bdd8ca95dfcef33f91168121a00669,True,38
court:37463865,court,820/12142/13-а,2014-02-26,39232,dbda5991d61ce2413eed776892521032,True,40
court:37508774,court,2а-4108/09/1970,2014-02-24,10383,e2fa1ce44450bca4db2f70927fdb2097,True,11
court:37534584,court,915/2319/13,2014-03-04,23148,e0578542fb7adeab147f038fe945bfa7,True,23
court:37602111,court,923/1734/13,2014-02-26,35363,1ad18237a6e5f57154ab4ecbab538d94,True,35
court:37698525,court,915/2327/13,2014-03-12,24145,ca7dcb0e67d0f20b73902074ae48c79c,True,23
court:37723256,court,908/135/14,2014-03-12,27146,9dad02eb7f0ab1deac0c25ba4b54b1a6,True,27
court:37820548,court,5019/1736/12,2014-03-19,10670,69cc76c8c2d8521498297848c6574763,True,11
court:37853678,court,2а-7909/11/2670,2014-03-05,15239,051d8cc6c9cdb022414a59cdbc8e2805,True,15
court:37872847,court,903/203/14,2014-03-25,27050,b84b50bb19016f4da2ed1050ae8523ed,True,27
court:37897878,court,916/3162/13,2014-03-24,23756,8395a40db031fb84634dc3a83341afa3,True,24
court:37903408,court,925/133/14,2014-03-24,54400,4af6f1670d39d336f7e458aa60c1e295,True,54
court:37959860,court,812/896/14,2014-03-26,33705,67a85bafc02863895756e77ee3e2b57e,True,34
court:3801369,court,14/88-08,2009-06-01,7881,526f15423ea693a34f963e469dffd969,True,8
court:3802176,court,45/31,2009-05-13,28462,f3a2b37d0d7ebda80a2338cc89fa1c3a,True,29
court:3802271,court,7/154-3226,2009-04-13,14808,8cc61391b20001b08393c1dd961cebe8,True,15
court:38034621,court,922/369/14,2014-03-31,37868,1a3ab94e867aea20aae063d7a290ab03,True,38
court:38107737,court,922/4969/13,2014-04-03,33257,46e982e66141770bab0cb1a1d46f27dc,True,33
court:38183210,court,5011-72/11560-2012,2014-04-06,41955,2d1312a58eca29c5be1752585a272296,True,42
court:38253285,court,908/725/14,2014-04-06,29939,7b4162b65ca3cdc045200b6a14d260ac,True,30
court:38287963,court,924/382/14,2014-04-13,24425,a0352ef9cdd6c3ade17f202e0d32ce00,True,24
court:38289129,court,921/297/13-г/11,2014-03-10,6192,9b0c2062e56df658b51ab1913c293a59,True,6
court:38289786,court,К/9991/24417/11-С,2014-04-09,19405,de556a7c11ec77c732523eb34bbaedd8,True,20
court:38326728,court,913/1362/13,2014-04-16,31804,365aedd8541146943d7236f745049a67,True,32
court:38340866,court,915/2355/13,2014-04-21,28098,ba48cfb56b3d2e728285fde2f0f960aa,True,28
court:38340873,court,915/2350/13,2014-04-21,30878,08af506595f18ad8ab3e432ed47ad733,True,31
court:38343032,court,915/2349/13,2014-04-21,27172,98ef2710fba07d4b9b2f6f2bade35097,True,27
court:38343034,court,915/2354/13,2014-04-21,27152,0d4bec8e58fae6441a2fa89b84feccc0,True,27
court:38397597,court,903/182/14,2014-04-22,19347,c9d71d278904e70c33af4189121aa745,True,19
court:38415005,court,2а/2570/3041/12,2014-04-08,13237,d4106ceb1441aad41c409c048d64318e,True,13
court:38421244,court,922/5132/13,2014-04-17,15215,cfe46a7bb104c610f5d07521169539c9,True,15
court:38455134,court,910/2624/14,2014-04-27,20643,5c6cc38539afef468ffedda427277dc3,True,21
court:38465930,court,903/203/14,2014-04-27,53848,33f7a2849c94dee4ee204f6af3d86761,True,54
court:38467846,court,921/857/13-г/9,2014-03-25,131274,41452de7ac7081af08d56b927f98a263,True,131
court:38498963,court,906/796/13,2014-04-22,19611,cb381533c04769cdd4f7bf8077d9e7d5,True,20
court:38498991,court,910/11383/13,2014-04-22,13690,d734e40a0cd1cb3dc528273a064c14d2,True,14
court:38529561,court,920/360/14,2014-04-28,39127,b126917c9730bfeba2bfb18343d58353,True,39
court:38551063,court,922/485/14,2014-04-28,36509,838258fbd4f10bc06cd863d5d47c9e9c,True,37
court:38730092,court,921/310/14-г/4,2014-05-12,21928,7d6ca3ae7681812c3fd8c2d2c79bd06d,True,22
court:38738509,court,903/182/14,2014-05-14,54027,0000431348ddcb02db411934a70174e2,True,54
court:38752501,court,927/69/14,2014-05-12,22679,b0cf394e205b43252689b25b3e847ca8,True,23
court:38769229,court,904/9781/13,2014-05-14,30934,ec898dcdca491e4aadf4e89f72a73e4f,True,31
court:3878138,court,6/388,2009-06-08,14792,a4e62ff9a2287ccef0411c28f2fa5d8c,True,15
court:38867124,court,915/2327/13,2014-05-21,23562,069ab8996f8e2214e6e355666288c9d4,True,23
court:38888503,court,904/2928/14,2014-05-25,15740,e97f07df4d0c11803f953b9899636d6b,True,16
court:38941902,court,915/2356/13,2014-05-26,40752,1f6cb98b0e298dd9848015db3ba35787,True,41
court:38973039,court,910/3122/14,2014-05-18,49975,c5e8d6b23036002ec7fac66b0139ef6e,True,50
court:39003859,court,915/329/14,2014-05-27,19523,9f2a065c9090362484f11c49d2bc6166,True,19
court:39082997,court,818/3308/13-а,2014-05-19,13413,73042514951988591980439d78a334bd,True,14
court:39146748,court,910/3019/14,2014-05-27,29991,c98a3d3839c60935edbfdfa56337ae1c,True,30
court:39146977,court,921/857/13-г/9,2014-06-02,39022,d34446244891dede7f6bfa2f28e13907,True,39
court:39147838,court,812/896/14,2014-06-10,18922,2ccf119a4148b7e06e1521cf6ed267b0,True,19
court:39198697,court,818/3383/13-а,2014-06-04,18686,8ae76d4397fc8dc1589df823c55db1b7,True,13
court:39256044,court,915/279/14,2014-06-11,31039,70b4b99fe91e46fe0534c3f352e17c12,True,31
court:39256068,court,915/264/14,2014-06-11,19909,f4eaa601a5e1ff0df69a95f7f5e58a13,True,20
court:39312105,court,913/1362/13,2014-06-18,38616,c45678567b22cc89c0444f0ec04ce623,True,38
court:39312140,court,913/337/14,2014-06-18,39122,23ce0ee8d531e8a4e7aa6474be387e27,True,39
court:39314505,court,К/9991/47009/11-С,2014-06-11,15053,ba335315a30a95ee9426c3eb44277e29,True,15
court:3933081,court,7/153-3782,2008-06-06,15966,d70964a44b2d46dd1be195e64727748d,True,16
court:3933845,court,8/156,2009-04-27,12063,317c49cdd67e72efc6c13b498fce4148,True,12
court:3936941,court,28/156/09,2009-06-09,21760,77a4afb83c78a957f2a0eb2e25ab4fb3,True,22
court:39405135,court,К/9991/90107/11-С,2014-06-04,8331,ad41563e669b4caa23a091bf8e1076e7,True,8
court:39437829,court,905/1851/13,2014-06-09,7906,42c864428ca4a8b6b7f0e7a8a4057924,True,8
court:39458623,court,925/133/14,2014-06-18,34411,0d6a3393c0a7e17f7a284779acdd392e,True,34
court:39483901,court,914/990/14,2014-06-23,4846,9cdc93c34abe0276a24b0087e3e1b794,True,4
court:39552791,court,922/5132/13,2014-06-30,16544,8f096148ff202c41004afe1f53a4f6d1,True,16
court:39655237,court,915/1436/13,2014-06-18,8610,af92979a9b6c62ba1e0a7f3c93da8d39,True,9
court:39665393,court,904/3040/14,2014-07-06,40262,4176fc580e0db589c2ed2fd288b8e02d,True,40
court:39686162,court,914/990/14,2014-07-07,3065,9d69e7466259be3d190dcc1c83c4ad6a,True,3
court:39698492,court,2а/0570/22422/11,2014-06-17,17644,6263bc7a87d9da69757bd480f8c8b527,True,18
court:39723557,court,910/9954/14,2014-07-06,57790,da47cbf08f40e5c121dbc7ace4954889,True,58
court:39727621,court,921/310/14-г/4,2014-07-07,24805,816335d89b022ee795ba5c482f0229cb,True,25
court:39824566,court,925/851/14,2014-07-16,35214,571a7c9636bc83bf2443f49bd7f1ad00,True,35
court:39837983,court,910/1409/14,2014-07-02,29186,4467186a7e1ae0af39435d283a8bb001,True,29
court:39905675,court,915/2351/13,2014-07-22,9006,9e2c46c6394fbc6dec789b2f08cc1306,True,9
court:39972898,court,904/9781/13,2014-07-28,32412,ab60006c213b1bfc87f28c40b5c7b324,True,33
court:40038017,court,916/2320/14,2014-07-30,37429,29c959cfe31796d471df176b83c5bbbf,True,37
court:40048853,court,921/857/13-г/9,2014-08-05,8388,56409a8074732ac9ef2a1491cf5c33d1,True,9
court:40048880,court,922/4969/13,2014-08-05,12030,b3c7945909b232de552b7c103c918bd9,True,12
court:40059510,court,915/329/14,2014-07-30,22560,d04d4a45975f7a087b8dd93345b5af54,True,22
court:40068409,court,915/397/14,2014-07-30,25569,c1be840376ed71e31398d042cc54f152,True,25
court:40137935,court,918/303/14,2014-08-05,27805,b620385ea70f86896c30677ad9fee0d1,True,28
court:40141257,court,14/220,2014-08-03,47507,1297244c03c50298ccf70b8f383e91ac,True,48
court:40192692,court,922/485/14,2014-08-18,37739,c2d676c8a13ac352e62871f02dd0dd0c,True,38
court:40218016,court,915/2350/13,2014-08-19,11171,a8e6a99e795512f5db130f9d3c449a1c,True,11
court:40218774,court,2270/6424/12,2014-08-06,15001,408d910b4fa0ebdc696aaa91305963ef,True,15
court:4022350,court,8/36,2009-07-01,40103,9c1895a5ff12e05237d7735630414ec8,True,40
court:40227615,court,922/2543/14,2014-08-20,28432,b9cea324b5db0988cc363201056235f9,True,29
court:4023310,court,3/33/09,2009-06-15,13348,5de3968ee21eeccd6d6c8d6e6f3cd59d,True,13
court:4023614,court,14/118-О-09,2009-06-30,36984,c1367119cff790b8e8d703528315ca04,True,37
court:40236353,court,910/9953/14,2014-08-17,32932,95c922f49956ff307467c4e9c963230f,True,33
court:40241659,court,910/11516/14,2014-08-12,40568,b1edceff4f706db6aa48bddd51c2aebf,True,41
court:40295327,court,915/2327/13,2014-08-26,27567,b96b361e62ddf6d13a05b5b44dd02ffc,True,28
court:4033799,court,5/301-08,2009-02-16,22384,a54caf916fb0c1cbc73cfb1b8dfa4bb1,True,22
court:40368367,court,912/2215/14,2014-09-02,19728,c37f0f975017c0fdf418fd36e6a35812,True,20
court:40468209,court,922/5132/13,2014-09-09,32470,a891bf3ddcc8da2f2a7118aaab15ca08,True,33
court:40468233,court,914/990/14,2014-09-08,28528,ceda22ab58fa60cc45aa196fc508cb77,True,28
court:40473031,court,916/2262/14,2014-09-09,37119,7738ab9c4910685a6d9410f7c0254a48,True,37
court:40545232,court,818/3308/13-а,2014-09-07,4856,0d2a4e97b620f77e0dbc1ba563130d70,True,5
court:40551540,court,908/2655/14,2014-09-10,43764,39ad5866b1ceca19863f02c8c1e5b7c1,True,44
court:40551623,court,908/2655/14,2014-09-10,43766,973646b90485a49926ecddfaca2dd46b,True,44
court:40570500,court,922/2846/14,2014-09-16,35780,070b088f39c79d51f6d29501d4dccace,True,36
court:40591173,court,922/3261/14,2014-09-17,24455,57546a8a6809f2cbda70982b3ecbb935,True,25
court:40598160,court,922/3379/14,2014-09-14,19829,8b5be02374b5f8410e01527eaa22922b,True,20
court:40615039,court,922/2580/14,2014-07-30,39420,d7238067e7eebd4f290e1df894cabe4d,True,40
court:40678941,court,904/9781/13,2014-09-29,18230,a9f5ee58a8ffa108c38c459b56e2ddef,True,18
court:40681452,court,920/360/14,2014-09-22,34456,f1147847ee685b69b8c7cb412f2467fa,True,34
court:40720572,court,14/220,2014-09-24,42124,1af3417088f38fe0fae60513039cb0d1,True,42
court:40733445,court,903/824/14,2014-09-29,6602,bf7dd5ee96cfa927392d01ad5068cb05,True,6
court:40820792,court,922/485/14,2014-10-06,19431,8bd885963393b5c0adb7c4b64a779f0d,True,19
court:40835726,court,910/14991/14,2014-09-30,21405,c1288c6bbc0cece8484fc319cb0036bb,True,21
court:40870540,court,805/3159/13-а,2014-10-01,11502,b0c6b70746567bd9ff6b63ba722d3c5c,True,12
court:40903761,court,922/4969/13,2014-10-13,10000,b19d7faf581d97d8840a8ae1819ac478,True,10
court:40914247,court,903/824/14,2014-10-13,12219,6da7475f8b8659f5855fc16caf11bd67,True,12
court:40951543,court,822/1883/14,2014-06-17,23919,6309cdeb959c49eef121ee9fe68b4645,True,24
court:40966442,court,922/4053/14,2014-10-15,24356,3a28670660adacf47da33ebe39ea138c,True,24
court:40981914,court,920/960/14,2014-10-15,24909,617e1b092fa197028e901c6ea0256bfa,True,25
court:41025803,court,922/2543/14,2014-10-21,30092,c2283d8308d8fc7f178432b3694093c2,True,30
court:41029968,court,916/2054/14,2014-10-12,15462,e46f13032ff0556e51d9fd48e63a5770,True,15
court:41041166,court,910/20618/13,2014-10-14,33631,40cb8c89747ee88a92263b548f69a331,True,34
court:41041250,court,910/11516/14,2014-10-22,44210,a42c99f112bb58af12fbf5e688bacd42,True,44
court:41045520,court,904/5596/14,2014-10-13,46437,171ea3cf2f513e887d07cb5a054207f4,True,47
court:41097919,court,922/5132/13,2014-10-23,32386,787f039bde419d1c6db0cf6c049f4123,True,32
court:41113120,court,925/851/14,2014-10-13,32149,b68341fc4526e3a179b64d25174895a7,True,32
court:41129398,court,914/990/14,2014-10-27,10416,bdf2d40d7955e69419c121bff648797d,True,10
court:41181852,court,917/760/13,2014-10-15,49386,44d85bf7d257c3e428cc3fac2ae263a1,True,49
court:41213222,court,910/10902/14,2014-10-26,25316,e265568ebbb929c503b0f08a4676e58e,True,25
court:41278653,court,922/3892/14,2014-11-03,26327,e4ce68c84f8701253ddbc2bf9bd1db60,True,27
court:41278660,court,922/4078/14,2014-11-03,25962,91423fd34b48610d7b8319c7a8282c27,True,26
court:41316836,court,915/2327/13,2014-11-05,31611,efc6dde3c29fc84681a1a679597d3486,True,31
court:41316857,court,915/2354/13,2014-11-05,27834,7d1909174a7453af077d33c0a60e464d,True,28
court:41316865,court,915/2353/13,2014-11-05,27752,734859a0bdd0bc8d4cefd251b9ed40c8,True,28
court:41316881,court,915/2356/13,2014-11-05,27822,a7bf4aaa84e66e2a6ee5e46147b40a08,True,28
court:41368668,court,908/2974/14,2014-11-03,65299,cf1a5ad2bc06d4707a413a9f42aaa526,True,65
court:41427453,court,922/3952/14,2014-11-12,24267,343953eb6fbdbaf4eb5884f235c7578b,True,25
court:41436913,court,910/17753/14,2014-11-12,21401,8fa48a12edfd21d1b64da60586b4249f,True,22
court:41450878,court,922/3379/14,2014-11-16,25279,e19b82e52390cdd14deff25c54e341c6,True,25
court:41454008,court,910/9953/14,2014-11-09,43764,b5c792e9bd3bf2476bb8ed3dd72016e0,True,43
court:41456153,court,922/4072/14,2014-11-10,32615,a5b961a8812dfb45129dd5bf503f617e,True,33
court:41475817,court,915/2348/13,2014-11-18,26250,4a469beef4210abaa14a57a885d4d3c5,True,26
court:41514435,court,2а-3490/10/1770,2014-11-10,13282,028670e3f22dfd83509400e565811a74,True,13
court:41535818,court,915/2349/13,2014-11-18,29574,f5aebd6f4fa7626974efe92bdf4b01b8,True,29
court:41535858,court,915/2355/13,2014-11-18,29880,d190c3976b64237c1ae150f222d57bb5,True,30
court:41556739,court,915/1368/14,2014-11-17,37325,8f507874da85531ebb159e56a4adc3ca,True,37
court:41569846,court,922/2846/14,2014-11-24,20363,1b3e6b2075c72d3ff5e7cc76c86d9df0,True,20
court:41580977,court,903/824/14,2014-11-10,40749,0dff0efdbececda53556f5c437ebea30,True,40
court:41633417,court,916/2262/14,2014-11-24,24151,2ed780415d05b94953f6b416dd8f9a43,True,24
court:41642270,court,922/2580/14,2014-11-30,31991,3244e621a0e2c7b6ff978f8fd0868f13,True,32
court:41645337,court,14/220,2014-11-25,25822,6d7af382932af99e0bff4fabff6d1ed8,True,26
court:41649261,court,922/4428/14,2014-11-24,26969,13da55d755f92a8f9930d9750fe1b6bd,True,27
court:41650551,court,922/4393/14,2014-11-24,22357,3eeabfc5dbaa92e24f906a7b2e8c6059,True,23
court:41650655,court,916/2054/14,2014-11-26,35379,7478c0669351f72ea1ec29f4430a3ca2,True,36
court:4165963,court,5/301-08нр,2009-07-15,28183,2fe017c948819dcfd37bc1f63ea670e3,True,28
court:41680361,court,908/3816/14,2014-11-23,30028,5faf3ac1128202d3579e75baf6e52f8e,True,30
court:41720357,court,922/3914/14,2014-11-26,44279,9c5c1e6c05070a396fcec8efd945ddeb,True,45
court:41741773,court,915/1288/14,2014-12-01,25616,fe9538b155d5da38131c02ebc5f90b79,True,25
court:4175787,court,38/302,2009-06-29,18283,182d434de2788ed0a841b0b41cee60e8,True,18
court:41777518,court,922/3962/14,2014-11-30,35152,7054504fb3d339d321b9d8173d6dad47,True,36
court:41801501,court,922/3939/14,2014-11-30,38500,fae000d74b7012438b9ae5d29ff66e7f,True,39
court:41803829,court,917/1919/14,2014-12-01,42852,7314a73af028253b307de111b3945a14,True,43
court:41855227,court,922/5063/14,2014-12-08,14535,4b2825eb41ca0afdc3c26a00642157cd,True,15
court:41868945,court,921/940/14-г/1,2014-11-16,29624,6ae331fb21c35e7d2a23106fd84b9068,True,30
court:41888467,court,922/3892/14,2014-12-11,37559,cb9dea9459e10029645ef6145fae3de1,True,37
court:41925140,court,916/4307/14,2014-12-10,26863,b3d585dc44001af356c38377755623a7,True,27
court:41943157,court,925/851/14,2014-12-15,6920,a1017abb47456b67e73bd8a5d8b05d35,True,7
court:41981819,court,910/1409/14,2014-03-25,27779,9539892790851b51f8163a6564073cc9,True,28
court:41986841,court,922/4700/14,2014-12-08,27387,70667b753062939dd5ec4d34bdd29e6c,True,27
court:41987911,court,826/12030/14,2014-12-17,25101,feec7d966f58dc1ac2a937c5a0c5e838,True,25
court:41988138,court,904/3733/14,2014-12-17,23282,f6a83d6278657f8261dab6a040fd332a,True,23
court:41989579,court,910/10902/14,2014-12-15,35458,06e28a932d41357c5648bff798fd1462,True,35
court:41991381,court,910/3995/13,2014-12-08,52485,b1dacb0bfb4bc44f0bf473f7e2e43102,True,52
court:41997024,court,922/5132/13,2014-12-22,7990,2eaa5c3a444665f8d96ba1804ad0b5d8,True,8
court:42000285,court,910/20618/13,2014-12-22,22902,3f4ed7575c6bb12f5c9c9af93e44023a,True,23
court:42015461,court,910/14991/14,2014-12-22,43503,774387c42aca22a37f8514f2751a076b,True,44
court:42016755,court,808/7882/14,2014-12-10,10508,e605e36358abb07980077d8aadf74db7,True,11
court:42022808,court,808/7881/14,2014-12-10,19430,f8ac26f1e1715ba3823210900550d237,True,20
court:4203070,court,2а-3326/09/2670,2009-07-08,20939,6bfe6325f2a1a808e4361c2c5e00cf84,True,21
court:4203071,court,2а-3322/09/2670,2009-07-08,14973,e36194190335c7bae760e2b55e68601a,True,15
court:42074567,court,918/303/14,2014-12-21,39792,af490a8d421de7c01a4f3ddc0bb9cf16,True,40
court:4207656,court,6/443/08,2009-07-20,13839,913be37f99720a2b671289f0527b4f57,True,14
court:4219507,court,16/86-10/16-09,2009-05-27,27009,2ce52ff95bbef8e6d27a32fac4285407,True,27
court:4221863,court,5/5/09,2009-07-14,46832,3fe919314c0270aea6da5f2b42123263,True,47
court:42292634,court,910/9953/14,2015-01-12,7806,3892cc3013ef1ba583c8bc6c4968c9d4,True,8
court:42292817,court,808/7884/14,2014-12-10,13239,63ac632371dab76df1e4a92e287b99a0,True,13
court:42337441,court,917/1685/14,2014-10-29,12806,ac9dac3beac1c2e31d471b841886a252,True,13
court:42390250,court,915/2327/13,2015-01-19,30664,c789e4319119e8942e6b03e59f20a472,True,31
court:42407939,court,915/2356/13,2015-01-19,26134,0e0b83fa46170c68fbbcb20ab2cc235b,True,26
court:42407950,court,915/2349/13,2015-01-19,26850,e07d98cfbc3b3296264c3a7790eeb2b0,True,27
court:42407967,court,915/2354/13,2015-01-19,26244,af3235cf3b7fca160fca610f2b2e6f23,True,26
court:42444613,court,915/1791/14,2015-01-21,31711,e6def6e57c434d98d1f404c4e1015d12,True,32
court:42458173,court,922/2580/14,2015-01-26,25955,aa2ee3fa5409b227dc5dd3666d15ebc4,True,25
court:42460814,court,914/3026/13,2015-01-20,101163,f64905408058856fff42c813bee39148,True,101
court:42462452,court,910/17753/14,2015-01-27,19589,fe2ab6fbf908a8050efcf280d6e89f14,True,20
court:42463295,court,826/19327/14,2015-01-13,21902,ba5940d45c75ee7611ece4e98d074ae5,True,22
court:42463321,court,826/19322/14,2015-01-13,22120,9502c0b4b2a342e25ff372112c6c08eb,True,22
court:42495698,court,2а/0270/2193/12,2015-01-27,14728,172ac2caddab479d6b55c4c0919e58bd,True,15
court:42522659,court,915/2348/13,2015-01-26,24313,d8839eb1fae0d793e2c252a6509d17dc,True,24
court:42574683,court,923/1021/14,2015-02-02,17224,6ef0e2f342ed09b03781e0c4effe834b,True,17
court:42574727,court,922/2846/14,2015-02-02,17906,50c5bce0b3dc4bcd2d793d11984440d0,True,18
court:42575762,court,808/7885/14,2015-01-14,28670,a801c506527484770c87e7dcbf889f0b,True,29
court:42591055,court,908/4992/14,2015-01-26,32563,2521ee2384fccb3740221a900212cbf3,True,33
court:42591077,court,908/4990/14,2015-01-26,32566,84a73ee12242dd9caade8a08a133a2d0,True,33
court:42591095,court,908/4988/14,2015-01-26,33252,a171a857bff394ee21642b3d355bfb79,True,33
court:42594158,court,922/4428/14,2015-02-03,23345,2fb5ecd2a02517135b74b58e66d5cef3,True,23
court:42611827,court,920/8/15,2015-02-04,32592,4e780eba412336fcc666975eabb61bdb,True,33
court:42705754,court,915/2319/13,2015-02-09,28928,f98ff2382332019619d97ab12256829b,True,28
court:42709717,court,908/2974/14,2015-02-15,34459,6fe465a9299b288721a1f8e33ade3de7,True,34
court:42725294,court,917/1919/14,2015-02-15,51944,6b772a4e3edd2a1ac731cc5a6fdcca80,True,52
court:42745916,court,910/23609/14,2015-02-08,53450,adc0227a4d856baaab6d829423f93052,True,54
court:42748851,court,922/4700/14,2015-02-17,26871,645dde1b5279000081d614ac1984d1d9,True,27
court:42762560,court,916/2054/14,2015-02-16,18470,1a9839a2ef2748decd89658bfdde59f4,True,18
court:42781508,court,908/4991/14,2015-02-01,53224,05482aef2ee3e5fcc53e67ee1ecb0765,True,53
court:42781518,court,908/4993/14,2015-02-01,52110,2f06b620e8067b74bc7c7514babdc4ee,True,52
court:42787423,court,826/19324/14,2015-01-27,20634,aaa14e605e87c12b694e9fff5ee86ce8,True,21
court:42788491,court,908/5307/14,2015-02-10,64320,32ece27b6faae46c4b1c7ba0971335ef,True,64
court:42788651,court,922/5789/14,2015-02-11,31155,fface8f46d4e9ce0c3f967c7bf90fda0,True,31
court:42807139,court,910/9954/14,2015-02-16,47907,b63000ea6da8d54c5e0ef974d025345b,True,48
court:42843014,court,910/28968/14,2015-02-18,23198,a51c095b8b806284bd47b666454d20d2,True,23
court:42845971,court,826/19323/14,2015-02-18,9996,a1b652ae9ff77073b3756fc4a271f234,True,9
court:42904337,court,922/5967/14,2015-02-22,15612,dc02691540765ee07ed28f99d3c45c22,True,16
court:42905645,court,916/2320/14,2015-02-24,28533,43d9c991b8363d98a2f9b5757b62ab75,True,28
court:43026806,court,922/6033/14,2015-03-01,17708,6a44bdc8caf60796a7a0163fe4f5873f,True,18
court:43051323,court,2а-10327/10/0870,2011-02-01,23694,885979c633cd27ef3aee675d6249e7f5,True,24
court:43052589,court,904/10028/14,2015-03-09,25669,edcbae1a98df3cfcb65b1d518a43688b,True,26
court:43077047,court,922/4393/14,2015-03-09,32902,9dd3f9aa6a5dab5636090b5db1d61475,True,33
court:43097914,court,826/19327/14,2015-03-11,20635,9e6d2f645f0e7e73b639dbddc2881120,True,20
court:43186036,court,923/37/15,2015-03-19,78530,e8cfb783c31b676c6807c88e8673ffff,True,78
court:43204285,court,903/114/15,2015-03-22,16919,3fd739e82576ba7bd8419acf4ad0e055,True,17
court:43206031,court,910/28556/14,2015-03-09,30231,797e034c3531c37b3ba2dc2d044bfa97,True,30
court:43232645,court,917/1685/14,2015-03-17,17509,2392789fbfbf8bd1d0cbcae1f315096f,True,17
court:43246500,court,904/1334/15,2015-03-23,17367,2f038e2e694adf78933ac95da11ad2ce,True,17
court:43286258,court,826/19331/14,2015-03-25,24200,614e16b1dc2101bfb3e3c00ba8ddb2e0,True,24
court:43306356,court,826/2850/15,2015-03-17,27178,638ac803f7c06c48e158786cfa9dde73,True,27
court:43309824,court,910/3995/13,2015-03-23,93271,6e68820c635da6f5baf838ad7ec65c93,True,93
court:43312001,court,920/65/15,2015-03-22,37081,6b431ff58f9e10275f082d6d3ac4a765,True,37
court:43331250,court,910/20618/13,2015-03-24,20754,ab9a036bc58c81c5f72cfd43c59c1496,True,21
court:43360538,court,925/851/14,2015-03-02,5407,04c343faa0b1623049b4b83573a58af5,True,6
court:43409908,court,922/3379/14,2015-03-29,37259,3114b3a6bf6083f39748d5a1e9e04f84,True,37
court:43411856,court,903/268/15,2015-04-02,18423,bf0b9df108754eb3106d5459f2b2db82,True,18
court:43474278,court,921/940/14-г/1,2015-03-31,40588,2abc425b34670ce06834657fe1d9d1c9,True,40
court:43503892,court,910/3540/15-г,2015-04-01,24523,14dca413164d6ca02ca7354bc0debcb1,True,25
court:43529587,court,826/19325/14,2015-04-08,29196,a2e11754b262b324c128a4021d05b528,True,29
court:43552357,court,826/19324/14,2015-04-08,14034,43081bb9a2be914c638bb50cc1271b24,True,13
court:43554986,court,910/17753/14,2015-04-06,6268,8e234838e322252fc02b9d31d42724c2,True,6
court:43561778,court,922/4428/14,2015-04-07,26037,c4601ddc8ebb906b52c18ff7db84a9ff,True,26
court:43563527,court,908/4991/14,2015-04-06,46979,df16859ad1f277b9ea7fa05341ec61b7,True,47
court:43563569,court,922/3939/14,2015-04-08,34742,83f2bb2326a5538311310e7946087f9b,True,35
court:43613110,court,826/18034/14,2015-04-15,18194,19c96a607296e01d8085e8822b63f650,True,18
court:43642184,court,910/2699/15-г,2015-04-08,25780,2dd27123df5f78417b2a1d182211e034,True,26
court:43642197,court,910/2581/15-г,2015-04-05,49796,c229696a0347bfebd49caeb611dc8706,True,50
court:43642802,court,922/5234/14,2015-04-05,36459,00f17bfe5f03f168c9f577abaf2433cb,True,37
court:43642868,court,922/609/15,2015-04-14,39993,e010ba9d999815e26b5f343a1c1a1e56,True,40
court:43643406,court,903/114/15,2015-04-16,41205,338af02431779c5561b2908a04bb1fed,True,41
court:43666582,court,924/468/15,2015-04-19,8478,d8ca463e8c4715730269fa9368d25302,True,8
court:43686509,court,922/886/15,2015-04-13,26418,dcd6c6d8df8ab31be3e98a13d918d2c0,True,27
court:43686863,court,908/4990/14,2015-04-15,45938,4f9353f958503f07763c78b848a6b98b,True,46
court:43745282,court,922/2846/14,2015-04-13,35432,35c894deda9c88c14615df64201616a9,True,36
court:43745392,court,923/1021/14,2015-04-15,27947,0ef11552493e1f935defb51e0d26e177,True,28
court:43792913,court,908/5307/14,2015-04-19,56153,ae524a15e4cdfa16476773c11f055242,True,55
court:43841211,court,910/2690/15-г,2015-04-19,58644,1c242d1254b105515fa949d16f57ccc4,True,59
court:43842012,court,924/468/15,2015-04-28,17129,875e7baac5dada97681de4fe2508e169,True,17
court:43842338,court,914/3026/13,2015-04-20,39781,9ed130e506afca7c5c46406359f7cb75,True,39
court:43879167,court,914/4319/14,2015-04-28,23984,e37614c20d2ef50337cf748389d2d8e3,True,23
court:4390428,court,16/1-НМ,2009-08-05,18420,fe2d77438d75ebd82edbdef073dd52a8,True,19
court:439121,court,4/44а,2007-02-11,46220,127595532c7315d12962ac0bd3ccad05,True,45
court:4396158,court,11/27-09,2009-08-10,26271,14f6202cdc7027bb226716a983747e61,True,26
court:4398699,court,7/14-254,2009-07-13,19748,54d53dec2996b0aed0aadf52a0765286,True,19
court:44000,court,11/324/04-НР,2006-07-12,17532,63ae9c4fa940c22a391730f8fc8321d6,True,17
court:44316771,court,922/2085/15,2015-05-12,24246,255a1e091813cd1fec614ed13a3dd9b3,True,24
court:44318138,court,921/1295/14-г/14,2015-05-19,25302,47e32fa0bf6c0c4b6d21653657326c7e,True,25
court:44343359,court,923/37/15,2015-05-20,41219,ae09a849c3fb83e353a8595c27bca2b7,True,41
court:44428359,court,904/10028/14,2015-05-25,32114,ab47a80258c51d63c365311d6b9b2020,True,32
court:44428382,court,924/467/15,2015-05-26,60299,b66293285fdba3ab2a0d1b343fc6d552,True,61
court:44445957,court,924/468/15,2015-05-27,74512,f583adcd91da0bdb1c8c54971941714e,True,75
court:44544769,court,910/2581/15-г,2015-05-27,51629,b2b3a481b5960cd1006a397dafba069c,True,51
court:44748667,court,922/2144/15,2015-06-01,49133,5ff6330d3a46ee7c5a286f286482f088,True,49
court:44749000,court,910/2690/15-г,2015-06-02,45836,c5cbf32a8c73037b08b968e731416967,True,46
court:44799341,court,826/19329/14,2015-06-10,18949,b29043087e3a8bdfeeb5e1f67beca1b0,True,18
court:44828594,court,917/875/15,2015-06-08,44135,fa5fcc5b1f5a784e535ecd6583caf683,True,44
court:44871673,court,816/1262/15,2015-06-04,38629,19783cb4c3e0d130fc9c0cecbd213558,True,38
court:44876479,court,922/5789/14,2015-06-09,50858,3d7496d732dd262f8e41d5359bed7603,True,50
court:44876716,court,903/268/15,2015-06-07,30527,67345f0d9f34898175ee193482874d94,True,30
court:45101571,court,806/2042/15,2015-06-10,16438,6ec3c809a70a34e6454e8c5482590941,True,17
court:4527186,court,25-11/28-08-501,2009-01-25,18187,2c280504648a3660dd5313e08a5a34a8,True,18
court:45338758,court,826/5083/15,2015-06-10,22232,68e3f5dd328f6ad77b9634f68ab350a5,True,22
court:45367476,court,904/1334/15,2015-06-16,16044,147e979c6e4cc933fbd63d52582d1528,True,16
court:45367651,court,923/1021/14,2015-06-15,21556,0505fce4e28bd7c8c68ce61911cba363,True,21
court:45367733,court,920/143/15,2015-06-14,39674,5b5552103bf69750f2de3ff4548506ad,True,40
court:45367807,court,922/5234/14,2015-06-15,36959,41be74e53475be699c3b8a75eb6a49c1,True,37
court:45369487,court,826/2850/15,2015-06-17,33757,a059744ae6d3efae162be9c1f5510302,True,33
court:45400564,court,813/847/15,2015-06-03,31726,c18f439694f78b582e5f914f8ed39910,True,32
court:454629,court,7/485-ПД-06,2007-02-18,38813,66f82b9835d499349fd5d57d31700a72,True,39
court:454630,court,7/484-ПД-06,2007-02-18,54635,1b867714e1c1c6ad4a18890a3f2ba248,True,54
court:454631,court,7/483-ПД-06,2007-02-18,23598,a2d6175ca071e1a381955ebe4e994b14,True,23
court:45536051,court,922/2846/14,2015-06-21,36006,81efe7b684dfe306c52710c6135d7de0,True,36
court:45710168,court,922/609/15,2015-06-21,36447,d4100c3cf2efd189f0a3b8cc7937e465,True,36
court:46034797,court,910/9954/14,2015-06-29,28315,740a94d2db7c05a42763682632f6365c,True,28
court:46039276,court,910/23609/14,2015-06-23,52583,b958601dfd897cfa1654f3383334cd00,True,53
court:46052715,court,826/19330/14,2015-06-29,19032,89973a1f347e0c64f3dd57ee5fb3149f,True,18
court:46059901,court,922/4700/14,2015-06-30,21307,666577586433fde0ccf63a44b6356f7d,True,21
court:46063727,court,910/2699/15-г,2015-06-30,25794,b1e3fa4bbf732b849177428da62c2312,True,25
court:4610759,court,2а-10043/09/1270,2009-07-27,34733,4b258114229262caedf5d6af56268b83,True,35
court:46277552,court,926/1331/13,2015-06-30,84928,8f38e40c59c774442481acd870cfe9b6,True,85
court:46277622,court,922/886/15,2015-07-01,28686,6fa01ffe8c40014ed5d0dd31562f1abf,True,28
court:46277724,court,920/65/15,2015-06-30,50110,a8c90d9ae3deaa690df68d943e3a9705,True,50
court:46407641,court,910/9145/15,2015-07-01,22415,806e24697174964ead13f48c0a6511a9,True,23
court:46410346,court,910/3540/15-г,2015-06-24,25737,ce752137348c757aec3738a2d4abd09f,True,26
court:46472423,court,5023/5395/11,2011-08-28,4348,c4c17c837b5f28abcaa8ba3cbbd1208f,True,4
court:46564232,court,2а-6318/12/1370,2015-07-01,15147,bf5812c8954233faa99615023a944f21,True,15
court:46604519,court,917/1685/14,2015-07-07,21353,54921dce9f9f04b39cac38e64dbdd9e9,True,21
court:46607114,court,922/2524/15,2015-07-05,45169,6caa5056d07c58dffe9d778072cfa52e,True,45
court:466269,court,45/381,2007-02-26,10306,995fa40bdea1a35a14c0dbcb61bc9195,True,10
court:46694,court,05-6-45/7-41/479,2006-07-17,19449,57874ad38506a3786f8dedc460b2757b,True,19
court:46704,court,(10/44)-17/232/2,2006-07-17,14374,1ad32fb0de2d13b7d1966f661bc0c240,True,14
court:46758885,court,908/4992/14,2015-07-14,26131,ee1648c1b317c05275a371d85e734b89,True,26
court:46759006,court,908/4991/14,2015-07-14,27140,148bafe83dfb96fc32b6c39f4d807ead,True,27
court:468000,court,18/346а,2007-02-12,12408,1234851499ae241b8968f83a70650ff0,True,12
court:46851725,court,908/4990/14,2015-07-14,19809,dfb09dc05d9a1b41b0a3257b0e516a77,True,19
court:46855008,court,11/176-10,2011-01-19,25737,097da7db8dc9c00ca85f90276dfdbe4f,True,26
court:46899399,court,922/3892/14,2015-07-09,35762,6314812d82281a15026e49742177c05e,True,36
court:46969519,court,910/12786/15,2015-07-12,29796,da4786cc74cf17609602dbed5bf3d337,True,30
court:47026620,court,917/875/15,2015-07-13,45461,9943c4b7103a99311e7f3e36e4d9cd4c,True,45
court:47109370,court,922/3611/15,2015-07-15,13139,30126e2eab75e30da519a4cfa63d8d4b,True,13
court:47173194,court,922/4428/14,2015-07-12,47187,ec0fcb4c2e13159dcff12d7f51f75a6a,True,47
court:47298974,court,912/1877/15,2015-07-19,57357,1545a9a552a12020310ffccb22784e79,True,58
court:47300591,court,922/3962/14,2015-07-19,44689,cab9e3da91418d3fd330733daa301127,True,45
court:47711539,court,806/2042/15,2015-07-21,15197,f3c72385be4842924094f90aac087fea,True,15
court:47712057,court,906/855/15,2015-07-28,10084,8658381225a33cd985f3201057b54f0f,True,10
court:47712346,court,910/13874/15,2015-07-26,66213,665a09f62424baf296db81e1ed62dd29,True,66
court:4776289,court,16/71/09,2009-04-07,21601,f5624f46d280935688b1efbaa7ecb059,True,21
court:47769525,court,903/850/13,2013-09-02,21559,ecec289cbc1ae9d4eea47ac9854582ed,True,21
court:47849152,court,826/5083/15,2015-07-29,34868,f531432bd293dae3621e9742f787e2a9,True,34
court:47911989,court,808/7884/14,2015-06-29,23585,09885d210ebf23cc42f2f9105b8b7a04,True,24
court:48000162,court,906/988/15,2015-07-28,11234,595a8b6994cf2eb9f70c2c4c423d9cfe,True,11
court:48071357,court,922/3370/15,2015-08-03,19219,8373430604461cbb28a4447d16d95279,True,19
court:48264373,court,917/1143/15,2015-08-09,33979,384690c111af7cab52e0183fed4f030d,True,34
court:48265690,court,922/3366/15,2015-08-09,23152,8114d6f7522b6e564fab9b1800f89c95,True,23
court:48414967,court,923/37/15,2015-08-11,21228,0a85612ffa7ef172c7a60ca7ed669fcd,True,21
court:4852638,court,14/259,2009-08-06,18978,8f4dbf70ebc796edfa0f8e37f5cba3c1,True,19
court:4853233,court,14/282,2009-08-06,34290,866ac3e1a7039ded7d2736b0a64e19da,True,35
court:48741853,court,922/2144/15,2015-08-12,64250,52d0f78a8c67495a3094028b19f59ec0,True,63
court:4878823,court,5/199-09,2009-09-30,34604,effd251dc2e4be906f6b11077cffc2ff,True,34
court:48832578,court,10/344-10,2010-04-07,18600,2ae08c503cec78f1fc29ccf46fb6e656,True,18
court:48833468,court,10/344-10,2010-04-20,22313,f62524e1daa6e9c611dcb032a79d1259,True,22
court:4885031,court,8/327-08,2009-09-07,18876,8a0cb1a916836d3cb1927016c40198aa,True,19
court:4885085,court,3/103-09,2009-08-20,16895,6cc1ae87c354dac8e7841e3d2413b5a5,True,17
court:4885252,court,45/31,2009-09-07,25548,9a995af4850796d2bf9c79f48aadbe87,True,25
court:48855913,court,5019/816/12,2012-08-05,25383,20a935e24f9903b2199eb8a60e3c3520,True,25
court:48876568,court,906/855/15,2015-08-17,35125,f110640b89573538816275797ca8c9e9,True,35
court:48878940,court,920/673/15,2015-08-18,17562,f715e9d27616a3092785bb1c7f2c7130,True,17
court:48879597,court,10/344-10,2010-06-01,24947,771eca59f9b097c9dc55f0b896dc6d02,True,25
court:48880196,court,10/344-10,2010-05-11,24784,acb3cf71964a723f1beea56317da17ac,True,24
court:48949572,court,5019/1736/12,2013-01-23,17261,ef50673dd5f989d99fd709b8f0698291,True,17
court:49047162,court,922/4969/13,2013-12-17,5730,72a9d54b65cbb05fcacef84441db627e,True,6
court:49047167,court,922/4969/13,2014-01-13,5409,ca9e67703d01e3e6c6fd801add16a375,True,6
court:49047349,court,923/1279/15,2015-08-24,10798,a96f5787d079c6d71796697a75b365bd,True,10
court:49047476,court,910/9145/15,2015-08-11,21674,843f3062269cacf2c116e84776bfaf9d,True,22
court:49248041,court,5/157,2010-10-18,57161,f8136700e324709c1ed3ea532ac355e8,True,53
court:49335722,court,910/23609/14,2015-08-25,19580,67ff78e0ade82cb39c64e953787e9382,True,20
court:49344892,court,921/857/13-г/9,2013-10-20,25732,06153d04bef724fc1e7d39ad09c4ae08,True,26
court:49351804,court,921/857/13-г/9,2014-03-10,11045,43dacc3ac158e3d6c0e4ca51ede0e100,True,11
court:49426570,court,15/58-10,2010-02-09,8310,9a8c7bfe6b8de1b44e472c38656c5996,True,8
court:49426573,court,15/58-10,2010-03-14,9094,6753917f29e63eb0d1726c35a9b90596,True,9
court:49426575,court,15/59-10,2010-02-08,5145,9793f267285d261299985ae8226c67bc,True,5
court:49426585,court,15/59-10,2010-02-23,4597,99fad107e3d99f8fcbf603e271f33dfb,True,5
court:49426628,court,15/59-10,2010-03-03,5903,3b3fc5abbf5f4a45b5d5f5f889140edb,True,6
court:49426634,court,15/58-10,2010-04-13,8920,8c34107244e8db18d79046a658988736,True,9
court:49426649,court,15/58-10,2010-03-29,9195,0370ed53f5fed5ffb585b4ccfe3f497e,True,9
court:49426663,court,15/59-10,2010-03-21,8587,4f4dee43a1d0b12d17003621c0aea8ba,True,9
court:49426700,court,15/59-10,2010-04-11,10008,2ae5c8ea7ae4d102f793702e8c857cd4,True,10
court:49426716,court,15/58-10,2010-05-18,8822,b19c5a0f1814b879323df8b0784e3861,True,9
court:49426738,court,15/58-10,2010-04-26,8994,797195e985367ce2fe0bd685a39e6892,True,9
court:49426818,court,15/58-10,2010-06-03,9270,09a09fa526b23cea2ceee86a442a133d,True,9
court:49521181,court,922/3892/14,2015-08-25,38142,03c421d327873e213060eb01c99c8cfa,True,38
court:49521268,court,922/3929/15,2015-08-26,28834,72e598246af312c0aa91ebbf3cb4dd35,True,29
court:49730145,court,922/4428/14,2015-09-01,32849,d4ac3ddbddf2451fcba47691d26ca9ac,True,33
court:4987957,court,10/259/08-5/31/09,2009-06-16,31701,f030100a7df5f1c23a5b260bfd92ee98,True,31
court:4987987,court,10/259/08-5/31/09,2009-06-16,31730,f030100a7df5f1c23a5b260bfd92ee98,False,0
court:4988115,court,6/443/08-11/356/09,2009-09-20,12767,884453bae78e35ade47bcc2f270eb6d4,True,13
court:5007959,court,10/504-08,2009-09-28,16840,4d88add0e2daaccab3b82e82a4ae36f0,True,17
court:5008692,court,3/33/09,2009-10-05,14337,710d8b0e0b26d3b890b348463f5e1fd3,True,14
court:50191810,court,826/19332/14,2015-08-24,18410,d918a891ea4f81db5863fd024726b22a,True,18
court:503771,court,9/205-06-5910,2007-02-19,18316,399800fc45897fef17c011acd26c3eef,True,18
court:5051517,court,1/223а,2009-10-04,5914,6007197893050e100413fed7bde31a0b,True,6
court:5051639,court,1/223а,2009-10-04,5910,6007197893050e100413fed7bde31a0b,False,0
court:50660622,court,5019/2666/11,2012-01-30,37999,ae142f77dbbaabd030b5c627f46e42d4,True,38
court:50697342,court,45/17,2011-05-25,44020,bd93f3b564524d6d777a23891a83ed43,True,43
court:5069906,court,19/173а,2009-10-14,49483,f9367588c37e48b2d70f8941ada6fdea,True,48
court:5070136,court,19/173а,2009-10-14,49171,f9367588c37e48b2d70f8941ada6fdea,False,0
court:50918280,court,922/3366/15,2015-09-16,7932,daee7c05163d8aa9f5832e7bd793803f,True,8
court:50935979,court,921/857/13-г/9,2013-10-20,12086,b2fcff04651271391a5775e576985535,True,12
court:51035477,court,910/2699/15-г,2015-09-21,14121,faec7b3c841d7b1b381a52ba952c29a2,True,14
court:51059003,court,11/39/5022-999/2012,2013-01-21,24866,df8c61c0f09b4033759988bbf74909d4,True,25
court:51127594,court,5010/1265/2011-14/66,2011-11-15,21559,4212a37342e8b332ccd1c952852dcc7c,True,20
court:511595,court,3/764-06,2007-03-05,37011,24187bc40744f68cf0cf1cabdcc5666f,True,37
court:51404,court,45/442,2006-07-24,14762,0608daa90cfe228bcf9cf148565fbd55,True,15
court:51410762,court,7/66-1118,2010-09-07,17957,96b36a673a780dccecd284fe7e25af4d,True,18
court:51410781,court,7/67-1119,2010-09-16,25079,7ec6ac9d0e8ae7b18af42f8afd4f3c8d,True,25
court:51410811,court,7/81-1254,2010-09-22,28111,af4f785ff0bb767beafd876ca768189e,True,28
court:51419110,court,5015/1040/11,2011-11-02,24696,c956963ec654b36692307a4bb9d5e68d,True,24
court:514718,court,18/377,2007-03-13,15477,4e1ecad77768a7cfd0d894bcd1ef0df4,True,15
court:514721,court,18/376,2007-03-13,15295,60a865820eec149ea286ebe7f3cf728d,True,15
court:51549010,court,908/1824/13,2013-06-12,10218,a1a955478c9c98f8fc23c9de836fdbcd,True,10
court:51549020,court,908/1824/13,2013-07-01,10392,52cdd3992157a61f8e1264dbb37ff132,True,10
court:51687939,court,917/324/15,2015-04-16,13008,6afb412ad726cadbab12df26d8fae653,True,13
court:51841856,court,2а/0370/2996/11,2011-11-15,25980,e822b69e3ab9c3e84eae9a8564f8777a,True,26
court:51863921,court,821/3205/15-а,2015-09-27,4770,1e355a61b3f58b86e2141ecacd387fc8,True,5
court:51946063,court,910/28968/14,2015-09-29,27089,15345e7d2ec6225d4f35c5c8c5d4f5f6,True,27
court:51946133,court,926/1331/13,2015-09-27,40933,452c3151b4e6baf0cf6fa4946ae65ddf,True,39
court:51980859,court,2а-7909/11/2670,2014-09-08,13239,76415cd8d50c7c7122e8700b70048717,True,13
court:51990050,court,910/3540/15-г,2015-10-05,11695,4e416d21d717ab8a9880d26ed7532ce4,True,11
court:52203972,court,917/1143/15,2015-10-06,33239,8d34158ed987a18889b0648b474f80cc,True,33
court:52302386,court,922/609/15,2015-10-12,10641,ea1a8fc0418c8e9e52578fb448da5e2e,True,11
court:52304246,court,910/12786/15,2015-10-05,39600,effb588a21fc12f6499fcfbe53b3d81f,True,39
court:52317862,court,910/17733/15,2015-10-14,178290,9e436e96c7fed2200a6542d7d1468b84,True,178
court:52402060,court,923/1021/14,2015-10-12,19863,314b0f342d6faf2604e3c03393f9f9b1,True,19
court:52504337,court,922/3366/15,2015-10-12,34508,c77ca10c0d079a68b1429f14c0c75e36,True,34
court:52615095,court,910/17632/15,2015-10-15,68015,0afe397c0fa390f826b976eee4885cc0,True,68
court:52616129,court,926/972/15,2015-10-14,41363,a97b1d0e4ebc98e70756355103ee96e2,True,41
court:52625856,court,922/3379/14,2015-10-20,23259,2db35aa555cd36812aecb35c7c1a719f,True,23
court:52861074,court,920/673/15,2015-10-26,37955,5429d99b4decb29633e3ea522eee7f98,True,38
court:52861103,court,920/673/15,2015-10-26,37894,226bab178653a3513f218e50e69979c1,True,38
court:52953279,court,922/886/15,2015-10-27,15838,c4839a271198277b6f9ad16a5d9f5fae,True,16
court:53022444,court,920/143/15,2015-10-27,20712,18abc24c68ea5dcd5512a14f7a431fa8,True,21
court:53150031,court,923/1509/15,2015-10-27,40041,299e9a8175c8047c212ed434666e2eb7,True,40
court:53273196,court,906/1277/15,2015-11-02,52762,6aea584f19b54e1e5b7b135ebcec2891,True,53
court:53310900,court,909/1050/15,2015-11-02,21750,f17cc44d767ebee77b46e53258a286ef,True,22
court:53526113,court,910/24575/15,2015-11-08,28882,426ba1e77a165a845835c5f448e54dbe,True,29
court:53527415,court,922/2524/15,2015-11-11,60055,0e57eb59eb2ac9331aa7a877777f864b,True,60
court:53565269,court,910/24356/15,2015-11-15,70884,5533eb6b51b333daa9ac053bc8d612c4,True,71
court:53606750,court,915/1559/15,2015-11-09,27914,5c438258c601e39b3a10a228cee4d37d,True,27
court:53686286,court,915/1551/15,2015-11-17,28897,f14e73bf90b428eccc4ac78329ae6b78,True,28
court:53686880,court,917/1685/14,2015-11-18,22530,7373197a928f20eb5be8b5be77ba1f35,True,22
court:53767380,court,910/26180/15,2015-11-18,19023,d26be667705d6618306ec02bbd7b2c8c,True,19
court:53812880,court,918/733/15,2015-11-23,35027,6e32b97c97b37c9ca968d62e586237cd,True,35
court:53821483,court,921/915/15-г/4,2015-11-16,46098,e0a5a4ec916482038a3ea83fe9c5a6ac,True,46
court:53894000,court,907/1083/14,2015-11-23,19035,70b6d4b0289401577bb0eabdf02a74d6,True,19
court:53928954,court,5011-72/11560-2012,2015-11-25,58033,41bc67d3fcb39f9b2f63f09dafb11ca6,True,58
court:54080183,court,910/13874/15,2015-11-30,54090,610fde0cdc43e4943dc6dbd2100ce44f,True,54
court:54119846,court,910/12786/15,2015-12-01,24516,422eb44c517f8c795c7eed5c1045c3f4,True,24
court:54122509,court,922/5789/14,2015-12-07,21523,c8766a1ab0208fc18440cf516ff54fda,True,21
court:54128083,court,922/3929/15,2015-11-30,48057,4dfaa360f2ce7f35aeb14e4badff9d3e,True,48
court:54384251,court,910/24575/15,2015-12-15,23088,cf5b3f806f4a49219c4ed10f3a6c89be,True,23
court:54428390,court,902/1195/15,2015-12-15,33136,8fcdbec736531dc3b6bc33ff74c237d6,True,33
court:54507,court,9/205-06-5910,2006-07-13,25580,9e0b7bc1d332ac92a147a39f89d19584,True,25
court:54509106,court,917/324/15,2015-12-14,29191,cead3fbc6c7dfc74a9460ae971600cd3,True,29
court:54598381,court,917/2192/15,2015-12-16,29971,4f96d65571dc4c6737f23aea1ead9763,True,30
court:54677401,court,902/1184/15,2015-12-22,58083,25d1cb6043a7082ecb9ece015d18bc80,True,58
court:54857206,court,5021/1454/12,2013-02-18,6201,35c9ff3ec57c6223b8a85feca4e8371d,True,6
court:548866,court,20/127,2007-04-02,19741,5a487347403d37bf88f93c50639de10a,True,19
court:54982869,court,910/29870/15,2016-01-05,24047,225aa0ae7ec58e9a0ed24c669c6f4553,True,24
court:55051117,court,5023/3300/11,2012-02-07,7173,bcb66eae813a953d9f2d966666bea227,True,7
court:55073367,court,826/5083/15,2016-01-13,12407,530c3f86abbce928583edce566cc86c2,True,12
court:55097146,court,906/1277/15,2016-01-17,54829,b149afcc748351556de4931995a675ec,True,55
court:55222298,court,2а-2800/12/0770,2016-01-19,12209,691c9a3eb88cba5953abd045deaf6131,True,12
court:55247187,court,920/1441/15,2016-01-25,52447,95bae3a0d6bf63d57a9a0e7cbeac7f9b,True,52
court:55341608,court,924/1799/15,2016-01-21,52606,2a34a7569607b3a058c1c56c4b85d44a,True,53
court:55531682,court,903/1262/15,2016-02-04,26861,7b0273a4f7ef07a52e6dbc821b2b63b3,True,27
court:55608025,court,922/89/16,2016-02-03,14634,f601198491d09bfacc3b055774a10803,True,15
court:55765585,court,902/1184/15,2016-02-09,67553,2462ea9f30fae2620c253b3f761ea5c2,True,67
court:55773331,court,915/1559/15,2016-02-09,31622,5b16da6c69955d878e8540c7e840441f,True,31
court:55865385,court,917/324/15,2016-02-15,16559,7b5ccae864b24b7ac8fa8b5952d35e76,True,16
court:55943888,court,5011-72/11560-2012,2016-02-14,44980,3204fb58b86f189e9bb2b717ad56aa12,True,45
court:56024582,court,906/855/15,2016-02-22,20342,95ce82c55d038b8b3a4cb49cd998400a,True,20
court:56093297,court,926/117/16,2016-02-23,9125,5ac4f7c97ed8a5c32e1bc1ae2e8792aa,True,9
court:56157045,court,910/31905/15,2016-02-21,73183,fef69173643ae543378fa424fbd98048,True,73
court:56254363,court,917/1143/15,2016-03-02,15830,836ec89940e6a75523aa9fcd9c16662a,True,16
court:5629819,court,4245/09,2009-07-20,9428,05ee74cf967d5f8e972a4f1d9c38d5cc,True,10
court:56307141,court,927/1347/15,2016-02-22,22387,3b77757f5ae911b8f9f153171084856c,True,22
court:56307417,court,917/2192/15,2016-02-21,27720,fe9f54ca2faa918b4b3aa85aa40e7738,True,28
court:56307671,court,914/3038/15,2016-02-24,34682,4ecbc9a0b0b130d04f1849040eaa8c00,True,34
court:56342333,court,921/915/15-г/4,2016-03-01,44939,7b7d36c7c37c0e666b7e583ffd71a354,True,44
court:56421375,court,910/18866/15,2016-02-25,19414,b663c130865ad75c1367798f9f130c62,True,19
court:56482026,court,924/1300/15,2016-03-14,28358,61aa0adf38ddf7a23ad0fe8602ae689c,True,28
court:56579217,court,914/3026/13,2016-03-14,44197,87ed09f147243df2e51021172203358a,True,43
court:56613678,court,910/29870/15,2016-03-09,21326,0ae4db1d60d7d5a12ad38844bfa754dc,True,21
court:56613949,court,920/177/13-г,2013-05-22,10313,741f65af395402cca68035b83110af4e,True,10
court:56678778,court,922/2543/14,2014-09-24,6727,d530b14d73e3921dffbda997c2b6a726,True,7
court:56752743,court,920/1441/15,2016-03-22,48844,20375b9e295347678a86581a2790b3aa,True,49
court:56843031,court,910/9145/15,2016-03-28,13035,68bd17839c3c1df47b30c3c58b04fec3,True,13
court:56843672,court,910/18704/15,2016-03-24,45146,331ee29c8ca9f7816b70608e70870c7c,True,45
court:56848050,court,922/2144/15,2016-03-27,27959,e78037b2966c7399cc6e53c5bddcc030,True,28
court:56908864,court,915/82/16,2016-03-29,20935,5066ba6a9d9787eb3edddaef1998f06a,True,21
court:56915457,court,915/40/16,2016-03-28,31280,b354102615d09c3f2a6bd904d65df3ad,True,31
court:57000156,court,906/1147/15,2016-04-05,36265,514a6fe9e6b51a8e874829141754dee9,True,36
court:57097792,court,922/564/16,2016-04-06,21353,0792d6635497c56b68a7b0d5627b9ec5,True,21
court:57098175,court,918/303/14,2016-04-05,56901,91688075be08bf3940d13eaeacf8eda2,True,56
court:57101405,court,826/2850/15,2016-04-06,7794,f01da3dec90335795dadcda446a1e882,True,8
court:57103345,court,826/23590/15,2016-03-27,28022,feb0cfa38a37e77eafb7239aea78911e,True,28
court:57171065,court,924/1799/15,2016-04-11,50716,a19526d0396b6a5437ac9d26b1e8a1aa,True,51
court:57253839,court,915/144/16,2016-04-13,29747,aed867a1b61c5a8f1b2db81111f7ae92,True,29
court:57308996,court,910/3593/16,2016-04-17,35226,7c05cf42a1a012650096aa1f3e0c552f,True,35
court:57340802,court,906/1154/15,2016-04-17,39596,07ac23ae1dca476ca26a33f2f63f9f0a,True,39
court:57341004,court,910/2526/16,2016-04-17,33243,1edfbe3db79b864ff299bc539eadfbdf,True,33
court:57367958,court,921/59/16-г/6,2016-04-11,38274,f71e5dce6e928787e91db5b29dc405ba,True,38
court:57369771,court,21-5126а15,2016-03-28,9999,621b0f1387350c7f0fbaa6943c14a775,True,10
court:57491712,court,2а/1570/10497/11,2016-04-20,20335,67203c167dc9d38b3b91748f9663cf0f,True,20
court:57646427,court,927/173/16,2016-05-09,52542,8f3aa32d5b8f7c6c5f8de12acf8c5761,True,52
court:57730992,court,921/159/16-г/18,2016-05-11,50557,f26d2013a00c9ee86a6d6f84922eb999,True,51
court:57785141,court,910/24356/15,2016-05-16,47290,4a5153b8a807d5f35c927d0b3bd7d9b4,True,47
court:57788477,court,918/140/16,2016-05-10,43221,daa8a018baf2cee16f40c53d5a5cd5f8,True,43
court:57840088,court,910/4771/16,2016-05-15,36919,da40670268b3ef31ca638a03ce2932bc,True,37
court:57841080,court,914/556/16,2016-05-15,29274,c764a02a44aff96cefe92a837944b572,True,29
court:57898133,court,910/31905/15,2016-05-11,48184,a09d9e4ec50c479298caf07b788dc2ff,True,48
court:57959470,court,921/161/16-г/6,2016-05-11,56395,45f7a2a1c0fb1abe3e87c4e9fc8f0654,True,57
court:58070980,court,917/1685/14,2016-05-31,19189,46c04e395e1af0c0f772a9fc86d6a5d2,True,19
court:58155718,court,914/3026/13,2016-06-06,16771,561a9c8c6b7c38187d5b3fe977f2adb7,True,16
court:58184370,court,910/2526/16,2016-06-01,25252,85a7c82e9df58ad26b9c9938029e41a7,True,25
court:58218660,court,910/2843/16,2016-06-05,31833,07be08bcf7df73eb9f5f72a96811a928,True,32
court:58274337,court,927/20/16,2016-06-07,38134,33f72b65b2832bbc3a406194976ffd9e,True,38
court:58330532,court,927/468/16,2016-06-13,37334,09e881e5abf9c645afe327a0cd801522,True,37
court:58371030,court,910/18866/15,2016-06-14,23751,8e6504745372986b2e644746e138d7ba,True,24
court:58374892,court,922/886/15,2016-06-14,24175,facc68f78f2dc97548723141df5c5607,True,25
court:58376431,court,910/3593/16,2016-06-13,29188,ecbd96f4a16a51f39e0ea8384d2f7bb8,True,29
court:58465694,court,915/40/16,2016-06-20,34635,d7f8fbf2a2de3798f2d719e1114be29b,True,34
court:58491098,court,915/82/16,2016-06-20,15704,50402a0fd7ac4008f1262aadfaedb975,True,16
court:58510531,court,920/1441/15,2016-06-21,24125,14b2e500446b2767b90034235402ae9f,True,24
court:586123,court,12/441-06,2007-04-09,14472,732ef7e6b41159f6594eb09a48b412ab,True,15
court:58625073,court,916/3900/15,2016-06-28,36546,a31b3e3092968d02e939f616dbd23176,True,37
court:58627390,court,918/142/16,2016-06-28,59667,dfb58860cfd2178377995cfa20bc2a1e,True,60
court:58637384,court,910/1331/14,2016-06-22,36619,8d57e51d3dfd01873a269899546f52f6,True,37
court:586547,court,6/494,2007-04-16,17404,75bfad3ecef2e6e0da4e90fe28032cbb,True,17
court:58682798,court,918/140/16,2016-06-28,48628,b073af714976b0fb9d371010eabf290c,True,48
court:58807886,court,910/29870/15,2016-07-06,10783,afe746114c4d94fef69c5f13e755b173,True,11
court:58850551,court,920/464/15,2016-07-04,54544,17992016c1a22d0ec459e4c4e475a02a,True,54
court:58871782,court,921/915/15-г/4,2016-07-05,28192,c5f070bc9875a0b8b7c7efb4739d20fe,True,29
court:58899353,court,910/17678/15,2016-07-05,187759,134fdc2912101cbc983d57b22708ecfc,True,187
court:58925369,court,906/1265/15,2016-07-06,34832,c4fbf646a5fbf09ee3a33076f203fc1f,True,35
court:58955277,court,924/1799/15,2016-07-12,41620,dc92251408361aec815e3e9c69a70527,True,41
court:58956182,court,914/261/16,2016-07-10,53016,523ceff01d2162ddb95c291318af7709,True,51
court:59042613,court,926/405/16,2016-07-13,25071,a58274d1e6c66b0d18af78c26318e219,True,24
court:59137936,court,903/440/16,2016-07-18,53868,6d65b34c4947daeb33454ab9abf29d7e,True,53
court:59143626,court,906/1154/15,2016-07-19,35868,ff4e5f078fdfd17c833544668c7a7ac6,True,36
court:59170655,court,927/486/16,2016-07-18,52857,61574241bf4a96f03404136035436d62,True,52
court:59239771,court,910/4771/16,2016-07-19,39689,e13315a5b29ab4dbd8ecb212c33bfdc5,True,40
court:59379749,court,915/1790/14,2016-07-24,23103,8984255cbe9bf2474da3d1196e571180,True,23
court:59454470,court,910/2526/16,2016-08-02,15488,c1b569fec710cdf8426e5a2434193cff,True,16
court:59490028,court,915/144/16,2016-08-02,35520,f59c54094d3ae5dcbf2479e5422273f9,True,36
court:59755731,court,914/1431/16,2016-08-10,38537,db6a2ed68e41129d6b2a303ae88de421,True,39
court:59877693,court,910/17733/15,2016-08-15,67057,b119417e64bf59fea2e4730b167a280b,True,67
court:59894162,court,910/27132/15,2016-08-16,25151,a77e32e9bb39369e3ab8b2b09d1d2e27,True,25
court:60863,court,8/278,2006-07-16,13331,5c7b8aa21fade96a953c16543103bc68,True,13
court:61082835,court,926/117/16,2016-08-28,39712,55a50c89e530547100150a00b3d48c28,True,39
court:61160555,court,921/159/16-г/18,2016-09-04,25198,15bd365b03bf7d2fb1f9b94ba27f64df,True,24
court:61160556,court,921/161/16-г/6,2016-09-04,24706,9074c3aa66e23224b9e280f6a0cd69e3,True,24
court:61160587,court,914/1374/16,2016-09-06,29328,81927cb205e1f2ddde1d60be227e99e0,True,28
court:61160600,court,921/59/16-г/6,2016-09-04,34517,df1f4276a99685274f551ccc3105f78a,True,33
court:61318110,court,910/3593/16,2016-09-12,15394,64c30eca76e74d7dc070555fd4566f7b,True,15
court:61319106,court,910/2843/16,2016-09-13,27432,d1e42ca1dce4152a7e82023047c38a1c,True,27
court:61479717,court,906/1265/15,2016-09-20,32617,f18a392a328d90e10fff17fdc2e00dca,True,32
court:61563536,court,924/43/16,2016-09-25,29563,46d3eeedfb09df08a8d0abd09144327a,True,29
court:61568655,court,914/1432/16,2016-09-19,49741,e39487c1b43c4fba28658555ba7eefdb,True,50
court:61580239,court,918/140/16,2016-09-26,22781,3c379a658a5392b31ae80477efc60f8b,True,22
court:61589415,court,924/43/16,2016-09-12,12622,e49135e101e0cb1e92698141a6d87592,True,13
court:61681008,court,910/17808/15,2016-09-26,33312,196ac0925b8cfec6b468875594284c20,True,33
court:61682400,court,906/885/15,2016-09-19,40999,c69bb0299242c2f8a9f4fca428c901e0,True,40
court:61756830,court,927/761/16,2016-10-02,44536,7daa54a7eec94b3dbcb9a37f98a33eac,True,44
court:61797984,court,906/1154/15,2016-10-03,15765,c0aef1188af40088d8752f1c7bcbcdef,True,16
court:61798444,court,927/749/16,2016-10-04,38489,0a0e0c4c2c243156d5051882898afeb8,True,38
court:61798468,court,910/17678/15,2016-09-19,92230,1b616af0728afd7e77b9f12133445d25,True,92
court:61814257,court,924/1799/15,2016-09-28,62544,3cf1f5f8726c636ce44db9c9c4e63871,True,62
court:61881071,court,914/261/16,2016-10-04,18421,4b62e204dfc1d04d754c1bd40fbd1be1,True,19
court:61881163,court,904/6479/16,2016-10-02,19425,40ce57174ace8f7fff60cd7da5c1fc22,True,20
court:61998288,court,907/347/16,2016-10-11,37699,719b15793ba1a90840d94074d3ed5730,True,37
court:62005585,court,903/440/16,2016-10-10,37298,d32955535c00b6cf13e311d780eff8a3,True,37
court:62075471,court,927/173/16,2016-10-17,29255,1bf2c70317b16f049a7e0dc82edfc317,True,29
court:62177552,court,927/486/16,2016-10-12,53584,d45982f88fa4f9c854c4a0761c2d9b3f,True,53
court:62177740,court,922/564/16,2016-10-17,38781,3597c4c656e35050db2c75f67f8ea5a4,True,38
court:62260741,court,910/4771/16,2016-10-24,10057,9c132fae19457d0a0d55ef10cce04ac8,True,10
court:62260805,court,927/468/16,2016-10-24,15031,9bc19541b217ea75912bfc1a814fa775,True,15
court:62260864,court,927/280/16,2016-10-25,16988,f346635e241c247b778eb17ddc7807ee,True,17
court:62329631,court,918/142/16,2016-10-25,47025,2b646c85aa628fbb3da69adf11d712ba,True,47
court:62454319,court,922/4428/14,2016-11-01,26460,4c18391bf0d619322b9c854d1cd608f7,True,26
court:62539496,court,903/498/16,2016-11-01,56737,78b2a98d4a687aa8af42099959b96c6d,True,56
court:62593031,court,915/144/16,2016-11-07,17418,73b0549f4a8db7d52ed2edc2cecfe265,True,17
court:62725107,court,914/2351/16,2016-11-08,63325,6a57fddb7b0760cd176e2ba1004b4129,True,64
court:62758323,court,921/159/16-г/18,2016-11-14,13028,8b281c1c51c6739bbd7384696cfda60b,True,13
court:62758365,court,921/161/16-г/6,2016-11-14,13312,c611426f1d1dc2c7a409bba215a594ef,True,13
court:62758411,court,921/59/16-г/6,2016-11-15,29660,0dda35cab41f2a8cbeb1ecf97895c0d0,True,30
court:62780239,court,914/1432/16,2016-11-13,27958,110bbd5e5983ced088e3ddb1b05ba4bc,True,27
court:62784341,court,5016/1525/2012(1/69),2012-10-11,28113,c5a735ada699c781aaf23ccb571f18ae,True,28
court:62847087,court,918/140/16,2016-11-13,40959,a5108c4a975d5d56ee1ecbb8c245121c,True,41
court:62847498,court,914/1431/16,2016-11-14,37196,7b1546fe9284c9ec433623898156f0c2,True,37
court:62917240,court,906/1265/15,2016-11-22,24076,fd1f0bb2f723867d07c51a1aa5480980,True,24
court:62974204,court,906/988/15,2016-11-21,38558,68cc0d8c2a3f8fd33448e9049f17e57d,True,38
court:630089,court,3/19/07,2007-05-02,18513,91d8ac92c0825cfb66400be4404778ab,True,18
court:63155066,court,907/347/16,2016-11-28,34372,931ea30b4bddece19a69f9b82fdfdc90,True,33
court:63191847,court,927/761/16,2016-11-30,44620,e654e00a4ff73bee47aedf5fcae7252b,True,44
court:63319124,court,908/2686/16,2016-12-05,55605,7a532f08ee6f09a4e93356e30ed9ce82,True,55
court:63319131,court,908/2523/16,2016-12-05,47159,20f91f459e0f54e77092450d649671ff,True,47
court:63331216,court,906/1137/15,2016-12-05,38802,de88864cde3717d20d80a0372e3af840,True,39
court:63404089,court,914/1499/16,2016-12-06,35649,b33807b183a2ad195507e1a9234c8dde,True,36
court:63433419,court,927/173/16,2016-12-13,12492,59bfccd48b3db62fcddf1fbc1e9a20f8,True,12
court:63435222,court,910/27132/15,2016-11-29,26738,19321b15373e87d4d3c1e57e3bfe368a,True,26
court:63609482,court,906/1194/15,2016-12-12,37333,729b48bfcc1e063e4b4cc868a591b3c4,True,37
court:63658717,court,904/6479/16,2016-12-18,22084,d2028711acae86e8ce2d7213d6be32bc,True,22
court:63659263,court,914/2351/16,2016-12-19,27712,d9ed1b380a306b4cb7ea73ffd6c633c9,True,27
court:63761167,court,910/1331/14,2016-12-13,49819,c5ef8fdc855c4cc49c86f8757e7469ed,True,50
court:63943489,court,904/10493/16,2017-01-04,59686,29f338ed02b6c13b48e165c4efa4f8f6,True,60
court:63981363,court,914/1431/16,2017-01-09,19095,1ec94c0fb4484acc8dd1befecf8890fa,True,19
court:64149030,court,910/12343/14,2014-11-12,25525,a5c977ff9fa75f10926fbdc2d30fd2b5,True,25
court:64198164,court,5009/2318/12,2012-08-07,33867,8e819b4f86a992547c92cac62ccfd2b8,True,34
court:64199760,court,910/17733/15,2017-01-18,16424,abd96be1b885218ae2683e881924fac5,True,16
court:64201285,court,920/1185/16,2017-01-15,56065,fe79d4e43c960efa88d5b914cea1a956,True,56
court:64263791,court,915/1209/16,2017-01-18,45890,e98357d7538fdf47534c16b64fd1f9f7,True,46
court:64264081,court,920/1079/16,2017-01-17,37668,688affff38d82165f9a0dc687c9f96fc,True,38
court:64399890,court,2а-5199/10/2570,2010-11-14,18914,bd3a5a0f88a85e0e0d730ab590f36dc6,True,19
court:64434084,court,910/13063/16,2017-01-16,36266,99ff75450b792b1fe7a7878929416ca3,True,36
court:64467804,court,910/11096/16,2017-01-24,50945,378e52e9eaaab7c42595b133dc13c8b2,True,51
court:6450426,court,37/22,2009-10-19,12716,e9ad30f6d048217825a6fcaf4e743a93,True,13
court:64657113,court,914/2350/16,2017-02-07,64408,39fb0d21fd9b69b668c59308a16748d2,True,64
court:6469299,court,14/282,2009-10-19,30917,d9c14ce744afac41030d8d265c418f0c,True,31
court:6469366,court,14/259,2009-10-19,15260,a8fb6bceef3bf26f1b13a9a0bb9e5005,True,15
court:64713973,court,906/885/15,2017-02-07,40913,42b6079e6067fd254374880f56eb8120,True,41
court:64829756,court,914/3085/16,2017-02-13,33775,51612f39a5f4f1b5f3e106b8dbf8bd89,True,34
court:64858915,court,903/498/16,2017-02-13,31336,c9639244f29de83991725b78085b40f9,True,31
court:64887943,court,904/11245/16,2017-02-21,35642,722923916c94fca7fbfbd899af8f0afd,True,35
court:64888566,court,915/1377/16,2017-02-15,38817,d9b71795043f6a1fbf8607bb2983dc76,True,38
court:64954915,court,910/23605/16,2017-02-19,13568,9b9a4ac8bf7f08b2ec99842472a6a7aa,True,14
court:65072090,court,927/749/16,2017-02-20,33073,48398303e59ad8105510500cfd7f7ee3,True,33
court:65088604,court,920/1185/16,2017-03-01,57369,6d34f48e224e6a0d7e0de58f99b9de5c,True,57
court:65133915,court,910/17808/15,2017-02-28,32905,e5272f6bfcbaa509b647c9e931a55d6c,True,33
court:65134976,court,927/173/16,2017-03-01,58588,7a1d729d4127cc0261abba863d0a1a6a,True,58
court:65135631,court,926/28/17,2017-03-01,18753,e3d524dd04881d2288c2875f6e530646,True,19
court:65164738,court,910/18410/15,2017-03-01,52175,bb912fc32708c5c95f318daa76832a51,True,52
court:65192435,court,904/10493/16,2017-03-01,41326,29be2ebef0fe5605c6aaa9c144323359,True,41
court:65192632,court,915/1101/16,2017-03-01,27426,76743525323e0f69598f964d0f306b18,True,27
court:6521486,court,9/195-09,2009-10-25,35528,9fc228faaefec8ec161ebfc6445673ff,True,35
court:65232018,court,910/23952/16,2017-03-05,35339,ac1eaaf4bb1fe1e300518395c0ddf49a,True,36
court:65251797,court,910/21751/16,2017-02-26,42263,9299053f547758e1811f04e3e7edd11a,True,42
court:65381938,court,910/22643/16,2017-03-05,37149,1c8bce500c6c9063f061ae95bc00c206,True,37
court:65436767,court,908/1864/16,2017-03-14,30866,c774a93b5714aadcfca4dc4975376211,True,31
court:65436986,court,904/12552/16,2017-03-13,14623,1fac0fbc1ba3ab9005e67fb1efb11260,True,15
court:65536364,court,910/23605/16,2017-03-26,12591,4eb5293b0de91c1fd0a94284f6c88f94,True,13
court:65580146,court,910/23605/16,2017-03-27,13416,5c97b968aacc181dbb663c658d2e1f84,True,13
court:65581310,court,915/380/16,2017-03-28,15212,cedb22cb091f5607fdfc4d678ccd9cc4,True,16
court:65626146,court,910/17386/15,2017-03-22,44962,8c693e41e2441694a660705ccdfdccb7,True,45
court:65705775,court,920/1079/16,2017-03-26,85153,af8071e59265c1f2c94422ca1a0ebd4d,True,85
court:65773172,court,910/23710/16,2017-03-26,58475,9285c228742e79153883f94c7d72aa23,True,59
court:65941561,court,914/1499/16,2017-04-05,34911,d48a2c53dcaac57cb6895319fe28a7b4,True,34
court:65969825,court,910/741/17,2017-04-03,36324,a12aea24ffb4fdc07da8aba58c487aac,True,36
court:66004155,court,927/173/16,2017-04-10,54620,da37a2b63ca07144165efd6d53a0bbd0,True,54
court:66024019,court,904/11245/16,2017-04-10,46199,9a24ddef602a253060ae5b08e287de28,True,45
court:66114953,court,904/1732/17,2017-04-17,55526,d3c52373009a78345fad05e2618a1191,True,56
court:66115571,court,908/223/17,2017-04-17,46186,11169eb22947b3e355532970e7def9ed,True,46
court:66225570,court,910/11096/16,2017-04-24,30164,f6b1857d96eea810fb80127c29a24a92,True,30
court:66226108,court,909/201/17,2017-04-26,19646,7c967e9eb9035ba23d323a01d188a7fa,True,20
court:66226172,court,910/9240/16,2017-04-24,23620,1117da47c516448444c3357b71d8f117,True,24
court:66227424,court,915/1209/16,2017-04-23,43195,f3a75581e63be5dce2f84498f6ca92ef,True,42
court:66319995,court,908/273/17,2017-04-27,89289,38f3582b2662b2bf6de26b208fad83ba,True,89
court:66320150,court,914/2554/16,2017-04-04,47326,687af884a4387589b5a6664f32c4afb4,True,47
court:66354130,court,910/17678/15,2017-04-19,122972,b44edd47f3d692fd0b01b86c2bb7abde,True,123
court:66379298,court,926/551/17,2017-05-03,33571,d4c3c1480c4f5267460ffbcd395cbbe9,True,34
court:66663312,court,5009/2447/12,2012-09-02,70109,45ef4f85155d12aea516e4ca6412d826,True,70
court:66771106,court,910/22643/16,2017-05-23,38173,52951a384178f97d3fae177695cdbcde,True,38
court:66829991,court,910/23961/16,2017-05-21,55678,153820db0c111d0a62c4636f962f5770,True,55
court:66830397,court,916/570/17,2017-05-21,37836,ef94b830e971d4f5fad949b2d69b1edc,True,38
court:66831075,court,910/17632/15,2017-05-24,44909,4dc442d32c19923aad1f4f20054cf63b,True,45
court:66992778,court,910/23952/16,2017-06-05,35691,e5e9d1c2b06a9a74dd3cd2bb5fd1704e,True,36
court:67310005,court,910/17386/15,2017-06-19,18257,9b3e56e9f2c03e8d87d596e2ae21dc02,True,18
court:67426585,court,909/201/17,2017-06-25,19090,0e0ac7d9726a5e275a772c2c4ee12894,True,18
court:6744875,court,2а-10043/09/1270,2009-11-09,16446,ffbaea22972db16182cd301b22ca15f9,True,17
court:67516005,court,5009/2369/12,2012-10-21,45828,408e62e92ed2fd0c09900d75f912cb93,True,44
court:675244,court,25/406-06-9993А,2007-05-14,38443,e2caa844f2115bbd723f452b346cd7db,True,38
court:67530240,court,914/2350/16,2017-06-25,44570,b6ddbf8e2b0f555c552087892e28117d,True,44
court:67709120,court,908/239/17,2017-07-09,30991,75e114cfd5ee52ac58c050f05257bf9e,True,30
court:67749076,court,908/273/17,2017-07-09,82198,3bf877effca6a010ce87c7a5fbdc2f21,True,82
court:67787151,court,910/6373/17,2017-07-10,97831,bd56603b9352f41da1fcbd8e6dab596e,True,98
court:67787696,court,910/31905/15,2017-07-03,47920,813f867b2c458f68dfcc271b50d19a98,True,48
court:67835694,court,910/17678/15,2017-07-17,110535,1d9e0f3d53f2c131165d3256ea3a42e3,True,111
court:67849080,court,910/4489/17,2017-07-03,106702,3637bb6a9c9f7edb21844d58047075f7,True,107
court:6785054,court,31/107-09-4269,2009-11-09,10559,2511e0b4bc3a9063f5f5560f13a856f7,True,11
court:67916647,court,917/809/17,2017-07-24,11281,8680e4c0e1ce24ff8b255a1eaaa10254,True,11
court:68067496,court,914/1499/16,2017-07-31,20776,73480da062b7b6e7a8159a603be006a3,True,21
court:68091789,court,917/808/17,2017-07-27,36217,1b8af809266962e3fad20397adb9d756,True,36
court:68135335,court,917/837/17,2017-07-31,38371,3fd4f7815b1f6e6b9eb209d6faf0eeb3,True,38
court:68160487,court,926/551/17,2017-08-01,38536,e596ebbd348313685b7e54f75c7c5cab,True,38
court:68239798,court,920/1079/16,2017-08-08,44867,cee52398a05c099044165669347ac357,True,45
court:68241269,court,915/76/17,2017-08-09,64103,25d0233f9bf710abb01441400601c415,True,64
court:6832862,court,5/5/09,2009-11-16,19174,e0f0ca51f7e5b468e7ca09500b9c1b92,True,19
court:6833007,court,3/103-09,2009-11-16,16759,8d0bdf306c835c2adbbffa3424f19f23,True,17
court:68364483,court,910/17632/15,2017-08-14,35724,311626b2bbf6d95e7a6bd72c7e27aca8,True,36
court:68364570,court,922/931/17,2017-08-14,42887,4f0c1da4e044792a5ef86b7dd8b9bea5,True,43
court:68365077,court,910/21751/16,2017-08-15,46778,730f89794901599d76b8c138408292f1,True,47
court:6843724,court,10/169,2009-11-18,45272,d2e6ad0431e9fb0fcfecabc506f2e01b,True,45
court:68590589,court,5009/2452/12,2012-08-26,52970,9f62d42ba1ce270ce526a3f3e99ac80f,True,53
court:68754475,court,917/725/17,2017-09-04,39864,2869024ae26d77ce0b312443b6bd47ba,True,40
court:6876132,court,2а-18643/09/0370,2009-10-26,16056,cae98dd3a3843bcc4c2a120b51f64173,True,16
court:68964843,court,914/2554/16,2017-09-11,40741,e27cda75eccfcf251f1fea39fa87e7a1,True,40
court:68996156,court,927/173/16,2017-09-18,22756,5b32ac31331ccfac3bf96f88f244bb01,True,22
court:69347771,court,916/570/17,2017-09-27,65020,54e1d32fec0a63b0a2bd0e599d191eb2,True,65
court:69385430,court,921/438/17-г/7,2017-10-02,8847,df451455bda67e980f544fd32b8dd511,True,9
court:69405315,court,910/6999/17,2017-09-27,35559,12f9d5bfbe1f1e5613eec3df01b56188,True,36
court:69478434,court,910/21751/16,2017-10-09,25316,efef03f0c3a185e8efc9d65bc6716081,True,25
court:69478633,court,910/23952/16,2017-10-09,26889,0923193d62d364b262c19fd9ac337150,True,27
court:69479187,court,910/7089/17,2017-09-27,21678,ffc0924d1b4e5fccc8d126d930bda051,True,22
court:695186,court,17/81,2007-05-14,21621,e53411105cc0eff707c3cc5759cfaf6e,True,22
court:695187,court,17/96,2007-05-14,21274,3ad4da6aaa4a8457a61bc6b102d56485,True,21
court:69671291,court,5009/2455/12,2012-09-10,43258,6effd376b0a74035b88512311fc151a5,True,43
court:69725869,court,914/1641/17,2017-10-16,91016,d05703c7cc3f43522d883d4c5e124fa7,True,91
court:69726259,court,915/838/17,2017-10-18,44824,4acc9bd67eb2a8d150b0914fdccd6af1,True,45
court:69726475,court,920/636/17,2017-10-17,30693,e6c03cc2b8d6b9eb8a06dbdca606d2f8,True,30
court:69776657,court,910/6373/17,2017-10-18,50310,2594d7ac3b20166a08f042f216a99d05,True,50
court:69793258,court,20/127-19/140-13/343,2009-04-06,20791,1cd4bd34219731b7cc3c518680929ab0,True,21
court:6979703,court,5/301-08,2009-12-06,28204,ba1c803b07879a07c13cbeb34417a88c,True,29
court:70021237,court,910/18410/15,2017-10-18,57261,34e63d26b9d3c792311dc90be6b5505d,True,57
court:7005509,court,5/199-09,2009-12-06,49122,115fb4fdc1a626f9d68ca36b860f48ec,True,50
court:70057826,court,903/649/17,2017-10-30,30925,be3e2fb4823f7b208b1618ce411519ad,True,31
court:70163865,court,910/702/17,2017-11-07,50105,e87c48769c1127c11c9a70ca72245523,True,50
court:70164924,court,922/2573/17,2017-11-06,32413,d3aa16c40c25eae01df6fcbdf09c271b,True,33
court:70246510,court,910/6457/17,2017-11-01,34334,d518da9eae66e05faca45aaede5fa1fa,True,34
court:70389064,court,917/725/17,2017-11-13,44096,c27406b2b19ef64519add5c13f6081e3,True,44
court:70420778,court,910/31905/15,2017-11-20,46242,367a32430f9c09c06605344f716c3494,True,45
court:70517509,court,910/23961/16,2017-11-01,57534,249b7d7508b6e08b80a05b3f563a76ce,True,58
court:70615620,court,908/1383/17,2017-11-26,44167,a1985376a5a509b5a735af45cb1ee0c5,True,44
court:70716104,court,917/809/17,2017-11-27,61893,44e96b762050cb9fed05bf8e0ec2e18a,True,61
court:70892905,court,3/268/09,2010-03-31,39380,84334858c2028d974e684c4edef07d84,True,39
court:70897494,court,2а-3438/10/2470,2011-10-25,10586,05df43baa15a9ba07bd98c1364dfbb2b,True,10
court:7094762,court,16/1-НМ,2009-11-23,36665,b0b1bbe1ed7c5d4a2b3fac4c57ecf92c,True,37
court:71002221,court,910/23612/16,2017-12-13,46465,3fe4962751b436ad80db8be4ea0df359,True,47
court:71074861,court,910/6373/17,2017-12-13,30241,97eadd9e07bdd44fc2e518ab68a4e8a2,True,30
court:71168453,court,921/438/17-г/7,2017-12-03,56642,9fb98353486d0bc2c817de19877d8d4f,True,57
court:71243389,court,910/6999/17,2017-12-18,44865,b719566537c5ccdb9e25f531cddbd01e,True,45
court:71272810,court,903/649/17,2017-12-18,29351,6819aaade4d82420f4f4a2f19923f1b2,True,29
court:71716777,court,910/18410/15,2018-01-16,70774,93e378e9921f0a044954dd321836ffc2,True,71
court:71773009,court,910/10219/17,2018-01-16,29931,4eb5408570e8b57051d80fbfcad6ec01,True,30
court:71860564,court,927/832/17,2018-01-15,53244,02d3709765cec467bf0b937c47d0d2a2,True,53
court:72042123,court,910/31905/15,2018-01-31,81855,14bbc702d9c1c97f9eb475dda8126f04,True,81
court:72149654,court,920/1079/16,2018-02-08,14750,4a520529cd6a4f784aa299e42c7cb94b,True,15
court:72149715,court,910/7089/17,2018-01-31,34376,981bd8c85f3f4933c9d96caefd321c52,True,34
court:72201243,court,911/4203/16,2018-02-13,13871,8b79f239917ddbaf23624d7f492798d3,True,14
court:72258122,court,908/239/17,2018-02-12,20782,327065804dc58d026747cde8352a7b58,True,21
court:72292826,court,910/3047/17,2018-02-08,60367,c2334d8f997cdaa4c4238d44aad59150,True,60
court:72358797,court,926/4031/17,2018-02-19,26785,9801887e4d4dd5585a49a3450098dc7c,True,27
court:72362870,court,916/570/17,2018-02-19,15175,3f5fb8e66c0fb95bd47ff39b3b578250,True,15
court:72491744,court,920/636/17,2018-02-25,38147,41b56b21e014162af5bbbdc769b6e063,True,38
court:72670938,court,908/2337/17,2018-02-25,41300,739e74f9e79fa4dba5c42cc7d8c093e9,True,41
court:72685970,court,922/4155/17,2018-03-05,55145,17fd55b245c85b38e04a4c5542d187b4,True,55
court:72821251,court,910/23605/16,2018-03-06,80002,487e5964243e74887f9d1bcab830ec5a,True,80
court:72882318,court,914/2554/16,2018-03-19,30042,469c0c82c4ce856d0415d8fdfba0a91f,True,30
court:73002974,court,910/9240/16,2018-03-20,44538,256909eceff631a381ddda5ee53f4acd,True,44
court:73308217,court,902/1134/17,2018-04-02,42886,8d22068f8232bcfa657f41947e6c0ebb,True,43
court:733513,court,45/186,2007-05-20,18715,f224c9afd793d5a6c7b9c83695084bc7,True,19
court:73370121,court,16/25/10,2010-05-24,27727,e7cff30d7d62bfd4410c0aabb48e3070,True,28
court:73370162,court,16/25/10,2010-05-24,27867,3adb23fcbddeef253a688deacec4f214,True,28
court:73370167,court,16/35/10,2010-07-18,27396,21ae7e5b2c866ce42415e4d9522f4186,True,27
court:73502437,court,0906/1408/12,2013-03-19,41818,56fedc5e32f6af06faed74387d3db0f9,True,42
court:73562142,court,922/4193/17,2018-04-11,26561,bd8077b119da6b566cd29adb17697f33,True,26
court:73701517,court,908/165/18,2018-04-18,87137,a07eb77f04dc9ce9b9e32908e854a52d,True,87
court:73792258,court,903/46/18,2018-05-01,36172,a88edc1f14cfd180390c426d380f4f75,True,36
court:7385983,court,9/140,2009-12-07,31269,dc614393238f5de724bec2378289a4c8,True,32
court:74023982,court,910/1376/18,2018-05-14,20977,f82a9f697a3d1bfe20f7bae52c08ab69,True,21
court:74024930,court,910/702/17,2018-05-01,76575,4123ce3d06d1f7c1eb0c0ba885ebb1b0,True,77
court:74092343,court,922/224/18,2018-05-13,47980,b65ad8c8ad88cfacdeb5f73a9a19a308,True,48
court:74124040,court,902/1120/17,2018-05-15,37675,4a018bbceee29387513fe030a8182352,True,37
court:7415119,court,6/443/08-11/356/09,2009-12-21,15396,23271c755011f737e127f61dffc2dac6,True,16
court:74221225,court,903/649/17,2018-05-21,20778,ef1529c5cc16a91fc2511cdf0f1e5457,True,21
court:74258694,court,910/7089/17,2018-05-21,20368,0e808499d19744b8d62eb5015199723e,True,20
court:74281832,court,910/6999/17,2018-05-21,40613,5502e657e30ec8cd98313bb534965fea,True,40
court:7437163,court,22-а-38890/08,2010-01-11,19602,836720848eb07eb3fe761eddb9ef6d58,True,20
court:74378066,court,910/4489/17,2018-05-29,59796,54345e6ef67a57c9762edcd33616a4a4,True,60
court:74378068,court,908/1383/17,2018-05-28,12898,239f5435936f0baedd103cd9a56e9e37,True,13
court:74410886,court,908/2337/17,2018-05-30,39565,121d3a4e58ab1d7eff0b223d06e76f2d,True,39
court:74570721,court,922/4155/17,2018-06-03,45643,a5f6260f177df525abcaa28338ad7231,True,46
court:74601527,court,910/31905/15,2018-06-04,37865,bff291fb65024faa7b98acac0c78d533,True,38
court:74667625,court,916/2723/16,2018-06-11,59917,80ec35520802cde74ee79eddada668f8,True,59
court:74671065,court,920/636/17,2018-06-11,16635,0a570f1277bdc559597a74b82020fc5d,True,16
court:74691269,court,922/389/18,2018-06-10,46477,4640fab85f0789420b71e8b2fe8e1bc0,True,47
court:74781283,court,910/3047/17,2018-06-18,34331,2d7ea77699f052bf59addced2e1527a4,True,34
court:74894013,court,910/1376/18,2018-06-14,75117,93178e8510621ffcd67ca31e86ceda47,True,75
court:74899076,court,910/23961/16,2018-06-19,30897,9920805978222583200bf92de16b8231,True,31
court:74969720,court,915/173/18,2018-06-25,14650,db6b9d36450c5447fc980276f9d04a43,True,15
court:75080362,court,910/23605/16,2018-06-26,62679,60b795e04579cd51675b90fea1f1278f,True,63
court:75164581,court,926/4031/17,2018-07-01,20679,b4135560dc39911c08302e5e48bfa5ae,True,20
court:75280957,court,914/2554/16,2018-07-01,80970,7ee479df41ad7e98ac366082e9746434,True,81
court:75396918,court,902/1008/16,2018-07-17,45293,6f66f77324a013b13655e9758d56732c,True,45
court:75558940,court,908/165/18,2018-07-23,40053,d40d11ad5996a5b76cc970b96ff40d63,True,40
court:75559172,court,922/224/18,2018-07-23,43232,9678555ad366be2e78cc6a357ab420d7,True,43
court:75559231,court,902/1120/17,2018-07-24,43617,b0a62d610d829a69135243634d80e72e,True,44
court:75825034,court,921/438/17-г/7,2018-08-06,28598,2eaf8a49634317f0f42ff6a170295c50,True,28
court:75921795,court,910/23605/16,2018-08-13,36123,da5d45751aa3cea74f15902a508d5b84,True,36
court:759318,court,45/141,2007-06-24,17754,9a8a0b38d503ccaa4860a436cc170470,True,18
court:76266032,court,922/389/18,2018-09-03,50897,d08afa47af6934c866270eb8de7f82cf,True,50
court:7628604,court,2-а-4108/09/1970,2010-01-12,18791,4b29250108dac9597c839621644301c3,True,19
court:76294096,court,922/4155/17,2018-08-29,17395,27a510b9c3d229dd7f29d1871d4c8522,True,17
court:7643816,court,25/171-09(7/43(30/56-08)-09),2010-01-19,19477,ff45eb171c822e1821debbcfc5e8a033,True,20
court:76472627,court,910/933/18,2018-09-03,58816,71553284d87ddaa4089219b666c3d7db,True,59
court:76609883,court,903/46/18,2018-09-18,46483,fe2dd663f060297a92cfa5837f0492d7,True,46
court:76623458,court,915/173/18,2018-09-18,51109,efca3ce6cd4b2bfe337d46ad8592e61e,True,51
court:7680941,court,6/45-Н,2010-01-31,43323,7bc404e20d7a73acebf6e517266255c9,True,44
court:77247479,court,915/183/18,2018-09-24,90312,76722bdb5be88ecdea1256ee3524db03,True,90
court:7730866,court,18/1528,2010-02-03,31129,558dc71e89feb27167671542e8f18cad,True,31
court:7730867,court,18/1529,2010-02-03,30731,e62c4bdac58f962ac3292364e4caf8d2,True,30
court:775108,court,3/764-06,2007-06-26,46386,032f8818156473c03ec1e4bcde41d504,True,46
court:77589501,court,908/1383/17,2018-10-24,74711,746fa25503ba1414926204eec7f1005e,True,75
court:77593119,court,915/523/18,2018-10-22,51726,7061b98b62a22a0fce4fae122e555817,True,52
court:77656237,court,910/6538/18,2018-10-22,22482,75e1af4373c40182e362146233894d26,True,22
court:77753695,court,927/564/18,2018-10-30,58496,a484bf99f3b118fe4d9a2399ce603938,True,59
court:77787039,court,910/870/18,2018-10-24,49287,2d3ac2218df70b3189366ee0fae13a93,True,49
court:77880483,court,910/2641/18,2018-11-07,46880,2f2b5356b86f6cc2707802be5eef6693,True,47
court:78278594,court,910/8699/18,2018-11-21,44620,f89057ebd13ce10f0886ba5b7984596a,True,45
court:78411012,court,915/164/18,2018-12-04,38290,ee3a57a2e04a430de885e7339eaedf87,True,38
court:78448463,court,915/183/18,2018-12-02,68661,cbd40face90fd8e69aabae93cb8731bf,True,68
court:78448494,court,915/176/18,2018-12-05,30589,71842ede1989ae3d7ac4fdc2757a4b33,True,30
court:78511754,court,2-а-1086/10,2010-08-26,25580,f19b9dfa50633baede57785f844f2ac9,True,26
court:78586076,court,910/933/18,2018-12-10,23651,f8ade97613d397aa8ff8d76c8979fa09,True,23
court:78650645,court,910/2641/18,2018-12-17,37449,3013235c1b4c4b3cd8f4115ea70a4782,True,37
court:78681539,court,902/439/18,2018-12-13,107688,3781a04cedc657c81da9be66bdb64f45,True,108
court:791243,court,18/8,2007-07-03,12004,b97216abf243284da66f4a6ed37c06b5,True,12
court:791244,court,18/7,2007-07-03,11050,801ddce4d00145b39f0c2c5daddd5bcf,True,11
court:79221955,court,903/46/18,2019-01-14,31600,fc33af0686acc68d738054476b8196d0,True,31
court:79221977,court,910/1376/18,2019-01-14,29901,83f0c83070f1f884766335d7df0a1d83,True,29
court:79249559,court,912/111/19,2019-01-17,6002,f234d0c3a36f5174c0243f8286b28f99,True,6
court:79573706,court,915/523/18,2019-01-27,50866,37643d973bb280e4d99049f36a83a2dd,True,51
court:79687174,court,912/111/19,2019-02-06,6174,3e4a8552f522914fde52261c5d45ccf1,True,6
court:79716931,court,910/870/18,2019-02-05,53762,e398e9f5cc4b33ab037761cff0a1043b,True,54
court:79807521,court,920/636/17,2019-02-04,58482,73d4849de3c117634463e4c5096c4d96,True,58
court:79958432,court,910/8699/18,2019-02-11,19113,4ea1f70a2cf7f85e2d9a633b551881b7,True,19
court:79989068,court,910/7211/18,2019-02-17,63266,029cdad113fa9ddd1dd576b630a12be2,True,63
court:80022022,court,910/12784/18,2019-02-14,29930,122b1097c8e2fd1faead148ad4ec8d5e,True,30
court:80050999,court,908/1383/17,2019-01-27,38692,44467b19d434cdcdcdf722b5f1256209,True,37
court:80107841,court,916/1985/18,2019-02-12,66186,280ec61fc56ae6040e00f970b9a82998,True,66
court:801965,court,18/377,2007-07-02,15375,245978bd6db3d76b19a1862dc7d29047,True,15
court:801966,court,18/376,2007-07-02,15114,cf859d27570ae0596375e5ba0cacd243,True,15
court:80365905,court,912/111/19,2019-03-10,8277,a0f86948df53e80cf7d24a056992d00a,True,8
court:80470698,court,910/2641/18,2019-03-10,6283,8cbe58837f6a707951129bf4bc0a5412,True,6
court:80491665,court,910/6538/18,2019-03-10,28920,f49e86a63b67930c595d437cb94d9caf,True,29
court:80523743,court,916/1886/17,2019-03-10,29262,ffdaa786cee48c24ab6b7d62d83277e5,True,28
court:80631683,court,910/13306/18,2019-02-26,95319,b5e09cbed813aa2c3c89e20fe66efb64,True,96
court:80856557,court,914/2554/16,2019-03-25,38275,09ab07cd53a3707298fc8901d5a773c0,True,38
court:8112065,court,11/194-О-09,2010-02-08,23082,5756569e3b75d548e2c320526bd96306,True,23
court:81432330,court,910/3047/17,2019-04-21,52286,f25ac099b57cf3bc4272a384e036ce55,True,52
court:81433390,court,910/12355/18,2019-04-08,61964,f27a21191843026e192e1be68d7e2a1c,True,62
court:814788,court,16/343-07,2007-07-23,8115,f7c3a7976e69d99ac6a48d2718ef9615,True,8
court:816298,court,17/81,2007-07-16,16661,86b2d7b8065bb1413f3ca12c23c5f118,True,16
court:81846172,court,910/2921/19,2019-05-15,22160,6ad80512692f89e3f88d264dde89ece8,True,22
court:81938856,court,910/23612/16,2019-05-12,64107,283d9018c0f0b3acf3778bed2965c29e,True,64
court:82005151,court,916/1985/18,2019-05-21,88098,4f7d246dca74b41f3e412f630df241e4,True,87
court:82006859,court,915/1899/18,2019-05-13,64087,2ff9e70b9ffca0186babe2306cc3f1c7,True,64
court:8207322,court,2а-166/10/2470,2010-02-21,13574,99dcda6d62b760ef2c49a3adce267c05,True,14
court:8209975,court,21/31-Н,2010-02-08,12633,26f77482b9c2c787a22e7704a0f56460,True,13
court:82117049,court,910/14493/18,2019-05-22,59443,d4be977bb8e7467fb3c3f25eba780ef9,True,60
court:8214308,court,14/282,2010-03-01,22040,eba2e81d31790271247618f85c4d5cc4,True,22
court:82160067,court,910/870/18,2019-05-29,31635,7bf35aeaba47aec35d2803b8a1fdf884,True,30
court:82191210,court,908/1383/17,2019-06-03,23706,16aa17743e8fb0cc8ef22cbb01af18e4,True,23
court:82292380,court,917/1956/16,2019-06-03,34276,e40e2c8310f5653aa28b03c6343ed80f,True,34
court:82338353,court,910/6885/19,2019-06-11,8719,0e971e777612fe66224632fb8d1f9807,True,9
court:8234894,court,1/223а,2010-03-01,31177,719675f9737dc54ee8d5532af7d711e1,True,31
court:82371294,court,915/523/18,2019-06-10,31731,d58ead459ddfe0d90e2e27567c34d84f,True,31
court:8246152,court,6/594,2009-11-08,15324,141bd550326769bced053025668b062a,True,15
court:82497147,court,912/111/19,2019-06-09,57767,c281b909f3a9f8eb693a03d55f912b70,True,54
court:8251605,court,1/22н,2010-03-10,10048,0bbaa9d83d3008c812760ad326e53e4f,True,10
court:8252554,court,29/12,2010-03-01,11756,5efd1e4528533072c13b195632ee4982,True,12
court:82527665,court,910/3880/19,2019-06-18,36743,251ac2a010d7dcfda78e124ea3c3e3bc,True,37
court:82556943,court,910/10191/18,2019-06-10,44426,4c16757fb3b67e960ccfcbbe71ed1b31,True,45
court:82600161,court,910/1646/19,2019-06-06,65452,2696b96ca1ee5dd8f78882dd6bc9a2d1,True,65
court:82600203,court,910/722/19,2019-06-05,38511,718870898acb054d18cfff15d856224b,True,38
court:82637613,court,910/13306/18,2019-06-04,72677,7d68f0fa55d72e19f69f59851f9cc0f9,True,73
court:82638455,court,910/2921/19,2019-06-19,13100,35fb282341c52e80206e50365c200cf2,True,13
court:8263868,court,3/4-74,2010-03-03,28462,9b1dc404ebd33621eaf9ba736d1bd031,True,29
court:8273722,court,31/107-09-4269,2010-02-10,9884,e0bf57c3033d1f7b5fac10cb23832050,True,10
court:82857298,court,927/564/18,2019-07-03,41079,3f5bf031dc17aeed5c72d155d5d2c3e0,True,41
court:832326,court,30/221-07,2007-07-01,26726,a76e64124f3ba06729416fc20740987f,True,27
court:8349119,court,5/199-09,2010-03-15,15682,e14c0fa6e9ec5b7bbdafaa8dc2266af1,True,16
court:83525117,court,910/3047/17,2019-08-05,14574,df26374f71e0655ccfa1ee6da8c9ec6b,True,14
court:83691589,court,910/23612/16,2019-08-14,31840,c3cd596d54f864112578e495040357ff,True,31
court:83698369,court,909/430/19,2019-08-07,23518,0678c3c00f25e98b1dfa70544b33587d,True,23
court:83751852,court,910/6885/19,2019-08-18,11747,113f1bb60a255c707343406282f9b3c7,True,12
court:8376921,court,27/88-08/4151-38/401,2010-03-03,19353,1751dc5554a135d3f287759fbfd29341,True,19
court:837761,court,31/83-07,2007-07-09,17347,68915f84d2d6eda50206e0a1b118b0da,True,17
court:83789347,court,915/1899/18,2019-08-14,50258,f4a36950818acb3dab2c1dcabb28aa2e,True,49
court:83835066,court,910/485/19,2019-08-12,107275,c02a40f40aeb0345d2c54aa4d71363bd,True,108
court:84123381,court,910/2921/19,2019-08-28,88583,0ecf95af610a35bd0714d8cfe640b72b,True,89
court:84184996,court,910/3047/17,2019-09-09,20074,710c994be96d99446a9ad5a62df4c80b,True,20
court:84186343,court,916/114/19,2019-09-03,120079,3eec588c52f90da456a7533bde4309c5,True,119
court:84213710,court,910/6347/19,2019-09-02,61688,dcd961d0e446ebc75ce1760b2632cbfe,True,62
court:84625214,court,910/10191/18,2019-09-17,52368,e3479ec81e7cf74f3306f17f120ded7d,True,52
court:84625239,court,910/12355/18,2019-09-09,71479,3d635709a35b699ba354604665e01f67,True,71
court:84688005,court,447/1451/18,2019-09-19,22101,5f1be441d6ea8fd59e4e2d046c658d7e,True,22
court:85149904,court,910/6885/19,2019-10-20,9915,afaad0ea400e773657497451cce91644,True,10
court:85445929,court,922/2503/19,2019-11-03,29009,aa5e3432c69e4fda1913587f136703b9,True,29
court:8551703,court,5/301-08,2010-03-22,16295,4079c651709688a6a18de8498c58a982,True,17
court:85710700,court,922/3506/18,2019-11-03,61804,5188a8d013cee9cc0d652f37640a6629,True,62
court:85746578,court,910/21751/16,2019-10-30,51269,a15d17c82e3841b70c7862ae749d1878,True,51
court:86001941,court,910/6885/19,2019-11-17,85252,37cbdaeed96db85dd7ec9f645bdfa855,True,85
court:86106358,court,910/16987/18,2019-11-11,71655,6ffd1f2a25c617c7767cb93057439a3e,True,72
court:86278572,court,908/540/19,2019-11-27,45444,4c106cf569ea573ed3c3ecfd14d947b6,True,45
court:86332915,court,920/636/17,2019-12-11,30247,2b98d886adb4400a814de9d4789c7b02,True,29
court:86398104,court,910/2921/19,2019-12-09,92822,2e7ecd977a6da176d8718169b1f978e5,True,91
court:86503725,court,910/1646/19,2019-12-11,40610,068b593e6d73e2c9da3a5bcbc28712b3,True,40
court:86530121,court,920/890/19,2019-12-17,52113,06b38d6e0b98221f59211b9a00c5d63d,True,53
court:86657290,court,910/485/19,2019-11-20,53280,09010dbdc43c76587f2924e934858bc0,True,53
court:86878481,court,910/6347/19,2019-12-03,45990,80b0bcef127bcd74b45f569c1d0fe378,True,46
court:8709570,court,9/140,2010-02-22,32915,5bdcd8a0de796dd838647de1d44393d2,True,32
court:872269,court,4/44а,2007-07-23,5118,a47c54063b04292726a0aa540f4f4ef3,True,5
court:87303662,court,922/2503/19,2020-01-22,32248,5bc807f83eecddd01f2a0d0ad71fe812,True,32
court:87328862,court,916/2918/19,2020-01-21,62041,0f8fccd1a81bbc88c0a6fdf56304c355,True,62
court:87486107,court,910/3880/19,2020-01-29,30287,e77e2e54e0a408249f83c5e7c27b01d1,True,30
court:87558100,court,922/3506/18,2020-02-11,104670,c5f87a2f5699a052c0a02b10cca341e9,True,105
court:87594056,court,910/14493/18,2020-01-20,59401,fdea943106f543d3174b6ed23dbdbb50,True,60
court:87594957,court,910/9738/19,2020-01-29,114135,22b8feb55ea3251d6af2fe631f02ce8c,True,114
court:87652208,court,910/6885/19,2020-02-04,33116,694f796e894d9a56eaed6ff725706c88,True,33
court:878531,court,6/348-н,2007-07-23,20834,8353273c828f5d27d2f8754d61fc4b4f,True,20
court:87990834,court,910/21751/16,2020-02-17,49203,0ad678c5eb61e946a005daf26cc20ea6,True,49
court:8807655,court,1/22н,2010-03-31,18620,8ab9291aed7c979c01810aba8960e0f9,True,19
court:8812687,court,2-а-6480/09/1670,2009-10-26,24381,04ce0a90ee01a7e9a9918126de16c224,True,25
court:88149906,court,910/2921/19,2020-03-04,86537,d246642d0183ba2e6cdaf5288c228aeb,True,86
court:88149947,court,910/14493/18,2020-03-11,3383,f27693c403e69f27652e7cba2cdf2318,True,3
court:88550499,court,903/74/20,2020-03-31,7479,326a8289cdb91f71f88f79fcbf53c7c7,True,8
court:88927311,court,903/274/20,2020-04-26,4496,9af47e3ddc970b4c7c85ffceb93e3fb6,True,5
court:89007528,court,910/5613/20,2020-04-28,13799,67fd235449c48e3f85923c48e2039bff,True,14
court:89007532,court,910/5601/20,2020-04-28,13817,4f91aa123c7f9c9994cadbf8bbe03a08,True,14
court:89007664,court,910/5607/20,2020-04-28,13923,3a685cf0d43ee1ba389105013c4eac6f,True,14
court:89007666,court,910/5620/20,2020-04-28,13859,ec0d72f48f3f4ae046673843fc52f3a3,True,14
court:89008447,court,910/6885/19,2020-04-27,22788,c0385408eb9e0fa56e4f569144eb003b,True,22
court:89008735,court,910/485/19,2020-04-27,46316,62333c2ff5de41c0a42e316219a6b10a,True,46
court:89319181,court,910/6347/19,2020-05-13,32115,6ec20ec2e78014f361c112080c9a40d0,True,32
court:89321531,court,910/14493/18,2020-05-13,64748,a7fa4e0cc571f228a57cbfeb772ad725,True,64
court:89481108,court,903/74/20,2020-05-26,7830,f0c61a1f7f1406613a66a10c0ede525e,True,8
court:89481965,court,903/274/20,2020-05-26,5283,01299e3975faef1da4fcb10f0afd54d4,True,5
court:89482857,court,910/21751/16,2020-05-24,3735,da925008f7a4334edda3cc28aaad3b54,True,4
court:89651802,court,910/1106/20,2020-05-31,66562,9226d362737101dc407804f5c2f65f5a,True,67
court:89675104,court,806/1846/17,2020-06-03,23357,90aa62c706bfecccf19108dbf5c88712,True,23
court:89705898,court,910/5613/20,2020-06-09,6197,9cae83094f89054827e77fe89358d01a,True,6
court:897299,court,16а/198-3260,2007-08-20,29729,6ab336596140b1bc35a7418c94e02265,True,30
court:89850200,court,910/14493/18,2020-06-14,4615,11a5ff45d25a333db81298ecc6b3be4e,True,5
court:89964468,court,910/16987/18,2020-06-09,58911,e866926914eb38c6431834b84fd7378c,True,59
court:89995113,court,903/74/20,2020-06-23,14986,102fe76caab8cb4f0540cf143caf0daf,True,15
court:89995704,court,910/5607/20,2020-06-22,5634,f51864658592d3dcc0509e95509a59b2,True,6
court:89995707,court,910/5601/20,2020-06-22,5605,84d211762ff08b12f3333999cb638b38,True,6
court:90023811,court,910/5620/20,2020-06-23,5237,05025a8c540c2f46d1113c4b9e014316,True,5
court:90056358,court,910/16373/18,2020-06-16,140843,28839bec0f8521faa75f0c6164cbf570,True,141
court:9010448,court,9/195-09,2009-12-17,13656,e42c0295bd1a31ed9815688664d73366,True,14
court:9020669,court,27-88-08/4151-38/401,2009-12-07,20856,eb2b97a4d1bbb833b92abc792f1f167b,True,21
court:90229535,court,920/890/19,2020-07-05,44370,128b55cefb9111a5d9bbd992cad96e23,True,44
court:90257164,court,910/21751/16,2020-07-06,19717,e47f92dd4291f1ffdaa9ee150dd65d02,True,20
court:90360785,court,908/540/19,2020-06-16,39908,62bafd74571751afd9dd1a1f90697436,True,39
court:90387490,court,910/16728/19,2020-07-09,41532,c273694fc08f26af990f31669416cda5,True,42
court:90410031,court,447/1451/18,2020-07-13,30242,1b7ca4e0252b49dae025ae695043f4c8,True,30
court:90438423,court,903/274/20,2020-07-14,82971,51b7f4de2c9920554db3b7db6805d557,True,83
court:90438426,court,903/74/20,2020-07-14,78466,50901b2bccb45997e21b2dad444b7038,True,78
court:90488099,court,910/10201/19,2020-07-19,90490,8e92c8f731da92601b028e0d774da51f,True,91
court:90590784,court,826/9485/17,2020-07-22,19171,b2a4ff6bd6cd508f9ffa8f67624e8f92,True,19
court:90617251,court,910/14493/18,2020-07-23,5176,8cc8443eda9cdd999ea3ff878371e5cb,True,5
court:90846192,court,910/15541/19,2020-07-28,79463,90a0404618ed7a25250eb36a79fef1af,True,80
court:90854764,court,911/50/20,2020-07-28,56736,54d4654c8f666425cb70a81c60cdfd65,True,56
court:91016109,court,911/607/20,2020-08-05,81171,280bf11ea8192f902d4134bd92370090,True,81
court:91142824,court,908/540/19,2020-08-25,8676,49497b3f653c3d0b57d34c9e2d6a9d3c,True,9
court:91192656,court,920/890/19,2020-08-27,8352,56245a916f9e937afcc9860679409371,True,8
court:91240039,court,903/74/20,2020-08-26,68984,3551b2919fdf3308e60f280deed49577,True,68
court:91339841,court,910/2327/20,2020-08-26,80026,1914096708e1d113abfbdf284132ebe5,True,80
court:91402365,court,910/2433/20,2020-08-26,84695,00e4bd25aa69810c2efd055b4a398a5d,True,85
court:91402368,court,910/2324/20,2020-08-26,83458,598ce9b952ebbf4264ce327aded4cf0d,True,84
court:91402372,court,910/2547/20,2020-08-26,82201,32ac568b8f1db93dfd6e934705d52330,True,82
court:91402374,court,910/2301/20,2020-08-26,89007,b1e9d8c286119ea565a9e046752c4bf7,True,89
court:91497146,court,915/118/20,2020-09-03,53669,48c3717099169823faecfb5ee2b0451f,True,54
court:91720217,court,903/274/20,2020-09-15,84646,fd0e0a1dc70091bf9268492a03008287,True,84
court:91746738,court,910/485/19,2020-09-06,45732,c1749b19b9c92d9a4520703f571d7a6e,True,46
court:91746739,court,910/2319/20,2020-09-08,85172,36d39965cd07424c1a44b7eb8d4d145f,True,85
court:91746740,court,910/2418/20,2020-09-08,90639,94ab5b0cd7b140d9a9109078fea285c3,True,91
court:91784242,court,910/2203/20,2020-09-08,85205,738f1106763182efe58f4d3d0ddacfde,True,86
court:91784244,court,910/2317/20,2020-09-08,84699,7814547047bce4b9d562cec43473199e,True,85
court:91784529,court,911/3204/19,2020-08-11,23942,04a69a6f8444d341f0e90b95b2f679a5,True,24
court:91807616,court,910/2420/20,2020-09-08,92307,5cc0740c690ccaede5748fb057d57598,True,93
court:91970895,court,910/16728/19,2020-09-21,42149,f678d5a145a6fd2ce1a97ac82b7c46f3,True,42
court:91971885,court,910/2124/20,2020-09-24,87947,16918f461dd7325118d05a7898e09ce1,True,88
court:91972303,court,910/2303/20,2020-09-24,89846,395e8f2d399b794c6a16dfc2a999e92b,True,90
court:91973254,court,920/890/19,2020-09-30,47718,d8480e3cb5f851d74af796aa91884a0d,True,47
court:91973266,court,908/540/19,2020-09-30,67484,3f34ca084e986b0db16703cd7d95277c,True,66
court:92003804,court,910/2315/20,2020-09-24,85352,a50fc99a870f097e0c1d67a0a7224d88,True,86
court:92003824,court,910/2329/20,2020-09-24,102157,d7bce5fddae2ce1d3bef78454833d45c,True,103
court:92003830,court,910/2305/20,2020-09-24,100847,992448ec5f2867fd6cdaffadfd6d1b1e,True,101
court:92171526,court,910/14493/18,2020-10-06,5476,8566208e8a371179241082bf5168c1ec,True,6
court:92192911,court,910/4185/20,2020-09-30,59915,d112d2db7681a0efc0834fd2c05d1cbe,True,60
court:92251512,court,910/2310/20,2020-10-04,115028,9d0d3ecb6e3ca8184dd53416764e5c7f,True,115
court:92251513,court,910/2318/20,2020-10-04,108652,0a3aae52d2ff2a9a5e5584a723aa6843,True,109
court:92256024,court,917/113/20,2020-10-12,16675,f741e3a5d484afce79d85c999249e1e0,True,16
court:9229272,court,7/78-1477,2010-03-29,22519,be1806176582c58d0d8f6ea67a174f66,True,22
court:9236196,court,18/50,2010-04-25,18456,8547614c8311dab954d9d5ee831e2c4d,True,19
court:92438807,court,910/2330/20,2020-10-15,86789,bac102384a2104d96cdd3678f238e497,True,87
court:92470391,court,910/2419/20,2020-10-07,143556,c9e3d690f32b521a9fb9ced977469842,True,144
court:92470392,court,910/2321/20,2020-10-07,124345,57ad8f6100a7f474fab4bebb9d6f9184,True,125
court:92470397,court,910/2306/20,2020-10-07,114851,68153267e33816be16c2ee7dfd259b27,True,115
court:92470398,court,910/2311/20,2020-10-07,117752,8862a3453664ac55b0b4668e849657b0,True,118
court:92470425,court,910/7535/20,2020-10-07,55746,cb9619c94c247b13fef2135c5c178b3e,True,56
court:92675315,court,916/1294/17,2020-10-29,81830,b4e0256f60019cb47d20b409b4959158,True,81
court:92918200,court,914/1310/20,2020-11-16,21140,3a1d1e24dac6fde6047d45ecb1c9e1de,True,21
court:92991412,court,910/4801/20,2020-11-04,119999,9e3405c81fa8aef6e472633745e7a95b,True,120
court:92991415,court,910/4799/20,2020-11-04,109575,a85f15fc8a9d1c24ac95d0b7c233501e,True,110
court:93070182,court,910/702/17,2020-11-03,72522,b68b119311740148ea59cecddac1dd0e,True,72
court:93101048,court,910/2320/20,2020-11-16,101702,cd0316f90edf9cca123b78201855cb80,True,102
court:93191328,court,910/1106/20,2020-11-02,89537,fadc23ee4dc2ff55805b8609cde7b568,True,89
court:9324013,court,18/1529,2009-11-04,44945,b689d04c7b199a9307f862c45d33f377,True,45
court:9324025,court,18/1528,2009-11-04,50245,a1ed1e09764274630f0b7bdc461abb8a,True,50
court:93295347,court,910/14493/18,2020-11-24,79847,c265d97d3d0cdebdbc200d6969886b33,True,80
court:93295910,court,922/2567/20,2020-11-22,50685,3af06adb9d9fc408195a49c60c0e4ccb,True,51
court:93397615,court,904/4227/20,2020-11-29,58748,7538ee68aada24b8a65636aec6372a20,True,59
court:93399289,court,903/74/20,2020-12-07,49833,3b4cba64b005548433b7b53e4e3fd945,True,50
court:93399290,court,903/274/20,2020-12-07,41276,3667d601d3b242819fcc1b40b47fb431,True,41
court:93533302,court,910/16881/20,2020-12-09,5182,c0a3d83f44d3af9d6d84f5d9ba720ff8,True,5
court:93657862,court,910/5033/20,2020-12-02,80070,6bb407927c53518c5383ec8d71f3fb30,True,80
court:93741670,court,910/18136/20,2020-12-20,7033,cf8f537d391a5ae588ad362252c2fea3,True,7
court:93828037,court,922/2661/20,2020-12-20,41781,aa65b6470d233882828128a191d0e098,True,41
court:94019236,court,918/379/20,2020-12-22,45600,fceea046648ccde922fae802c47e3676,True,46
court:94064793,court,916/2586/20,2020-12-27,86829,70ebef2d06f97e7e13b584c7e307e5f3,True,87
court:94125496,court,140/16872/20,2021-01-13,36152,5c93d796670cf4a38928324a3548b792,True,36
court:94176560,court,140/16674/20,2021-01-14,36187,e19d6aaccdb1700a586cc4e63e04e446,True,36
court:94193953,court,922/2835/20,2021-01-10,63324,de658f2890a02832756b7959d1883e07,True,63
court:94224866,court,927/791/18,2021-01-11,99975,b1ca93a00e2541ddf77d2ed1d8234b6a,True,99
court:94258352,court,910/18136/20,2021-01-17,7892,7c370a790a1e354726872fceca529091,True,8
court:94488738,court,910/16881/20,2021-01-20,20282,1d070235c440785155c76849642535c5,True,20
court:94550676,court,911/3204/19,2021-01-20,29820,8539eebbc707bc30c3f8089c9eef738c,True,30
court:9457640,court,12/143,2010-04-05,12067,65bd212b107e5b840dc4689c9c712cb9,True,12
court:94589623,court,922/2567/20,2021-01-31,53727,ec3de3a5555d9693e18b34d8c5b8b1fc,True,52
court:94655907,court,910/15766/20,2021-01-26,28156,b0e03716ad1ecb5a8e0f00c9639c819b,True,28
court:94694269,court,910/485/19,2021-01-18,55279,1974c3258a9556742287c842a81ae7db,True,55
court:94695518,court,910/18136/20,2021-02-07,18390,7efd810749bb8d56a9b25b6ae27e9a70,True,19
court:94696457,court,910/16728/19,2021-02-03,51339,6d7decdda6e1f513977c5129a13e7769,True,51
court:94863136,court,910/4185/20,2021-02-09,47558,f12c3caea49681f93a949cf649ae54ae,True,48
court:94864167,court,910/2313/20,2021-01-25,99080,d4c88ab26f80332056377ea231cf62d8,True,99
court:94864172,court,910/2312/20,2021-01-25,97570,8c8cdb29fbd32588f76348f31f443ef4,True,98
court:94897654,court,140/16873/20,2021-02-14,34578,da900ae65dfe86ffc0e93b27c1dc442a,True,35
court:94931706,court,922/2724/20,2021-02-04,67525,33dc4b9d35f09941b33524fb87f017ec,True,67
court:94999508,court,910/1106/20,2021-02-17,60838,2c27bda16c45f27bc977261c8ff0c383,True,59
court:95131188,court,910/17310/19,2021-02-01,131531,6afd38e1e9d2f96d43a1c0c3bf04e2a7,True,132
court:95197758,court,914/1310/20,2021-02-15,32802,c577c53d71445a84e6d019e72abc33ff,True,32
court:95303174,court,917/113/20,2021-02-21,62249,07508936ea4415d76146dfad48fe6cb2,True,62
court:9533107,court,14/633,2010-02-02,30311,13b78aacc141265f9ca6d333d3dbab63,True,31
court:95343077,court,910/3214/21,2021-03-04,8477,1441d722800b57bf8ee99ce7cfbbf1c1,True,9
court:95343080,court,910/3300/21,2021-03-04,7467,85671b5e1df01aef23dde66d053694b9,True,8
court:95343083,court,910/3347/21,2021-03-04,6914,c0b1d58a6d6118dee1c2777ce9b20591,True,7
court:9535544,court,9/195-09нр,2010-05-19,40594,130afb9e3f7afb441f93e63193272cab,True,41
court:95431870,court,904/4227/20,2021-02-24,147410,8a78869f57ae7e341c7e23d528489c68,True,148
court:95500066,court,922/2724/20,2021-03-14,9355,8d77d73a7bf22fb4abf21d6996e8ff6c,True,9
court:95501291,court,910/3313/21,2021-03-08,7133,c343f925c426443b6b3454703dcddc70,True,7
court:95501297,court,910/3433/21,2021-03-10,7127,32af681d63487ad85a7a82d9ca7bea9d,True,7
court:95501301,court,910/3498/21,2021-03-10,7119,c1ea05a017e7ff314589c475f2140211,True,7
court:95501304,court,910/3480/21,2021-03-10,7109,8ddd7fa3cbb3b995880b595c4d46babd,True,7
court:95566290,court,910/11579/18,2021-02-28,136126,a32e5ba04f721e62ac1d97cbe9c15d59,True,136
court:9580262,court,15/59-10,2010-05-19,36499,370818048fc99ac2cba960386be3247b,True,37
court:95806771,court,922/2835/20,2021-03-21,46775,92ce6ffdfb1fa48c7dae181a33618b54,True,46
court:95808155,court,910/15384/20,2021-03-10,50303,709881f86849221d33e7ef3a27547568,True,51
court:95937838,court,910/14493/18,2021-03-17,61454,4f7cb49e3578ffcdc13c26e16190a07c,True,62
court:96241696,court,922/2724/20,2021-04-12,10043,9dbf23a360515ed9d5533d70d2647f02,True,9
court:9625647,court,2а-3390/10/0570,2010-04-26,23976,bcaa86cedc2a82760abf26b3a87507ed,True,24
court:96341215,court,910/20850/20,2021-04-05,65615,e0c7a753df7159268e4b07dc1c5f52f8,True,66
court:96447678,court,910/3300/21,2021-04-18,10446,8617b33b504fc8cfd65161120bcab16d,True,11
court:96447683,court,910/3214/21,2021-04-18,11425,ffb52713a31101bd50e3adfda9936994,True,11
court:96447693,court,910/3347/21,2021-04-18,10200,de3dfbf4825512c5d29adefd686592bf,True,10
court:96820114,court,911/607/20,2021-03-14,87242,6d7fe48bfe196b47f589a02fff4172ab,True,87
court:96821309,court,910/3433/21,2021-05-10,6204,3202ae63c535c25a119a52d29a3bc1a0,True,6
court:96821310,court,910/3313/21,2021-05-10,6074,8a377e1de660f9a5b48f045ba9ef50f2,True,6
court:96866278,court,140/16872/20,2021-05-12,32272,ebdb8c1934c901b00f7cde3faa490c42,True,33
court:96926329,court,910/17572/20,2021-05-16,25575,6f4b0046d833326d292d96d57f594a17,True,26
court:96997493,court,910/3300/21,2021-05-16,6356,08a41d245247e93e1ec8c011f1cd4ddd,True,6
court:96997496,court,910/3347/21,2021-05-16,6238,8ec4db8b0b5b9b4419e24d351cbce73a,True,6
court:96997607,court,910/3214/21,2021-05-16,18719,c42868538e33d73e60b8feae1ca16d83,True,19
court:97216484,court,922/2724/20,2021-05-19,48649,2c9e4d836c7ee7c7b1b470bd51ba6405,True,48
court:97217671,court,914/2667/20,2021-05-18,53946,db51262b14c4140a96ac09539f8c12f6,True,54
court:97283037,court,915/40/21,2021-05-05,95354,f057ecf4d57d4ed997bb5fb91e2879ac,True,95
court:97312958,court,910/11579/18,2021-05-25,154852,5138a99736b88c6488f905fa4c327b4c,True,155
court:97312960,court,910/11579/18,2021-05-25,154861,5138a99736b88c6488f905fa4c327b4c,False,0
court:97312961,court,910/11579/18,2021-05-25,154861,5138a99736b88c6488f905fa4c327b4c,False,0
court:97314573,court,915/41/21,2021-05-06,91448,d45243184609cfd1b3c875c6d8160966,True,92
court:97350260,court,910/4185/20,2021-05-31,29829,2a5d031fcc7e2f3e42311a0beafc8468,True,30
court:97384312,court,910/15384/20,2021-05-18,43844,2219435d55215a692cec57aeeea72c58,True,44
court:97492500,court,910/15766/20,2021-05-24,42426,cec5a9616a3ba15419e7d2c5ecff6d4b,True,42
court:97564933,court,140/16873/20,2021-06-09,29395,526da8df4c59e6eb77c91ca21b46ad1e,True,30
court:97854754,court,911/3204/19,2021-06-22,34523,2c957b209ed0aef8a8c5a9a96e30f724,True,34
court:97961199,court,910/1925/21,2021-06-21,23642,4010eaa4f0e7fde2cece0f6c32b97f0d,True,24
court:97999018,court,910/3214/21,2021-06-21,12475,24f639959f03abec5305b320d19ea94c,True,13
court:98042490,court,904/4227/20,2021-06-30,51438,ca42eb7e435ae405581e806ce8f56770,True,51
court:98104216,court,911/489/21,2021-06-23,61215,b4b5612eb45a3f25c9fd2aefd832f6b9,True,61
court:98169630,court,914/969/21,2021-06-28,28474,06a050e47be14ff649b364af26de86a1,True,28
court:98201830,court,910/12464/18,2021-05-24,77991,d04f8bbcd310dd15168e1f5c6e0a2c42,True,78
court:98326097,court,910/2767/21,2021-07-05,25766,08c7c97c6d27f5c75d0c058942f0e3c4,True,26
court:98360155,court,910/17897/20,2021-06-16,114103,ddb249d77a008810560a765d74fa9f13,True,115
court:98361225,court,910/14493/18,2021-07-14,59519,2854e2fe0c793d8e3b306bbd6e636225,True,58
court:98361226,court,916/2586/20,2021-07-14,57520,a188a52afe9f277cd49e9c45b5df26de,True,57
court:98390222,court,910/1109/21,2021-07-05,50083,269840b8ae19725eb656f1cc5cc11be8,True,50
court:98453178,court,910/3480/21,2021-07-19,6567,3ec5d1646523025d9e1a959fd5181cf2,True,7
court:98453179,court,910/3498/21,2021-07-19,6533,c8f9d2193e3422fe1e5fa68ca607d6eb,True,7
court:98453180,court,910/3433/21,2021-07-19,6224,9ecaae1889b922db06478375b24451b8,True,6
court:98453181,court,910/3313/21,2021-07-19,6217,a4d061670f82a09333b43afb73fac892,True,6
court:98558978,court,910/508/21,2021-07-18,168103,dfc9cac50e414c48a841c922ca9a63ec,True,168
court:98583471,court,910/3359/21,2021-07-06,20230,62e43d008b7cd46b0795c49e6be3d07a,True,20
court:98606032,court,910/3435/21,2021-07-22,25619,fbe771e5f28600de3a2a4015711206d6,True,26
court:98606047,court,910/3449/21,2021-07-22,24054,1dc25f902e4e75fe130dbabe97f75a16,True,24
court:98876998,court,946/6499/21,2021-08-09,19243,2b9c4aca31bddb17a4db01477368c3cd,True,20
court:98877000,court,946/6500/21,2021-08-08,19229,4b2d0d523c5702e83a72959618b62e27,True,20
court:98944209,court,910/2352/21,2021-08-03,76255,f0754fbca2d0f85d6fb1170cc4fd843e,True,76
court:99036039,court,910/8043/21,2021-08-10,19326,3abdbd06f5c2bca43b5fb6c91ad95219,True,19
court:99036276,court,910/3497/21,2021-08-11,30929,c2a2cf3e2d962a2aa56da2c88779731d,True,31
court:99121421,court,910/2767/21,2021-08-16,6853,1ee19da798ed5cea0f12df840a575251,True,7
court:99123884,court,931/466/21,2021-08-19,9022,92c8c551d4c6495154bc416c13ce0e9c,True,9
court:99185663,court,306/1353/21,2021-08-24,17567,16bbc15721d9f5ac4e36f46de5801ddd,True,18
court:99206456,court,296/6425/21,2021-08-19,9279,bd2a6b5aded53f99893e42d208d21969,True,10
court:99206457,court,296/6422/21,2021-08-19,9278,7e699354d4ec8a64dcfc3bbf646eba9c,True,10
court:99364768,court,697/1512/21,2021-09-01,14390,7d53775742f0f280f6ee89369dcc9cea,True,15
court:99382871,court,910/3320/21,2021-08-31,21945,1c89b62b24939c92db9b1e6b124bab59,True,22
court:99473299,court,910/8155/21,2021-09-01,31124,7ac5107f66a5bf261c72cc7745feedc6,True,31
court:99561734,court,459/2488/21,2021-09-12,20372,5cad9979007f10cb0ce108975bd46981,True,21
court:99644295,court,915/40/21,2021-09-15,38769,1578fb2e512e7baffb8d242e5d7a4ecf,True,38
court:99736504,court,154/2982/21,2021-09-20,20825,c138a1e048da62c8ebb8fe840f1fff33,True,21
court:99744629,court,697/1513/21,2021-09-19,13975,840497a2f883a28f49ceece26a94698e,True,14
court:99779593,court,154/3020/21,2021-09-21,19902,d89497b519cf273f73ae2a5a85a51951,True,20
court:99887802,court,910/8032/21,2021-09-21,24521,1fe42176b7a1328d4a05443f8f91f8f5,True,25
court:99999200,court,910/8230/21,2021-09-20,58867,7ba9e23825410b57ea8d477d6f5e64fe,True,59
